# flutter_face_scan baked face
mtllib model.mtl
o face
v -0.00045170928933657706 -0.02927914448082447 0.058519650250673294
v -0.0005415341584011912 -0.03254484385251999 0.059124331921339035
v -0.0003498418955132365 -0.025622380897402763 0.05867132171988487
v -0.00028136136825196445 -0.022729182615876198 0.059844836592674255
v -0.00023439568758476526 -0.020417897030711174 0.06152849271893501
v -0.00018327744328416884 -0.018143387511372566 0.0664835050702095
v -0.00012345070717856288 -0.01481129601597786 0.07270579785108566
v -0.00007840256148483604 -0.010744503699243069 0.07518788427114487
v -0.000023174274247139692 -0.005017213057726622 0.07534130662679672
v 0.000021689291315851733 0.0003073784173466265 0.07298949360847473
v 0.0000497784094477538 0.004902374465018511 0.07026482373476028
v 0.000059354228142183274 0.00920277088880539 0.06755267828702927
v 0.00005357525878935121 0.013453450985252857 0.06470372527837753
v 0.000045400629460345954 0.017841726541519165 0.06188037618994713
v 0.000032755982829257846 0.02175533026456833 0.05903911590576172
v 0.000008858984983817209 0.03003326803445816 0.05334589257836342
v 0.0000021727400962845422 0.03397465497255325 0.05235004797577858
v -0.000009049437721841969 0.04092247039079666 0.052739646285772324
v -0.000017754011423676275 0.04948998615145683 0.05250503867864609
v -0.00002223226874775719 0.05898929387331009 0.05038090795278549
v -0.0000388848566217348 0.09062586724758148 0.036742836236953735
v -0.0005998949054628611 -0.035555966198444366 0.05966588854789734
v -0.000608585134614259 -0.03842344507575035 0.058502618223428726
v -0.0006182276993058622 -0.04065011814236641 0.05578133836388588
v -0.0006174672162160277 -0.04130851849913597 0.05214482173323631
v -0.0006925236084498465 -0.04142436757683754 0.053625401109457016
v -0.0006892365636304021 -0.044058043509721756 0.05524392053484917
v -0.0006617448525503278 -0.046898044645786285 0.05563410371541977
v -0.0006169879925437272 -0.0502474270761013 0.05508670583367348
v -0.0005593814421445131 -0.052533239126205444 0.05309690907597542
v -0.0005137434345670044 -0.05456636846065521 0.05143486708402634
v -0.00045352629967965186 -0.05686641111969948 0.04971203953027725
v -0.0003973851853515953 -0.06002287194132805 0.04874937981367111
v -0.00034778687404468656 -0.06302860379219055 0.04845983162522316
v -0.0002844706759788096 -0.06720125675201416 0.04843677207827568
v -0.00019498409528750926 -0.0730561912059784 0.0478103831410408
v 0.00002027888513111975 0.025814097374677658 0.05605880171060562
v -0.00016007450176402926 -0.01700056903064251 0.06949982792139053
v -0.00020712178957182914 -0.01913578435778618 0.06385768204927444
v -0.07498069852590561 0.036461424082517624 -0.017219213768839836
v -0.02574824169278145 0.018033204600214958 0.040963880717754364
v -0.0292724147439003 0.017460530623793602 0.041162557899951935
v -0.032874658703804016 0.01741735264658928 0.04107114300131798
v -0.04242592304944992 0.01808001846075058 0.03615008294582367
v -0.04015420377254486 0.017705664038658142 0.03806423023343086
v -0.03670068830251694 0.017572617158293724 0.04002651944756508
v -0.0467308834195137 0.02222861349582672 0.032438360154628754
v -0.022669879719614983 0.01883583888411522 0.0406576432287693
v -0.020093347877264023 0.02003549225628376 0.04058363661170006
v -0.014086553826928139 0.013655554503202438 0.046423930674791336
v -0.032771818339824677 0.0314021036028862 0.04395689070224762
v -0.028958521783351898 0.031749166548252106 0.04410535469651222
v -0.02544289454817772 0.03165668621659279 0.043180324137210846
v -0.04047757014632225 0.02959129773080349 0.04128706827759743
v -0.03652230650186539 0.030751261860132217 0.04304440692067146
v -0.043265726417303085 0.028226222842931747 0.03913165256381035
v -0.04571925476193428 0.02626163139939308 0.035891689360141754
v -0.07239418476819992 0.011308979243040085 -0.026247290894389153
v -0.03445906192064285 -0.05163925513625145 0.038444697856903076
v -0.038613460958004 -0.05303564667701721 0.03541584685444832
v -0.04402732849121094 -0.054776985198259354 0.029370088130235672
v -0.056846484541893005 -0.04469040781259537 0.015741832554340363
v -0.024489983916282654 -0.03396366909146309 0.04844691976904869
v -0.026954930275678635 -0.03098221868276596 0.0469912588596344
v -0.030071623623371124 -0.027987774461507797 0.045432817190885544
v -0.026668787002563477 -0.023423800244927406 0.046046674251556396
v -0.010705607943236828 -0.01625291258096695 0.05710936337709427
v -0.01219081599265337 -0.014175240881741047 0.059093136340379715
v -0.011173018254339695 -0.015137833543121815 0.05753972753882408
v -0.011136827990412712 -0.012570252642035484 0.0577005036175251
v -0.008229870349168777 -0.02903101034462452 0.057629432529211044
v -0.007715562358498573 -0.01257647480815649 0.06734693050384521
v -0.005721231456845999 -0.011012946255505085 0.0654996931552887
v -0.004156182520091534 -0.01479598693549633 0.06409531086683273
v -0.004172098822891712 -0.013668568804860115 0.06278441101312637
v -0.0037985534872859716 -0.016126172617077827 0.06512472778558731
v -0.004959720652550459 -0.018727296963334084 0.06014932692050934
v -0.006433161906898022 -0.016721436753869057 0.059811875224113464
v -0.006708574015647173 -0.015091579407453537 0.05888664722442627
v -0.01058724895119667 -0.011978869326412678 0.0610063374042511
v -0.011826219037175179 -0.01317003183066845 0.06206412985920906
v -0.009813928045332432 -0.012645070441067219 0.06447610259056091
v -0.01268294733017683 -0.010864869691431522 0.06482713669538498
v -0.004237024113535881 -0.029002267867326736 0.05871770903468132
v -0.019925089552998543 -0.0341995432972908 0.051156576722860336
v -0.0163246039301157 -0.031639665365219116 0.05350719019770622
v -0.01161044742912054 -0.02570200338959694 0.05491718277335167
v -0.01021181233227253 -0.01788485422730446 0.05587752163410187
v -0.007555495947599411 -0.025181801989674568 0.05719044804573059
v -0.012369693256914616 -0.030102474614977837 0.0557345375418663
v -0.004425983875989914 -0.03170125558972359 0.05916352570056915
v -0.008549923077225685 -0.03200611099600792 0.058065567165613174
v -0.00448589026927948 -0.03446542099118233 0.05931524187326431
v -0.0045888349413871765 -0.040262408554553986 0.05505506694316864
v -0.00868124421685934 -0.03482719138264656 0.05766652524471283
v -0.007593775633722544 -0.04006471112370491 0.053906749933958054
v -0.012372435070574284 -0.03588087484240532 0.05543448403477669
v -0.010708614252507687 -0.040134672075510025 0.051854852586984634
v -0.012403699569404125 -0.03321853280067444 0.0560237281024456
v -0.016073372215032578 -0.03469368442893028 0.05352736636996269
v -0.019317669793963432 -0.036514367908239365 0.050846461206674576
v -0.0232376866042614 -0.03633686155080795 0.04857712984085083
v -0.021876703947782516 -0.03788258880376816 0.04838068410754204
v -0.017986932769417763 -0.04106026887893677 0.04547034576535225
v -0.020603235810995102 -0.03947863355278969 0.04771037772297859
v -0.013423989526927471 -0.040462661534547806 0.04995550215244293
v -0.015760311856865883 -0.04090549051761627 0.0477001816034317
v -0.018458770588040352 -0.038446951657533646 0.0500623881816864
v -0.015702588483691216 -0.03729453682899475 0.05269089713692665
v -0.030789680778980255 -0.05027015507221222 0.04030250757932663
v -0.02575661987066269 -0.047626420855522156 0.04312526807188988
v -0.028098098933696747 -0.049027763307094574 0.041779424995183945
v -0.03040136769413948 -0.055716078728437424 0.03856689855456352
v -0.03346427157521248 -0.058462176471948624 0.03587773069739342
v -0.028295207768678665 -0.06297291815280914 0.037289440631866455
v -0.02353738434612751 -0.049810949712991714 0.04397965595126152
v -0.019711697474122047 -0.04973336681723595 0.04653371125459671
v -0.020895080640912056 -0.04327850416302681 0.045350342988967896
v -0.023918665945529938 -0.046140268445014954 0.04414452239871025
v -0.02205558493733406 -0.048045843839645386 0.045194584876298904
v -0.01968023180961609 -0.044259753078222275 0.046642184257507324
v -0.016439421102404594 -0.04137519374489784 0.04788427799940109
v -0.01811901666224003 -0.04517390578985214 0.04809489846229553
v -0.01891206204891205 -0.047450099140405655 0.04767726734280586
v -0.002523147501051426 -0.017444802448153496 0.06600633263587952
v -0.006521206349134445 -0.013199059292674065 0.06977822631597519
v -0.003933728206902742 -0.014303895644843578 0.07167606055736542
v -0.0049206847324967384 -0.010701061226427555 0.07375844568014145
v -0.008106667548418045 -0.010374589823186398 0.07102035731077194
v -0.005278406664729118 -0.005147765390574932 0.07379567623138428
v -0.0730593279004097 0.04693598300218582 -0.009380332194268703
v -0.03433682769536972 0.08609146624803543 0.029547955840826035
v -0.052982933819293976 0.028605593368411064 0.029475364834070206
v -0.01665596291422844 0.007206421345472336 0.04688271880149841
v -0.01707441918551922 0.010372994467616081 0.044737305492162704
v -0.013483348302543163 0.006966488901525736 0.05136264115571976
v -0.013077965937554836 0.0033943450544029474 0.05358944088220596
v -0.01432671956717968 -0.005788416136056185 0.060624610632658005
v -0.01857350766658783 0.0006374993245117366 0.046744752675294876
v -0.016323300078511238 -0.005207213573157787 0.049855563789606094
v -0.01617797091603279 -0.010009106248617172 0.059264056384563446
v -0.014202287420630455 -0.00824192725121975 0.06296704709529877
v -0.014444185420870781 -0.01250447053462267 0.06109340488910675
v -0.016027644276618958 -0.007311181165277958 0.05764131247997284
v -0.016014331951737404 0.0037137544713914394 0.04877170920372009
v -0.01943165808916092 0.004208757076412439 0.04518702253699303
v -0.020047474652528763 0.007784679532051086 0.04357393831014633
v -0.030336396768689156 -0.01949339732527733 0.04510702192783356
v -0.03381674736738205 -0.02488006465137005 0.04438388720154762
v -0.03815394639968872 -0.020987046882510185 0.04253021627664566
v -0.034466423094272614 -0.014648234471678734 0.0435674786567688
v -0.03905057534575462 -0.008141566999256611 0.04046360403299332
v -0.04654990881681442 -0.006127487402409315 0.0361107662320137
v -0.04417527839541435 0.0013689096085727215 0.03618345037102699
v -0.038174308836460114 0.0005668506491929293 0.038829073309898376
v -0.04966716468334198 0.0033543878234922886 0.032536864280700684
v -0.004977849777787924 -0.00034028393565677106 0.07158060371875763
v -0.004740050993859768 0.012160979211330414 0.06325659155845642
v -0.004781148862093687 0.01641768030822277 0.06041871756315231
v -0.024018988013267517 0.05030962824821472 0.049607791006565094
v -0.013891948387026787 0.010503753088414669 0.0489642359316349
v -0.0329626202583313 0.03873828053474426 0.04560672119259834
v -0.05084618553519249 0.04498688504099846 0.034974124282598495
v -0.03805074468255043 0.037989292293787 0.04417554289102554
v -0.04746296629309654 0.03459610790014267 0.03811284154653549
v -0.05085725709795952 0.03209179639816284 0.03382075950503349
v -0.05585380271077156 0.029070522636175156 0.026170630007982254
v -0.06938774883747101 0.05716067925095558 -0.002546325558796525
v -0.012594318948686123 0.03443721681833267 0.04684065654873848
v -0.021912792697548866 0.03054041787981987 0.04237084835767746
v -0.020558541640639305 0.03729211911559105 0.04663161560893059
v -0.019540952518582344 0.029275553300976753 0.04142181575298309
v -0.027319487184286118 -0.042628753930330276 0.04351124167442322
v -0.02903331071138382 -0.04279116913676262 0.04338450729846954
v -0.031080009415745735 -0.04271019995212555 0.04298584163188934
v -0.034722380340099335 -0.042172621935606 0.04153851419687271
v -0.038502663373947144 -0.04145574942231178 0.039969950914382935
v -0.04252903535962105 -0.03986611217260361 0.03762473165988922
v -0.0614129863679409 0.008100122213363647 0.019414326176047325
v -0.04083165153861046 -0.02767721377313137 0.040949370712041855
v -0.03674113750457764 -0.030526185408234596 0.04296203702688217
v -0.03247275575995445 -0.03344947472214699 0.044220082461833954
v -0.02953040786087513 -0.03501946106553078 0.04559137672185898
v -0.027187779545783997 -0.036946624517440796 0.04653388261795044
v -0.02568337321281433 -0.03820496052503586 0.04654023051261902
v -0.02403103932738304 -0.039431337267160416 0.04621044173836708
v -0.02258303575217724 -0.04036524519324303 0.045736201107501984
v -0.01992347091436386 -0.04126344993710518 0.04400969669222832
v -0.025986915454268456 -0.04243653267621994 0.04364129528403282
v -0.02145741879940033 -0.041478414088487625 0.04319970682263374
v -0.02432943694293499 -0.042138997465372086 0.043797608464956284
v -0.027625370770692825 -0.05353967845439911 0.040677472949028015
v -0.025393273681402206 -0.05154915526509285 0.04245046526193619
v -0.024006597697734833 -0.05631324276328087 0.04192914813756943
v -0.020789960399270058 -0.051808010786771774 0.04522518813610077
v -0.022251466289162636 -0.05388403683900833 0.04368504136800766
v -0.0260459017008543 -0.059234872460365295 0.03986654430627823
v -0.04758695885539055 0.040963415056467056 0.03912792727351189
v -0.05176983028650284 0.03801845386624336 0.03472619876265526
v -0.05490066111087799 0.040689919143915176 0.02989334613084793
v -0.05756961554288864 0.03575000539422035 0.02518380805850029
v -0.05451145023107529 0.03421289473772049 0.030089853331446648
v -0.016808539628982544 -0.012767183594405651 0.054298948496580124
v -0.015194525010883808 -0.013675826601684093 0.05810517817735672
v -0.016510166227817535 -0.014045456424355507 0.0518762469291687
v -0.02355656400322914 -0.02708493173122406 0.04798034206032753
v -0.014853028580546379 -0.014985465444624424 0.05625312030315399
v -0.026834463700652122 0.03872624784708023 0.04666147008538246
v -0.06983964145183563 -0.020998161286115646 -0.026174208149313927
v -0.0315713994204998 0.05028781294822693 0.046869583427906036
v -0.03890930116176605 0.04972027242183685 0.04351842403411865
v -0.04369939863681793 0.08229360729455948 0.024371296167373657
v -0.051909029483795166 0.07740602642297745 0.0184122733771801
v -0.06480299681425095 0.06361889839172363 0.0052062757313251495
v -0.07003188878297806 0.032385483384132385 -0.000007448434644174995
v -0.06720040738582611 0.04068562015891075 0.005735184531658888
v -0.06412221491336823 0.050372164696455 0.01094796322286129
v -0.05908655375242233 0.05665495619177818 0.018185336142778397
v -0.04663044214248657 0.06668422371149063 0.029524173587560654
v -0.038712240755558014 0.06994069367647171 0.03499710187315941
v -0.030135927721858025 0.07260937988758087 0.03924298658967018
v -0.06401019543409348 0.03996066749095917 0.012430424802005291
v -0.06065380573272705 0.046614911407232285 0.018038302659988403
v -0.056271687150001526 0.052887845784425735 0.02366936020553112
v -0.043754156678915024 0.06120995432138443 0.03456530719995499
v -0.03613995388150215 0.06367600709199905 0.039442457258701324
v -0.02799706533551216 0.06543790549039841 0.043191999197006226
v -0.060987357050180435 0.03815528005361557 0.01846812106668949
v -0.057897280901670456 0.044070854783058167 0.023588452488183975
v -0.05363169685006142 0.04950724169611931 0.029050521552562714
v -0.04156059771776199 0.0561404712498188 0.03882776200771332
v -0.03419608250260353 0.05795225501060486 0.04309850186109543
v -0.02635377086699009 0.05906505510210991 0.04655124247074127
v -0.017648158594965935 0.05937609449028969 0.04902112856507301
v -0.05942893400788307 0.02945692464709282 0.021099330857396126
v -0.06073106825351715 0.023312732577323914 0.01810324937105179
v -0.06655052304267883 0.031086603179574013 0.008136128075420856
v -0.004521337803453207 -0.03812411054968834 0.057626016438007355
v -0.008124127984046936 -0.03807881101965904 0.05611632391810417
v -0.011634514667093754 -0.03849821165204048 0.053923942148685455
v -0.014368118718266487 -0.039478596299886703 0.051163449883461
v -0.017055736854672432 -0.04026512801647186 0.0486932098865509
v -0.018938934430480003 -0.04089115932583809 0.046594664454460144
v -0.02089936099946499 -0.04112229123711586 0.04517396539449692
v -0.022604025900363922 -0.04176649451255798 0.043883416801691055
v -0.019926249980926514 -0.04200195148587227 0.045557525008916855
v -0.017305497080087662 -0.04288989305496216 0.048170313239097595
v -0.015703566372394562 -0.040978625416755676 0.04692596569657326
v -0.01734411157667637 -0.04136146605014801 0.04529118910431862
v -0.020938940346240997 -0.0414726585149765 0.041952747851610184
v -0.01968914084136486 -0.04088487848639488 0.041962843388319016
v -0.01789694093167782 -0.0405617393553257 0.043631378561258316
v -0.015457420609891415 -0.04044695943593979 0.045634061098098755
v -0.01265675574541092 -0.040557801723480225 0.047799620777368546
v -0.009768487885594368 -0.04056166484951973 0.049478717148303986
v -0.006881056819111109 -0.04083285108208656 0.0508221760392189
v -0.003845121944323182 -0.04099833965301514 0.051785487681627274
v -0.005984109360724688 -0.06717172265052795 0.047826137393713
v -0.005104497540742159 -0.05995320528745651 0.048426851630210876
v -0.0049282549880445 -0.05708928778767586 0.04944021627306938
v -0.004795697517693043 -0.05439624562859535 0.05129412189126015
v -0.004813691135495901 -0.05230487138032913 0.05291103571653366
v -0.004919340834021568 -0.04975328966975212 0.05464160814881325
v -0.004743129946291447 -0.046576451510190964 0.05516180396080017
v -0.0046319859102368355 -0.04361075535416603 0.0548771508038044
v -0.004294408485293388 -0.041096512228250504 0.05318488925695419
v -0.011514030396938324 -0.06645636260509491 0.046144574880599976
v -0.0099027706310153 -0.05937866121530533 0.047653187066316605
v -0.009438669309020042 -0.05649556592106819 0.04892924055457115
v -0.009105375967919827 -0.05397249758243561 0.05066537484526634
v -0.008958590216934681 -0.051753971725702286 0.05224665254354477
v -0.009106478653848171 -0.049181535840034485 0.05363905057311058
v -0.00886310450732708 -0.04594156891107559 0.05394371598958969
v -0.008629010058939457 -0.04300805181264877 0.0536586157977581
v -0.007771927863359451 -0.04090745747089386 0.052248988300561905
v -0.013709594495594501 -0.040725573897361755 0.04884866997599602
v -0.014566723257303238 -0.04161224141716957 0.04963981360197067
v -0.015248646028339863 -0.043690167367458344 0.0500095933675766
v -0.01593722403049469 -0.04629436507821083 0.04994139447808266
v -0.016282442957162857 -0.04898262023925781 0.0494486503303051
v -0.016812361776828766 -0.051463864743709564 0.04810149222612381
v -0.01740230992436409 -0.0027509378269314766 0.04802468791604042
v -0.01667276956140995 -0.06491336971521378 0.04394664242863655
v -0.014506171457469463 -0.058071378618478775 0.04652566835284233
v -0.01378175150603056 -0.0553986132144928 0.04796038940548897
v -0.0132748456671834 -0.053046129643917084 0.04951905086636543
v -0.012942921370267868 -0.05060642585158348 0.05109627544879913
v -0.012950055301189423 -0.04792768135666847 0.051985785365104675
v -0.012453827075660229 -0.044817809015512466 0.052079249173402786
v -0.012094288133084774 -0.042231328785419464 0.05170859396457672
v -0.011040917597711086 -0.040752261877059937 0.05074528604745865
v -0.021163033321499825 -0.030694935470819473 0.05022302269935608
v -0.016930410638451576 -0.010455329902470112 0.050597794353961945
v -0.0038168327882885933 -0.025606408715248108 0.05861270800232887
v -0.01677541993558407 -0.011301015503704548 0.05672021955251694
v -0.07075034081935883 -0.0114665562286973 -0.025496095418930054
v -0.016479244455695152 -0.026465490460395813 0.05199747532606125
v -0.014006112702190876 -0.016546571627259254 0.05462648347020149
v -0.016982650384306908 -0.008856330998241901 0.05498937517404556
v -0.012964754365384579 -0.00014623216702602804 0.055881399661302567
v -0.004702086094766855 0.007933247834444046 0.06600584834814072
v -0.013619954697787762 -0.0033526162151247263 0.05837337672710419
v -0.004801521077752113 0.0038826940581202507 0.06882210820913315
v -0.014945881441235542 -0.0025992998853325844 0.05238274484872818
v -0.01528235524892807 0.00037274055648595095 0.05055437237024307
v -0.018636222928762436 -0.04150265455245972 0.04384458065032959
v -0.019054461270570755 -0.04131389409303665 0.045073676854372025
v -0.006807685364037752 -0.020778225734829903 0.05763426423072815
v -0.013319231569766998 -0.01794113963842392 0.052685901522636414
v -0.02002255618572235 -0.02268216758966446 0.048377182334661484
v -0.023253249004483223 -0.018904132768511772 0.04617106914520264
v -0.026489289477467537 -0.014703446999192238 0.04534849151968956
v -0.01639106683433056 -0.015049397014081478 0.049898963421583176
v -0.017535651102662086 -0.01028847973793745 0.048293713480234146
v -0.019705038517713547 -0.00657335389405489 0.04642036557197571
v -0.01635250262916088 -0.007065949495881796 0.05237050727009773
v -0.01537593174725771 -0.0051319110207259655 0.055039457976818085
v -0.021486248821020126 -0.0026683711912482977 0.045249179005622864
v -0.02279774658381939 0.0013641949044540524 0.04387110471725464
v -0.023494113236665726 0.005375211127102375 0.04235493391752243
v -0.02962650917470455 -0.009900039061903954 0.04421135410666466
v -0.03204697370529175 -0.0043661752715706825 0.04229345545172691
v -0.03248989209532738 0.001630819053389132 0.04034918174147606
v -0.0034649570006877184 -0.02230965346097946 0.05940033867955208
v -0.002868418348953128 -0.019827047362923622 0.061021167784929276
v -0.0171642005443573 -0.010506168007850647 0.05338599532842636
v -0.04316122084856033 0.036740854382514954 0.04166458919644356
v -0.03596370294690132 0.04403209686279297 0.04582802951335907
v -0.02900838293135166 0.04387287050485611 0.048013538122177124
v -0.021977942436933517 0.043277159333229065 0.049922022968530655
v -0.05870244652032852 0.07169494032859802 0.012186332605779171
v -0.05347666144371033 0.062287647277116776 0.023907488211989403
v -0.05055293068289757 0.057423874735832214 0.029452217742800713
v -0.048104263842105865 0.05320928245782852 0.03432824835181236
v -0.045487452298402786 0.04777204617857933 0.03951513394713402
v -0.04225003719329834 0.04287221282720566 0.04291236028075218
v -0.017575997859239578 -0.05372799187898636 0.04662742465734482
v -0.018668992444872856 -0.05612701177597046 0.04513166844844818
v -0.01996985450387001 -0.05886029452085495 0.043598517775535583
v -0.015456169843673706 -0.061147306114435196 0.04526425525546074
v -0.02147521823644638 -0.062251701951026917 0.041780970990657806
v -0.023356325924396515 -0.0665825679898262 0.03965386748313904
v -0.0182039812207222 -0.0696025863289833 0.04237852245569229
v -0.012788095511496067 -0.07160212099552155 0.04516392946243286
v -0.006773846223950386 -0.07273679971694946 0.04729100689291954
v -0.010479959659278393 -0.06264065206050873 0.04682626202702522
v -0.005407550372183323 -0.06305094063282013 0.04800593852996826
v -0.006217604503035545 0.034165967255830765 0.05071191117167473
v -0.014530251733958721 0.04150880128145218 0.051084548234939575
v -0.016008611768484116 0.049641482532024384 0.05145273730158806
v -0.018887601792812347 0.06598836928606033 0.04608338698744774
v -0.020398994907736778 0.07373516261577606 0.042540036141872406
v -0.023566748946905136 0.08887667953968048 0.03341296687722206
v -0.05608254671096802 0.011822017841041088 0.024629537016153336
v -0.05319216474890709 -0.00390792079269886 0.030637288466095924
v -0.056887753307819366 0.01797095499932766 0.02238948829472065
v -0.04455834627151489 0.0188349150121212 0.03402538225054741
v -0.017195379361510277 0.02686222828924656 0.04074455425143242
v -0.015919959172606468 0.023624928668141365 0.04072654992341995
v -0.009325851686298847 0.027507811784744263 0.04691411927342415
v -0.005275871604681015 0.029269635677337646 0.05167454481124878
v -0.00808523315936327 0.013612129725515842 0.05751984193921089
v -0.008791155181825161 -0.0019146525301039219 0.06850306689739227
v -0.00847113598138094 0.0018247925909236073 0.06585905700922012
v -0.008045224472880363 0.009606797248125076 0.060240596532821655
v -0.008188560605049133 0.005640309303998947 0.06304840743541718
v -0.0080224284902215 0.022044608369469643 0.050975918769836426
v -0.008041365072131157 0.017704596742987633 0.054363980889320374
v -0.01084586139768362 0.010338746942579746 0.054301902651786804
v -0.010656321421265602 0.006520132068544626 0.056930601596832275
v -0.010711216367781162 0.017559407278895378 0.048422545194625854
v -0.010883325710892677 0.014115862548351288 0.05159363895654678
v -0.00892183929681778 -0.005877489224076271 0.07055748999118805
v -0.011682949960231781 -0.006878234911710024 0.06658624857664108
v -0.010632000863552094 -0.009869053959846497 0.06773633509874344
v -0.06182398647069931 0.016186246648430824 0.017371241003274918
v -0.07138217240571976 -0.0016283474396914244 -0.025278747081756592
v -0.0497908815741539 0.011128846555948257 0.030244894325733185
v -0.04621003940701485 0.00842507928609848 0.03329823538661003
v -0.04186088219285011 0.006916970480233431 0.03597976639866829
v -0.03702462092041969 0.0063491277396678925 0.0378798246383667
v -0.03230772167444229 0.006751279346644878 0.039245691150426865
v -0.02790304832160473 0.007918423973023891 0.04028104618191719
v -0.02402816340327263 0.009343056939542294 0.04107620567083359
v -0.0207174401730299 0.011153227649629116 0.041869692504405975
v -0.0176920834928751 0.01335825864225626 0.04270893707871437
v -0.014507356099784374 0.016285471618175507 0.043929602950811386
v -0.0048827859573066235 0.020739424973726273 0.057021234184503555
v -0.05176009610295296 0.014986490830779076 0.02745206095278263
v -0.054160166531801224 0.00641620671376586 0.02818801812827587
v -0.059729836881160736 -0.0009329308522865176 0.023355813696980476
v -0.06373631209135056 -0.03202420473098755 0.007777749560773373
v -0.05400671064853668 -0.062175825238227844 -0.004828490782529116
v -0.020918425172567368 -0.041412562131881714 0.04136909916996956
v -0.021268999204039574 -0.04146093130111694 0.04322381690144539
v -0.022642524912953377 -0.04143010079860687 0.04414563253521919
v -0.024333540350198746 -0.041194841265678406 0.04460141062736511
v -0.02562895230948925 -0.040890201926231384 0.044874049723148346
v -0.02712736837565899 -0.040508631616830826 0.0448136180639267
v -0.028887998312711716 -0.039855655282735825 0.044850125908851624
v -0.03120504692196846 -0.0389227569103241 0.044210344552993774
v -0.034176141023635864 -0.037556324154138565 0.042863521724939346
v -0.0386340506374836 -0.036354873329401016 0.04115746170282364
v -0.04252040013670921 -0.034105584025382996 0.03903020918369293
v -0.019819336012005806 -0.04155566170811653 0.04288111999630928
v -0.02020445466041565 -0.04145511984825134 0.04399488493800163
v -0.021295906975865364 -0.04202939569950104 0.04454564303159714
v -0.02254682406783104 -0.04275725036859512 0.044198859483003616
v -0.025770965963602066 -0.04442194476723671 0.04326163977384567
v -0.027318838983774185 -0.04516792297363281 0.04284286871552467
v -0.029986253008246422 -0.04609265923500061 0.04199385270476341
v -0.033309079706668854 -0.04666857793927193 0.04071180522441864
v -0.03720730543136597 -0.04675917699933052 0.03900117054581642
v -0.04151886701583862 -0.04647484049201012 0.03626639023423195
v -0.046696022152900696 -0.04551876708865166 0.03178603574633598
v -0.05294360965490341 0.01953151822090149 0.025756416842341423
v -0.045942433178424835 0.020483050495386124 0.03280101343989372
v -0.046522803604602814 0.02478305995464325 0.03408850356936455
v -0.05344844236969948 0.024138180539011955 0.02647676318883896
v -0.05695226415991783 0.023875104263424873 0.022669892758131027
v -0.00715663842856884 0.04081539809703827 0.052225276827812195
v -0.007910494692623615 0.04960651695728302 0.052304305136203766
v -0.008735048584640026 0.05932718887925148 0.05008070543408394
v -0.009353912435472012 0.06569515913724899 0.04767942801117897
v -0.010141170583665371 0.07383456081151962 0.04443998262286186
v -0.011826300993561745 0.09026651829481125 0.03589519113302231
v -0.01834910362958908 0.021467193961143494 0.04064295068383217
v -0.004814566113054752 0.024681223556399345 0.054372191429138184
v -0.003030969062820077 -0.01623716577887535 0.06888414919376373
v -0.004609987605363131 -0.014714290387928486 0.06758353859186172
v -0.004696352872997522 -0.013163694180548191 0.06684030592441559
v -0.004063776228576899 -0.011771985329687595 0.06568773835897446
v -0.011118021793663502 0.021025944501161575 0.04515361413359642
v -0.02761727385222912 0.003322464879602194 0.04136431962251663
v -0.02692393586039543 -0.0014430043520405889 0.04300716891884804
v -0.025294199585914612 -0.006040434818714857 0.04453057423233986
v -0.0228666253387928 -0.01044837199151516 0.04559527710080147
v -0.020239269360899925 -0.014807254076004028 0.04643479362130165
v -0.01725488342344761 -0.018442252650856972 0.0483422726392746
v -0.014103073626756668 -0.020955704152584076 0.051564622670412064
v -0.01044408418238163 -0.0212843157351017 0.0546049103140831
v -0.008160346187651157 -0.017264917492866516 0.05810801684856415
v -0.008524717763066292 -0.0156400166451931 0.05775855854153633
v -0.009075813926756382 -0.011428682133555412 0.06315755099058151
v -0.011735883541405201 -0.0038628887850791216 0.06459449231624603
v -0.011124306358397007 -0.0007448057876899838 0.06220531463623047
v -0.010737652890384197 0.0028027885127812624 0.059558555483818054
v -0.04257030785083771 -0.01689845323562622 0.039677802473306656
v -0.04550355300307274 -0.02456093020737171 0.03774786740541458
v -0.046923838555812836 -0.03133407235145569 0.035734329372644424
v -0.04712478071451187 -0.03821364790201187 0.03379921615123749
v -0.04907047003507614 -0.014534221962094307 0.03465520590543747
v -0.050352297723293304 -0.02214665897190571 0.03328746557235718
v -0.051202721893787384 -0.02888597548007965 0.0313563272356987
v -0.055460892617702484 -0.02093418687582016 0.02787119336426258
v -0.05481332913041115 -0.012796617113053799 0.0290206391364336
v -0.06028614565730095 -0.012094119563698769 0.022410176694393158
v -0.05995851755142212 -0.020606104284524918 0.021609947085380554
v -0.0662231370806694 0.014048178680241108 0.010413534939289093
v -0.0659618154168129 0.005363652016967535 0.011628405191004276
v -0.06193128228187561 -0.029224125668406487 0.014866549521684647
v -0.060336217284202576 -0.039858002215623856 0.011234511621296406
v -0.05976584926247597 -0.05401813983917236 -0.013659610413014889
v -0.06548523902893066 -0.00395563431084156 0.013000798411667347
v -0.06850849837064743 -0.006544815376400948 0.0036931391805410385
v -0.06742564588785172 -0.015632424503564835 0.0045753950253129005
v -0.0713660717010498 0.02256797067821026 -0.002990098437294364
v -0.07462203502655029 0.024478301405906677 -0.022723043337464333
v -0.06578785181045532 -0.024230025708675385 0.005690432153642178
v -0.06463529169559479 -0.013518801890313625 0.013709137216210365
v -0.0633867084980011 -0.022065022960305214 0.014006364159286022
v -0.06922834366559982 0.003297237679362297 0.003248184686526656
v -0.0693616196513176 0.012746438384056091 0.003827954176813364
v -0.06834186613559723 0.022563524544239044 0.004920256324112415
v -0.06340381503105164 0.03043305315077305 0.014305180869996548
v -0.06547139585018158 0.022358184680342674 0.011250069364905357
v -0.05912241339683533 -0.02738596871495247 0.021061448380351067
v -0.05179046839475632 -0.04937909170985222 0.022615283727645874
v -0.05190719664096832 -0.042567212134599686 0.026121770963072777
v -0.05184432864189148 -0.03613616153597832 0.02901606634259224
v -0.056318748742341995 -0.03917386010289192 0.02014598622918129
v -0.055891845375299454 -0.03384901583194733 0.02448471449315548
v -0.05959348380565643 -0.03483875095844269 0.017283271998167038
v -0.055676285177469254 -0.02764975279569626 0.02607320435345173
v -0.058400772511959076 -0.03201988711953163 0.020949073135852814
v -0.0024175718426704407 -0.018457479774951935 0.0633351281285286
v -0.004041731357574463 -0.017344409599900246 0.06261318176984787
v -0.005258683115243912 -0.01584607921540737 0.06173045188188553
v -0.00537834782153368 -0.01427709311246872 0.060788266360759735
v 0.07490059733390808 0.036411456763744354 -0.017282716929912567
v 0.025987418368458748 0.01803668774664402 0.04095535725355148
v 0.02955843321979046 0.017456848174333572 0.041113972663879395
v 0.03318415954709053 0.017389370128512383 0.04094794765114784
v 0.04262131080031395 0.01793999969959259 0.035875264555215836
v 0.040400829166173935 0.017579631879925728 0.03782310709357262
v 0.03699014335870743 0.017496582120656967 0.03983692079782486
v 0.046833351254463196 0.02211882174015045 0.032135602086782455
v 0.022841744124889374 0.018831104040145874 0.04063741862773895
v 0.020200911909341812 0.020016590133309364 0.040521055459976196
v 0.014106149785220623 0.013637213036417961 0.04641794413328171
v 0.03315765783190727 0.03131592646241188 0.043791063129901886
v 0.029368026182055473 0.0317048504948616 0.044039756059646606
v 0.025838660076260567 0.031654417514801025 0.04321982339024544
v 0.040722183883190155 0.02946903184056282 0.0410175584256649
v 0.03684143349528313 0.030639173462986946 0.04281270503997803
v 0.04345572367310524 0.028110727667808533 0.038856204599142075
v 0.04585375636816025 0.026152363047003746 0.03560594841837883
v 0.0338626466691494 -0.05231915041804314 0.03938606381416321
v 0.03804565221071243 -0.05360286310315132 0.036198049783706665
v 0.04356461763381958 -0.05525503307580948 0.03005482442677021
v 0.05645710974931717 -0.04508374258875847 0.016202116385102272
v 0.02339169755578041 -0.034648578613996506 0.049589604139328
v 0.02600722946226597 -0.031667254865169525 0.04802572727203369
v 0.029248058795928955 -0.028589602559804916 0.04621453955769539
v 0.025919904932379723 -0.023874608799815178 0.046665310859680176
v 0.010284164920449257 -0.01644223742187023 0.05746140703558922
v 0.011880265548825264 -0.014330850914120674 0.05941137298941612
v 0.010798279196023941 -0.01531487051397562 0.05788528919219971
v 0.01081987377256155 -0.012719954364001751 0.05801275745034218
v 0.0072328257374465466 -0.029242713004350662 0.05807548761367798
v 0.0075256857089698315 -0.012649848125874996 0.06751056015491486
v 0.005501484032720327 -0.011100013740360737 0.06566791236400604
v 0.003837279975414276 -0.014876325614750385 0.06427641212940216
v 0.0038488132413476706 -0.013762102462351322 0.06298134475946426
v 0.0034677661024034023 -0.01621054671704769 0.06527538597583771
v 0.0045102485455572605 -0.01883259415626526 0.06036702170968056
v 0.006016891449689865 -0.01686377078294754 0.06006716936826706
v 0.006315965671092272 -0.01523788832128048 0.0591546855866909
v 0.01033391710370779 -0.012083753012120724 0.061263080686330795
v 0.011586918495595455 -0.013273360207676888 0.06232018396258354
v 0.00960881169885397 -0.012726450338959694 0.0646834596991539
v 0.012507853098213673 -0.0109591418877244 0.06503429263830185
v 0.003300424199551344 -0.029111210256814957 0.058941155672073364
v 0.018749095499515533 -0.03473382070660591 0.05221286043524742
v 0.015215925872325897 -0.03204301744699478 0.054355964064598083
v 0.0107724005356431 -0.025972116738557816 0.055461134761571884
v 0.009723766706883907 -0.018084298819303513 0.056249916553497314
v 0.006773602683097124 -0.025362972170114517 0.05756498500704765
v 0.011306969448924065 -0.030412355437874794 0.05638883262872696
v 0.0033313692547380924 -0.0318286307156086 0.059403810650110245
v 0.007390732876956463 -0.03224358707666397 0.05856000632047653
v 0.003277296433225274 -0.03459903970360756 0.05956928804516792
v 0.0033066612668335438 -0.04038321226835251 0.05526907369494438
v 0.007417582906782627 -0.0350826196372509 0.05821431428194046
v 0.006255840416997671 -0.040279820561409 0.05430630221962929
v 0.0110606225207448 -0.03624898940324783 0.056210435926914215
v 0.00931693334132433 -0.04046006128191948 0.05245933681726456
v 0.01120034884661436 -0.033556919544935226 0.05673807114362717
v 0.014836865477263927 -0.03514757379889488 0.05444541573524475
v 0.018037062138319016 -0.03711067512631416 0.05196034535765648
v 0.022019241005182266 -0.037065982818603516 0.049793023616075516
v 0.020573310554027557 -0.03862926736474037 0.049626000225543976
v 0.016637785360217094 -0.04172952100634575 0.046792179346084595
v 0.019230641424655914 -0.040240008383989334 0.0489884652197361
v 0.012016577646136284 -0.040891557931900024 0.05079646408557892
v 0.014370865188539028 -0.04144204407930374 0.04878011345863342
v 0.017096489667892456 -0.039083074778318405 0.0512130968272686
v 0.01436274591833353 -0.03779061883687973 0.05367499962449074
v 0.030088942497968674 -0.05099377781152725 0.041352998465299606
v 0.024749118834733963 -0.04840497300028801 0.044308580458164215
v 0.02726921997964382 -0.049796633422374725 0.04288672283291817
v 0.029865631833672523 -0.056311070919036865 0.039434365928173065
v 0.0330207534134388 -0.0589873380959034 0.036612480878829956
v 0.027909668162465096 -0.06338228285312653 0.03792208433151245
v 0.02255730703473091 -0.05048296973109245 0.04505524784326553
v 0.018610376864671707 -0.050232164561748505 0.04750405624508858
v 0.01954844407737255 -0.04395455867052078 0.04666323959827423
v 0.022756807506084442 -0.04688648506999016 0.045395378023386
v 0.0209340862929821 -0.04866680130362511 0.04632087051868439
v 0.018345162272453308 -0.044820256531238556 0.0478450246155262
v 0.015019034035503864 -0.04188033193349838 0.048913490027189255
v 0.016788268461823463 -0.045642685145139694 0.04915161058306694
v 0.017677681520581245 -0.04790697991847992 0.04870302602648735
v 0.0021542594768106937 -0.017510654404759407 0.06610804051160812
v 0.006314962171018124 -0.013260300271213055 0.06992106139659882
v 0.0036974786780774593 -0.014345227740705013 0.07176237553358078
v 0.004765535704791546 -0.010733017697930336 0.07383522391319275
v 0.007963492535054684 -0.010423383675515652 0.07114891707897186
v 0.005235839635133743 -0.0051641520112752914 0.07385414093732834
v 0.07297252118587494 0.046891309320926666 -0.00945993047207594
v 0.03425462543964386 0.08605135232210159 0.029464786872267723
v 0.05299501493573189 0.028530338779091835 0.029263265430927277
v 0.01661853864789009 0.007166364695876837 0.046909160912036896
v 0.01706063374876976 0.010337607935070992 0.04473872110247612
v 0.013484030961990356 0.006960867904126644 0.051409412175416946
v 0.013068456202745438 0.0033800629898905754 0.05367358773946762
v 0.01423101406544447 -0.00586652522906661 0.06082170456647873
v 0.018415410071611404 0.0005292686400935054 0.046822041273117065
v 0.016129733994603157 -0.005332449916750193 0.05006483942270279
v 0.015977423638105392 -0.010152221657335758 0.059544067829847336
v 0.014070487581193447 -0.0083319628611207 0.06317143142223358
v 0.014199357479810715 -0.012642727233469486 0.06137746199965477
v 0.015873024240136147 -0.007436323445290327 0.05789743363857269
v 0.015940703451633453 0.003662762464955449 0.04883800446987152
v 0.019321832805871964 0.004121085163205862 0.04521353170275688
v 0.019996801391243935 0.007720449939370155 0.04357248917222023
v 0.029648689553141594 -0.019878169521689415 0.04538802057504654
v 0.033035844564437866 -0.025353658944368362 0.04479224979877472
v 0.037385307252407074 -0.021456299349665642 0.042701683938503265
v 0.03383419290184975 -0.01504959911108017 0.04361945018172264
v 0.03854157775640488 -0.008569968864321709 0.0403825081884861
v 0.04609997197985649 -0.0066147008910775185 0.0360088013112545
v 0.04390835016965866 0.0009632031433284283 0.03607410565018654
v 0.037883881479501724 0.0002035289362538606 0.03869803622364998
v 0.04946517571806908 0.0029705266933888197 0.03245310112833977
v 0.005018400028347969 -0.0003398980188649148 0.07162341475486755
v 0.0048446208238601685 0.012179707176983356 0.06325966119766235
v 0.004869561642408371 0.01643226109445095 0.060417596250772476
v 0.023988774046301842 0.050258614122867584 0.049538593739271164
v 0.013908817432820797 0.010497450828552246 0.048978596925735474
v 0.03298619017004967 0.0386783592402935 0.04551435634493828
v 0.05079319328069687 0.04493105784058571 0.03486282750964165
v 0.03806610777974129 0.03792916238307953 0.04406338557600975
v 0.04748072847723961 0.034530144184827805 0.03795035555958748
v 0.050873685628175735 0.03202184662222862 0.033625856041908264
v 0.05582869052886963 0.029003575444221497 0.026007825508713722
v 0.06929831951856613 0.05712047219276428 -0.0026365062221884727
v 0.01263309083878994 0.0343979075551033 0.04682303965091705
v 0.022223660722374916 0.03053581900894642 0.042460449039936066
v 0.020603301003575325 0.03723854944109917 0.046588122844696045
v 0.019742770120501518 0.029248028993606567 0.04149341210722923
v 0.026113834232091904 -0.04357314482331276 0.04482680931687355
v 0.027939723804593086 -0.04372597858309746 0.04466075077652931
v 0.030088821426033974 -0.04362236335873604 0.04421308636665344
v 0.033843234181404114 -0.04306790605187416 0.042677562683820724
v 0.03766784444451332 -0.04221370443701744 0.04081156477332115
v 0.041661109775304794 -0.040510401129722595 0.0383150540292263
v 0.06130943074822426 0.007851931266486645 0.019340556114912033
v 0.03996644169092178 -0.028222130611538887 0.04130106419324875
v 0.03587767854332924 -0.031137382611632347 0.04353814199566841
v 0.031527645885944366 -0.03430211916565895 0.04529612138867378
v 0.028498651459813118 -0.03588050976395607 0.04675363004207611
v 0.026028718799352646 -0.03780733793973923 0.047775182873010635
v 0.02443499118089676 -0.039080798625946045 0.04782837629318237
v 0.02269122377038002 -0.040316324681043625 0.04754284769296646
v 0.021188924089074135 -0.04123929142951965 0.04709867015480995
v 0.018608458340168 -0.042036332190036774 0.045459456741809845
v 0.024701455608010292 -0.043376725167036057 0.04499067738652229
v 0.020197652280330658 -0.042297665029764175 0.044628534466028214
v 0.02298830822110176 -0.04306842386722565 0.045181754976511
v 0.026966530829668045 -0.054192110896110535 0.041616059839725494
v 0.024577412754297256 -0.05224822461605072 0.04346054792404175
v 0.023341143503785133 -0.0568680539727211 0.042742375284433365
v 0.019822722300887108 -0.052341707050800323 0.046156156808137894
v 0.021434511989355087 -0.0544559508562088 0.0445660836994648
v 0.025527630001306534 -0.05972068011760712 0.040608782321214676
v 0.047554969787597656 0.04090479388833046 0.03900331258773804
v 0.05173487216234207 0.03795730695128441 0.034597206860780716
v 0.054848942905664444 0.04063647612929344 0.029777325689792633
v 0.05751544609665871 0.03569340333342552 0.025066671893000603
v 0.054482195526361465 0.034150537103414536 0.029942795634269714
v 0.016485493630170822 -0.012974187731742859 0.05467067286372185
v 0.014889840967953205 -0.013858777470886707 0.05845523625612259
v 0.01611291989684105 -0.01427349355071783 0.05227392911911011
v 0.022714871913194656 -0.027594974264502525 0.04883897304534912
v 0.01448031421750784 -0.015196986496448517 0.05664072185754776
v 0.02687225304543972 0.038670819252729416 0.04659605026245117
v 0.03153803572058678 0.05023236572742462 0.0467849001288414
v 0.03886795416474342 0.04966233670711517 0.04342086240649223
v 0.043612755835056305 0.08224858343601227 0.024274295195937157
v 0.05181790515780449 0.07736116647720337 0.018308449536561966
v 0.06471335887908936 0.06357806921005249 0.0051084705628454685
v 0.06092337891459465 0.03810450807213783 0.01836630515754223
v 0.057834021747112274 0.044019393622875214 0.023480629548430443
v 0.05356951057910919 0.049457911401987076 0.028941791504621506
v 0.04150773212313652 0.05608613044023514 0.03872980177402496
v 0.03415011614561081 0.057899706065654755 0.043012071400880814
v 0.02631143480539322 0.05901968479156494 0.046482380479574203
v 0.017605604603886604 0.05934225022792816 0.04897366464138031
v 0.059373095631599426 0.029398512095212936 0.020982729271054268
v 0.060675330460071564 0.023251624777913094 0.01798735186457634
v 0.0032716270070523024 -0.03825807943940163 0.05786783620715141
v 0.006811466533690691 -0.03832336142659187 0.05660541355609894
v 0.01026628166437149 -0.03885936737060547 0.05464942380785942
v 0.012982564978301525 -0.039942625910043716 0.05208911374211311
v 0.01566453091800213 -0.04085558280348778 0.049832962453365326
v 0.017561091110110283 -0.04158154875040054 0.04787995666265488
v 0.019531337544322014 -0.04192241653800011 0.04657049477100372
v 0.021267522126436234 -0.04265191778540611 0.045278120785951614
v 0.01854492723941803 -0.04268360882997513 0.046857427805662155
v 0.017440440133213997 -0.043126627802848816 0.04793328419327736
v 0.01591743715107441 -0.04338198900222778 0.04922068119049072
v 0.01429632306098938 -0.041448384523391724 0.04792872816324234
v 0.015964409336447716 -0.0419003888964653 0.04645372927188873
v 0.019744236022233963 -0.042162731289863586 0.04342708736658096
v 0.018458636477589607 -0.04158276692032814 0.04358303174376488
v 0.01659303344786167 -0.041244182735681534 0.04509337246417999
v 0.014102711342275143 -0.04097995534539223 0.046822439879179
v 0.011279411613941193 -0.040947962552309036 0.04861269146203995
v 0.00842126552015543 -0.04083726555109024 0.05003195255994797
v 0.005569221451878548 -0.04101688042283058 0.051171377301216125
v 0.0025756768882274628 -0.04109775274991989 0.05194871500134468
v 0.005436289589852095 -0.06723467260599136 0.047964032739400864
v 0.004322025924921036 -0.06002579256892204 0.04857710748910904
v 0.004031291697174311 -0.05716395005583763 0.049595918506383896
v 0.003768768161535263 -0.054471854120492935 0.0514572337269783
v 0.0036882341373711824 -0.052381668239831924 0.0530862957239151
v 0.003685049945488572 -0.049834709614515305 0.05483212694525719
v 0.003419286571443081 -0.04665457457304001 0.05535444617271423
v 0.0032530808821320534 -0.0436897948384285 0.05507227033376694
v 0.0029086729045957327 -0.04117954894900322 0.05336896330118179
v 0.010996319353580475 -0.06658560782670975 0.04642591252923012
v 0.009124277159571648 -0.05952819064259529 0.04796626791357994
v 0.008532307110726833 -0.056650035083293915 0.04925268143415451
v 0.008073234930634499 -0.054134733974933624 0.05100918188691139
v 0.007817462086677551 -0.0519157350063324 0.05261528864502907
v 0.007863398641347885 -0.04935280233621597 0.05403135344386101
v 0.007528383284807205 -0.046115726232528687 0.05434724688529968
v 0.007234825752675533 -0.04318441450595856 0.05406072735786438
v 0.006369726732373238 -0.04107636958360672 0.052622098475694656
v 0.012285840697586536 -0.04110696539282799 0.04965898022055626
v 0.013137467205524445 -0.042015619575977325 0.050491027534008026
v 0.01387168187648058 -0.044082701206207275 0.05087336152791977
v 0.014621691778302193 -0.04667026922106743 0.05081288889050484
v 0.015074155293405056 -0.04934358969330788 0.05027346312999725
v 0.01573578640818596 -0.051842037588357925 0.04887557402253151
v 0.017210165038704872 -0.00287372013553977 0.04817396029829979
v 0.016166996210813522 -0.06513451784849167 0.04438042268157005
v 0.013713598251342773 -0.05832752212882042 0.04702376201748848
v 0.012859347276389599 -0.05565575882792473 0.048481736332178116
v 0.012227030470967293 -0.05330986902117729 0.05007306486368179
v 0.011770818382501602 -0.05086555331945419 0.05168776586651802
v 0.011677134782075882 -0.04820113256573677 0.05261393263936043
v 0.011095530353486538 -0.045100752264261246 0.0527181513607502
v 0.010675804689526558 -0.04252300038933754 0.0523451566696167
v 0.0096163060516119 -0.041023965924978256 0.05133415386080742
v 0.020159555599093437 -0.031193284317851067 0.051188115030527115
v 0.016618482768535614 -0.010653156787157059 0.05093826353549957
v 0.003087629098445177 -0.02569146268069744 0.058806683868169785
v 0.016522331163287163 -0.011476852931082249 0.05705098807811737
v 0.07071749120950699 -0.01152562815696001 -0.02547718770802021
v 0.015620562247931957 -0.026821063831448555 0.05270633101463318
v 0.013551046140491962 -0.016776731237769127 0.05504331737756729
v 0.01676671765744686 -0.009013837203383446 0.05529719218611717
v 0.01293807290494442 -0.00017885085253510624 0.05600649118423462
v 0.004812563303858042 0.0079521294683218 0.06602179259061813
v 0.01355995424091816 -0.0034116890747100115 0.05854366347193718
v 0.0048942179419100285 0.0038964536506682634 0.06885243207216263
v 0.01484396867454052 -0.002676943549886346 0.052555035799741745
v 0.015192948281764984 0.00031153071904554963 0.05067582428455353
v 0.01731165498495102 -0.04209259897470474 0.045143041759729385
v 0.01768619567155838 -0.0419878326356411 0.04636335000395775
v 0.006242645438760519 -0.020933207124471664 0.057933907955884933
v 0.012801104225218296 -0.01818147487938404 0.05311330407857895
v 0.019317489117383957 -0.023063786327838898 0.04900628700852394
v 0.0226257536560297 -0.01925847679376602 0.04662936553359032
v 0.025929871946573257 -0.015030981972813606 0.045560747385025024
v 0.015939436852931976 -0.015296141617000103 0.050302471965551376
v 0.017186181619763374 -0.010500838048756123 0.048599306493997574
v 0.01939830742776394 -0.0067694117315113544 0.04660029336810112
v 0.016152458265423775 -0.007208799943327904 0.052638471126556396
v 0.01525068748742342 -0.0052381595596671104 0.05526132881641388
v 0.021229956299066544 -0.0028417743742465973 0.04532410576939583
v 0.022605787962675095 0.0012197785545140505 0.04387563094496727
v 0.02338116429746151 0.005254622548818588 0.04232550412416458
v 0.029143689200282097 -0.010236311703920364 0.04424099996685982
v 0.03166872262954712 -0.004705469589680433 0.04220791533589363
v 0.032247431576251984 0.0013470581034198403 0.040238335728645325
v 0.002891008509323001 -0.0223817378282547 0.059566058218479156
v 0.0024046385660767555 -0.01988356001675129 0.06115325540304184
v 0.01689249649643898 -0.010693082585930824 0.05372699722647667
v 0.04317568615078926 0.036677636206150055 0.04153021425008774
v 0.03594271466135979 0.043972957879304886 0.04573100432753563
v 0.02899552695453167 0.043818503618240356 0.047934528440237045
v 0.02196304127573967 0.04322449862957001 0.049855995923280716
v 0.05860971286892891 0.07165256142616272 0.01208251528441906
v 0.0480460599064827 0.053157880902290344 0.034223005175590515
v 0.04543839767575264 0.047715894877910614 0.0394066758453846
v 0.042219266295433044 0.04281593859195709 0.042801741510629654
v 0.016628876328468323 -0.054116107523441315 0.04736623540520668
v 0.01785772107541561 -0.05653229355812073 0.045834094285964966
v 0.019297800958156586 -0.05925450101494789 0.04424702748656273
v 0.01480032317340374 -0.061388131231069565 0.04573057219386101
v 0.020955603569746017 -0.06260138005018234 0.04237237945199013
v 0.022998521104454994 -0.0668674036860466 0.040154166519641876
v 0.01786034181714058 -0.06978000700473785 0.042736444622278214
v 0.01243090070784092 -0.07170630246400833 0.04539532959461212
v 0.006387127097696066 -0.07278846949338913 0.04740338400006294
v 0.00982956774532795 -0.06278049945831299 0.047125235199928284
v 0.004731504712253809 -0.06311941146850586 0.04815199226140976
v 0.006222823169082403 0.0341474674642086 0.0506911426782608
v 0.014513668604195118 0.041470177471637726 0.051034968346357346
v 0.0159763190895319 0.049606792628765106 0.05140429735183716
v 0.02348778024315834 0.08884625136852264 0.03335123881697655
v 0.056000251322984695 0.0115988003090024 0.02449340559542179
v 0.052835430949926376 -0.004395742435008287 0.0305691659450531
v 0.05684148892760277 0.017835913226008415 0.022207137197256088
v 0.04469635710120201 0.018696803599596024 0.033721838146448135
v 0.017274906858801842 0.026809420436620712 0.0407412014901638
v 0.015948835760354996 0.023572983220219612 0.04065445438027382
v 0.009344861842691898 0.027478424832224846 0.04689668491482735
v 0.0052952393889427185 0.02925669029355049 0.051662616431713104
v 0.0081675685942173 0.013638484291732311 0.05751781538128853
v 0.008805664256215096 -0.0019199266098439693 0.0685892179608345
v 0.008535888977348804 0.0018389617325738072 0.06592348963022232
v 0.008138696663081646 0.009640499949455261 0.060254454612731934
v 0.008281213231384754 0.005669487174600363 0.063083216547966
v 0.008058568462729454 0.022030271589756012 0.05096309632062912
v 0.00810675323009491 0.017712438479065895 0.05435304716229439
v 0.010899531655013561 0.010360529646277428 0.05431761220097542
v 0.010709589347243309 0.006541506852954626 0.056971609592437744
v 0.01074694748967886 0.017542993649840355 0.048408687114715576
v 0.010935844853520393 0.014125154353678226 0.051589902490377426
v 0.008870081976056099 -0.005906430538743734 0.07066258043050766
v 0.011600379832088947 -0.006929527036845684 0.06673545390367508
v 0.01049399096518755 -0.009937227703630924 0.06789788603782654
v 0.06175905838608742 0.01605255715548992 0.017262287437915802
v 0.07134170085191727 -0.0016870935214683414 -0.025275306776165962
v 0.049727004021406174 0.010906025767326355 0.03008708544075489
v 0.04612363129854202 0.008163570426404476 0.033172886818647385
v 0.0417441725730896 0.006637273356318474 0.03585793450474739
v 0.036888379603624344 0.006091175135225058 0.03775326535105705
v 0.03219049423933029 0.006547827273607254 0.03913603723049164
v 0.027825381606817245 0.007782211527228355 0.04021463915705681
v 0.02399398386478424 0.009266707114875317 0.04104391485452652
v 0.020716557279229164 0.01110717561095953 0.04186331480741501
v 0.017709560692310333 0.013327906839549541 0.042702674865722656
v 0.014525961130857468 0.016253232955932617 0.043909672647714615
v 0.004948697052896023 0.020741207525134087 0.057015758007764816
v 0.051721926778554916 0.014804535545408726 0.027223510667681694
v 0.05401761084794998 0.006098540034145117 0.028109580278396606
v 0.05949591472744942 -0.0013427255908027291 0.02330467663705349
v 0.05401210859417915 -0.06232617795467377 -0.00465654069557786
v 0.01976233534514904 -0.04209353029727936 0.042935051023960114
v 0.020015975460410118 -0.042295780032873154 0.04466625303030014
v 0.021278388798236847 -0.04231930896639824 0.045569393783807755
v 0.0229486096650362 -0.042130954563617706 0.045998383313417435
v 0.024288680404424667 -0.04184253141283989 0.046231772750616074
v 0.025876034051179886 -0.0414591021835804 0.04612667113542557
v 0.027734767645597458 -0.04079592227935791 0.0461203008890152
v 0.030153322964906693 -0.039865974336862564 0.04542851075530052
v 0.033212821930646896 -0.03850249573588371 0.044007692486047745
v 0.03774890676140785 -0.037087731063365936 0.04189334064722061
v 0.04160779342055321 -0.03474574163556099 0.03959619626402855
v 0.01854531653225422 -0.042200230062007904 0.04428191855549812
v 0.01887565851211548 -0.0421975776553154 0.0453767292201519
v 0.019937878474593163 -0.04281321540474892 0.04592035338282585
v 0.02120605856180191 -0.04356388747692108 0.045582737773656845
v 0.024588773027062416 -0.0452902615070343 0.04457644373178482
v 0.02625088207423687 -0.04603920504450798 0.04411028325557709
v 0.029087040573358536 -0.046929266303777695 0.04318614676594734
v 0.03252620995044708 -0.04747248813509941 0.041825998574495316
v 0.036482106894254684 -0.04748676344752312 0.03992826119065285
v 0.040770530700683594 -0.047091469168663025 0.03703610226511955
v 0.045979566872119904 -0.04607688635587692 0.032498493790626526
v 0.052942097187042236 0.019411107525229454 0.02550080232322216
v 0.04605306684970856 0.020359734073281288 0.032488491386175156
v 0.046635717153549194 0.024676112458109856 0.03379730507731438
v 0.05346294492483139 0.024058086797595024 0.02624530903995037
v 0.05692381411790848 0.02379365637898445 0.022495105862617493
v 0.00713722500950098 0.040798697620630264 0.05220130458474159
v 0.007877219468355179 0.04958978667855263 0.052279189229011536
v 0.008691775612533092 0.05931078642606735 0.05005547031760216
v 0.011745290830731392 0.09025061130523682 0.035862550139427185
v 0.018414543941617012 0.0214343573898077 0.04054337367415428
v 0.004853797610849142 0.0246707983314991 0.05436620116233826
v 0.002725874772295356 -0.016295304521918297 0.06897510588169098
v 0.0043561384081840515 -0.014782687649130821 0.06772085279226303
v 0.004457984119653702 -0.013236986473202705 0.06699321419000626
v 0.003818484488874674 -0.01184949278831482 0.06585447490215302
v 0.011124510318040848 0.020990673452615738 0.04512643441557884
v 0.027438899502158165 0.003126857802271843 0.04129414260387421
v 0.026643460616469383 -0.0016739909769967198 0.042968135327100754
v 0.024935051798820496 -0.006290269084274769 0.04458598792552948
v 0.022433249279856682 -0.01072203554213047 0.045794498175382614
v 0.019737957045435905 -0.015092164278030396 0.046797458082437515
v 0.016681157052516937 -0.018746621906757355 0.04880848526954651
v 0.013473955914378166 -0.02123858965933323 0.052055273205041885
v 0.009819667786359787 -0.021519042551517487 0.055026374757289886
v 0.0077192639000713825 -0.017437554895877838 0.05841972306370735
v 0.008110987022519112 -0.015812845900654793 0.05806715041399002
v 0.008855141699314117 -0.011517224833369255 0.06336883455514908
v 0.011702465824782848 -0.003892941167578101 0.06472624093294144
v 0.011135620065033436 -0.0007536020711995661 0.062313150614500046
v 0.010783511213958263 0.002815426327288151 0.05963057652115822
v 0.04188035801053047 -0.017385225743055344 0.03972969949245453
v 0.04470175504684448 -0.025096440687775612 0.03796721622347832
v 0.046067871153354645 -0.03191903606057167 0.036182381212711334
v 0.0463046170771122 -0.03879387304186821 0.03439870476722717
v 0.048470355570316315 -0.015052082017064095 0.03465701639652252
v 0.049648161977529526 -0.02267572470009327 0.033425573259592056
v 0.05046192556619644 -0.029424576088786125 0.0316987968981266
v 0.05484570190310478 -0.021452151238918304 0.027952494099736214
v 0.05430557578802109 -0.01331944391131401 0.028986182063817978
v 0.05988733470439911 -0.01256787870079279 0.022364063188433647
v 0.05946523696184158 -0.02109231799840927 0.021669680252671242
v 0.06150674447417259 -0.029635261744260788 0.015120808966457844
v 0.060036543756723404 -0.040202438831329346 0.011564275249838829
v 0.07455568760633469 0.024423392489552498 -0.022768376395106316
v 0.06334155797958374 0.030378898605704308 0.01420939713716507
v 0.06541471183300018 0.022285601124167442 0.011158927343785763
v 0.05859527364373207 -0.027873797342181206 0.021301433444023132
v 0.05130719393491745 -0.0498359352350235 0.023230336606502533
v 0.05127942934632301 -0.04307382181286812 0.02670830301940441
v 0.051109641790390015 -0.036673303693532944 0.02952975034713745
v 0.05579589679837227 -0.03962570056319237 0.020597202703356743
v 0.0552409328520298 -0.034362439066171646 0.024935876950621605
v 0.05912797525525093 -0.03528814762830734 0.017662832513451576
v 0.05504361167550087 -0.028164224699139595 0.026350148022174835
v 0.057842642068862915 -0.032508786767721176 0.02132786251604557
v 0.0020032194443047047 -0.018512031063437462 0.06344811618328094
v 0.0036532876547425985 -0.017439648509025574 0.0627942755818367
v 0.0048800501972436905 -0.01596347987651825 0.061943650245666504
v 0.005014683585613966 -0.014402827247977257 0.06101979687809944
v -0.06848057359457016 -0.02875792421400547 -0.025253547355532646
v -0.0655866488814354 -0.040616150945425034 -0.022319648414850235
v 0.047486454248428345 -0.06867856532335281 0.0037748210597783327
v 0.040734488517045975 -0.07363031059503555 0.01094439160078764
v 0.03330674022436142 -0.07807766646146774 0.017331132665276527
v 0.027077265083789825 -0.08155247569084167 0.022832559421658516
v 0.021882444620132446 -0.08387055993080139 0.027331767603754997
v 0.01809254288673401 -0.08536618947982788 0.030003301799297333
v 0.013615704141557217 -0.08658397942781448 0.03237243369221687
v 0.007181153632700443 -0.0877613052725792 0.034209541976451874
v -0.00722551392391324 -0.08774718642234802 0.03419843316078186
v -0.013635444454848766 -0.08656696230173111 0.03234618529677391
v -0.01809549704194069 -0.08534462004899979 0.029957745224237442
v -0.02187221311032772 -0.08384572714567184 0.02726016379892826
v -0.02705509401857853 -0.08152174949645996 0.022719761356711388
v -0.033301692456007004 -0.07801742851734161 0.017143458127975464
v -0.04074249789118767 -0.07353349030017853 0.010725082829594612
v -0.04749370366334915 -0.06855077296495438 0.003571122419089079
v -0.029414158314466476 -0.07724509388208389 0.027043122798204422
v -0.03579689934849739 -0.07327152043581009 0.022211695089936256
v -0.043074801564216614 -0.06861021369695663 0.016841012984514236
v -0.05003824084997177 -0.0632011890411377 0.010391030460596085
v -0.05629859119653702 -0.055804379284381866 0.003271978348493576
v -0.06165642663836479 -0.04853379353880882 -0.004763448610901833
v -0.06585419923067093 -0.038847289979457855 -0.010968843474984169
v -0.0686957985162735 -0.028379835188388824 -0.014599339105188847
v -0.07024192065000534 -0.020004909485578537 -0.016821363940835
v -0.07160186022520065 -0.009499660693109035 -0.017348088324069977
v -0.044438380748033524 -0.061294857412576675 0.02305212989449501
v -0.051009878516197205 -0.05608594790101051 0.01751117594540119
v -0.05729401856660843 -0.05036432296037674 0.010561410337686539
v -0.061821360141038895 -0.043526895344257355 0.0037481901235878468
v -0.06524257361888885 -0.0356803797185421 -0.0006618740735575557
v -0.06770852953195572 -0.02721753902733326 -0.003424120834097266
v -0.06940582394599915 -0.018195850774645805 -0.004877828061580658
v -0.07056581228971481 -0.008285203017294407 -0.005060030147433281
v -0.07159385085105896 0.0013760796282440424 -0.006179393734782934
v 0.07023825496435165 0.044455576688051224 -0.001957973465323448
v 0.0722527951002121 0.03433912992477417 -0.0074026561342179775
v 0.07330568134784698 0.023688945919275284 -0.013071488589048386
v 0.01936042495071888 -0.08269933611154556 0.034189656376838684
v -0.07337415218353271 0.023737169802188873 -0.0130101153627038
v -0.07232698053121567 0.03438325971364975 -0.007330294698476791
v -0.07031908631324768 0.044498346745967865 -0.0018733423203229904
v -0.06692341715097427 0.05290452018380165 0.0046616713516414165
v -0.0627795085310936 0.05997636914253235 0.010773371905088425
v -0.05627739056944847 0.06700063496828079 0.01824808120727539
v -0.04944195970892906 0.07203326374292374 0.024321600794792175
v -0.04137008264660835 0.07612692564725876 0.030138032510876656
v -0.03229093179106712 0.07919618487358093 0.035155728459358215
v -0.022031908854842186 0.08110147714614868 0.03879186138510704
v -0.011049218475818634 0.08166447281837463 0.04100039601325989
v -0.00003522828046698123 0.08152715116739273 0.041967716068029404
v 0.010978428646922112 0.08164747804403305 0.04096820205450058
v 0.02195979841053486 0.08106782287359238 0.038729775696992874
v 0.03221634030342102 0.07915269583463669 0.035072412341833115
v 0.04129062592983246 0.0760778859257698 0.030040733516216278
v 0.04935858026146889 0.07198485732078552 0.024216357618570328
v 0.05619112402200699 0.06695477664470673 0.01814175210893154
v 0.06269337981939316 0.05993262305855751 0.010671473108232021
v 0.06683901697397232 0.05286185070872307 0.0045662736520171165
v 0.07313335686922073 0.011536303907632828 -0.01603037305176258
v 0.07234670221805573 0.0112471804022789 -0.026269927620887756
v -0.07224231958389282 0.0002777038898784667 -0.016985347494482994
v -0.07319329679012299 0.01158996019512415 -0.01597658172249794
v 0.03571978211402893 -0.06245789676904678 0.032712675631046295
v 0.029634343460202217 -0.06725252419710159 0.0350409634411335
v 0.02437487244606018 -0.07119429111480713 0.037724819034338
v 0.019244732335209846 -0.07458336651325226 0.04072432965040207
v 0.01351331640034914 -0.07699468731880188 0.04346415400505066
v 0.00695957662537694 -0.07825887203216553 0.04538412019610405
v -0.00012531151878647506 -0.07855281233787537 0.04594016447663307
v -0.0071952370926737785 -0.07822265475988388 0.04530658200383186
v -0.013719456270337105 -0.07691287249326706 0.043299075216054916
v -0.01944453828036785 -0.07444742321968079 0.04045888036489487
v -0.02459501475095749 -0.07098111510276794 0.03734289109706879
v -0.029897507280111313 -0.06692349165678024 0.03452340140938759
v -0.036049481481313705 -0.062041301280260086 0.032103393226861954
v 0.0139843774959445 -0.08148806542158127 0.04040606692433357
v 0.007307846564799547 -0.08282356709241867 0.04207545146346092
v -0.007443842012435198 -0.0827990248799324 0.04203039035201073
v -0.014095703139901161 -0.08143046498298645 0.040305349975824356
v -0.019926192238926888 -0.07895918935537338 0.037759847939014435
v -0.02492225542664528 -0.07579827308654785 0.034811973571777344
v -0.030378291383385658 -0.07193644344806671 0.031218769028782845
v -0.03674140200018883 -0.06734050810337067 0.027510810643434525
v 0.035743772983551025 -0.07343456894159317 0.022503096610307693
v 0.02938598394393921 -0.07736378908157349 0.027249734848737717
v 0.024114513769745827 -0.0804162472486496 0.031188348308205605
v 0.013774687424302101 -0.08459336310625076 0.036639440804719925
v 0.0072482977993786335 -0.08568031340837479 0.03838886693120003
v -0.007330510765314102 -0.08566290140151978 0.03836622089147568
v -0.013829383999109268 -0.08455751836299896 0.03658897057175636
v -0.019397372379899025 -0.08263890445232391 0.03409438952803612
v -0.02413608692586422 -0.08033458143472672 0.03104959800839424
v 0.07219742238521576 0.0002211781102232635 -0.017028149217367172
v 0.07157713174819946 -0.009554089978337288 -0.017367279157042503
v 0.07023295760154724 -0.02009614184498787 -0.016842037439346313
v 0.06868172436952591 -0.028498312458395958 -0.014590773731470108
v 0.0658324733376503 -0.03900236263871193 -0.010893440805375576
v 0.06161383539438248 -0.04871363937854767 -0.004586141090840101
v 0.05619603767991066 -0.05602572113275528 0.003559184493497014
v 0.04993857443332672 -0.06341183930635452 0.010715906508266926
v 0.042987775057554245 -0.06881608068943024 0.017183788120746613
v 0.07050858438014984 -0.008392487652599812 -0.005121199414134026
v 0.07155486941337585 0.00131220615003258 -0.006244332995265722
v 0.07159242033958435 0.013109966181218624 -0.004846576601266861
v 0.07130781561136246 0.022522561252117157 -0.0030582782346755266
v 0.0699654296040535 0.03234117478132248 -0.00008406871347688138
v 0.06712760031223297 0.040641430765390396 0.005644197575747967
v 0.06404294818639755 0.050329431891441345 0.010848104022443295
v 0.059006355702877045 0.05660850554704666 0.01807962730526924
v 0.05339815467596054 0.062238648533821106 0.02380204200744629
v 0.04655655473470688 0.06663302332162857 0.02942189946770668
v 0.03864368051290512 0.06988969445228577 0.034904174506664276
v 0.0300708319991827 0.0725637897849083 0.03916499391198158
v 0.020336585119366646 0.07370208948850632 0.04248157888650894
v 0.010079422034323215 0.0738169327378273 0.04441112279891968
v -0.00003043637661903631 0.07353144884109497 0.0451863594353199
v -0.07164186239242554 0.013160986825823784 -0.004777007270604372
v 0.06346818059682846 -0.03233206644654274 0.007973680272698402
v 0.06554665416479111 -0.024505529552698135 0.0057430267333984375
v 0.06721709668636322 -0.015880731865763664 0.0045245131477713585
v 0.06838006526231766 -0.006737686228007078 0.0036049331538379192
v 0.06916074454784393 0.0031720097176730633 0.003158469684422016
v 0.06931687891483307 0.012669317424297333 0.0037461319006979465
v 0.06828916817903519 0.022509483620524406 0.004840001463890076
v 0.06648880243301392 0.031039109453558922 0.008050993084907532
v 0.06394167989492416 0.039916232228279114 0.012335109524428844
v 0.06058267503976822 0.046568334102630615 0.01793445087969303
v 0.056200653314590454 0.0528380312025547 0.023563068360090256
v 0.05048481374979019 0.057372745126485825 0.02934856340289116
v 0.04369063675403595 0.0611572228372097 0.03446588292717934
v 0.036082908511161804 0.06362403929233551 0.03935398906469345
v 0.027944134548306465 0.06539083272218704 0.04312041774392128
v 0.018837058916687965 0.06595513224601746 0.04603227972984314
v 0.00930333137512207 0.065677709877491 0.047653015702962875
v -0.000025451290639466606 0.065239816904068 0.04817529395222664
v 0.06302699446678162 -0.02245294488966465 0.014085128903388977
v 0.06434402614831924 -0.01389280240982771 0.013657876290380955
v 0.06529641896486282 -0.004273195751011372 0.012901222333312035
v 0.06586282700300217 0.005160696804523468 0.011543954722583294
v 0.06616076827049255 0.013937427662312984 0.010327552445232868
v -0.000026110996259376407 -0.08822860568761826 0.03488669544458389
v -0.00004383324630907737 -0.08619760721921921 0.038852281868457794
v -0.00007171252218540758 -0.08338431268930435 0.04253600537776947
v 0.019829634577035904 -0.07905750721693039 0.03793216124176979
v 0.024822374805808067 -0.07594520598649979 0.03507259115576744
v 0.0302464347332716 -0.07216348499059677 0.03159089386463165
v 0.03655796870589256 -0.06764192134141922 0.027974780648946762
v 0.04417450726032257 -0.0616462305188179 0.023573821410536766
v 0.05071735754609108 -0.05643795430660248 0.01801310107111931
v 0.05706210806965828 -0.05067967623472214 0.010987039655447006
v 0.06166646629571915 -0.0437774583697319 0.00402677059173584
v 0.06511504203081131 -0.03588554635643959 -0.0004839652101509273
v 0.0675961896777153 -0.027386276051402092 -0.003345056436955929
v 0.069320447742939 -0.018332824110984802 -0.004891484510153532
v 0.026344167068600655 0.021487455815076828 0.04225975275039673
v 0.02992119826376438 0.020832661539316177 0.042976222932338715
v 0.03395964205265045 0.02066531591117382 0.042720600962638855
v 0.037628449499607086 0.02107108011841774 0.04169831424951553
v 0.0406862273812294 0.021758928894996643 0.040146101266145706
v 0.04295693337917328 0.022506307810544968 0.038336917757987976
v 0.043865449726581573 0.022978313267230988 0.03744184970855713
v 0.04454640671610832 0.023339347913861275 0.03669550269842148
v 0.04503536596894264 0.023917099460959435 0.03624524176120758
v 0.0440637543797493 0.02449836954474449 0.0376439094543457
v 0.043009813874959946 0.025061119347810745 0.03897004574537277
v 0.041796568781137466 0.025686834007501602 0.04011380299925804
v 0.03959041088819504 0.02682558260858059 0.04169129580259323
v 0.03645819425582886 0.02802332676947117 0.04334726929664612
v 0.0332103930413723 0.028792088851332664 0.04437826946377754
v 0.02992921881377697 0.02920609340071678 0.04447074607014656
v 0.026996273547410965 0.029140926897525787 0.04385202378034592
v 0.024567613378167152 0.028641773387789726 0.04322810843586922
v 0.02253834530711174 0.028003834187984467 0.04217752069234848
v 0.01971566304564476 0.026266198605298996 0.04100770503282547
v 0.01720777153968811 0.023838210850954056 0.039237745106220245
v 0.019214842468500137 0.023500336334109306 0.03976214677095413
v 0.02119714580476284 0.023083506152033806 0.04042017087340355
v 0.023543229326605797 0.022322947159409523 0.041371606290340424
v -0.02603672258555889 0.021485552191734314 0.04231284558773041
v -0.02332543209195137 0.022339968010783195 0.041450489312410355
v -0.021066714078187943 0.02311999723315239 0.04053666070103645
v -0.019145114347338676 0.023548433557152748 0.03989554941654205
v -0.017170678824186325 0.023892804980278015 0.03932752460241318
v -0.019594794139266014 0.026318591088056564 0.04099206253886223
v -0.022224241867661476 0.028031697496771812 0.042053353041410446
v -0.02409493364393711 0.02865634858608246 0.04309113696217537
v -0.02639450505375862 0.02916106954216957 0.0437842421233654
v -0.029264939948916435 0.02927159145474434 0.04454607143998146
v -0.03257055953145027 0.028919730335474014 0.04460597783327103
v -0.03588559478521347 0.028182191774249077 0.0436859168112278
v -0.039104148745536804 0.026985641568899155 0.04208649322390556
v -0.04139133542776108 0.02583875134587288 0.04049675166606903
v -0.042658280581235886 0.025205234065651894 0.039335981011390686
v -0.04376866668462753 0.024637609720230103 0.03799382224678993
v -0.04477506875991821 0.024054570123553276 0.03659824654459953
v -0.0442659892141819 0.02347753755748272 0.037040725350379944
v -0.04354577884078026 0.02312447689473629 0.037788618355989456
v -0.04261558875441551 0.022647781297564507 0.03867458924651146
v -0.04031099006533623 0.021881114691495895 0.04044509306550026
v -0.03723173215985298 0.021148912608623505 0.04193832725286484
v -0.03355150669813156 0.020694630220532417 0.042887989431619644
v -0.029540862888097763 0.020830383524298668 0.043060123920440674
v 0.049680933356285095 0.020908458158373833 0.028785087168216705
v 0.048511095345020294 0.01773567497730255 0.02973146177828312
v 0.04658703878521919 0.015291208401322365 0.031848516315221786
v 0.04360949248075485 0.013567210175096989 0.034251607954502106
v 0.040236696600914 0.012997790239751339 0.03620808944106102
v 0.03651489317417145 0.012756790034472942 0.03777952864766121
v 0.032585594803094864 0.012953642755746841 0.0390307754278183
v 0.028596170246601105 0.013483046554028988 0.03989572823047638
v 0.025088392198085785 0.014387942850589752 0.04033491015434265
v 0.021990898996591568 0.015466643497347832 0.04049565643072128
v 0.019090455025434494 0.016842376440763474 0.04078012704849243
v 0.016495326533913612 0.018678026273846626 0.041215408593416214
v 0.013237143866717815 0.022571418434381485 0.04147610440850258
v 0.013128768652677536 0.02751564420759678 0.042519837617874146
v 0.01586412452161312 0.03164481744170189 0.04321451485157013
v 0.021376317366957664 0.033213626593351364 0.04388844966888428
v 0.025695040822029114 0.03404834866523743 0.04459373652935028
v 0.03042788617312908 0.034487172961235046 0.04490824416279793
v 0.03550252690911293 0.034236714243888855 0.044343456625938416
v 0.040203362703323364 0.03344478830695152 0.042575884610414505
v 0.044231537729501724 0.03188641369342804 0.03978852927684784
v 0.04678210988640785 0.029851114377379417 0.036518409848213196
v 0.04841082543134689 0.027047637850046158 0.033265940845012665
v 0.04967264086008072 0.024017713963985443 0.02998129092156887
v -0.048347316682338715 0.027131658047437668 0.033544864505529404
v -0.04961567372083664 0.024107541888952255 0.03027181886136532
v -0.04963880777359009 0.02101048082113266 0.029078036546707153
v -0.04848860576748848 0.01787094958126545 0.030027946457266808
v -0.0465560257434845 0.01544916070997715 0.032104767858982086
v -0.043560586869716644 0.013725494034588337 0.03446218743920326
v -0.04017076641321182 0.013144251890480518 0.036389850080013275
v -0.036435507237911224 0.012874201871454716 0.03792019933462143
v -0.032490964978933334 0.0130319157615304 0.039118535816669464
v -0.028490126132965088 0.013520692475140095 0.039922162890434265
v -0.02497747540473938 0.014409351162612438 0.04032604768872261
v -0.021889211609959602 0.01549016684293747 0.040487516671419144
v -0.019026389345526695 0.01687023416161537 0.04079720750451088
v -0.016462046653032303 0.018714020028710365 0.04126041382551193
v -0.013231463730335236 0.02261609025299549 0.04152422398328781
v -0.013107090257108212 0.02756033092737198 0.042542751878499985
v -0.0157946664839983 0.03168928250670433 0.04321422800421715
v -0.021232839673757553 0.033243246376514435 0.043887220323085785
v -0.02554447203874588 0.034084949642419815 0.044629380106925964
v -0.03030141443014145 0.034539107233285904 0.04499296098947525
v -0.035412486642599106 0.034301046282052994 0.04447191208600998
v -0.0401323139667511 0.03351667895913124 0.042736779898405075
v -0.04416428878903389 0.031962573528289795 0.03998490050435066
v -0.046718671917915344 0.029930420219898224 0.036755964159965515
v 0.045321427285671234 0.02231776900589466 0.03503948450088501
v 0.04461834207177162 0.021488167345523834 0.03569120541214943
v 0.04309730976819992 0.02091272734105587 0.03737810626626015
v 0.04082430154085159 0.02019157074391842 0.039258647710084915
v 0.03756563365459442 0.019627559930086136 0.04100334644317627
v 0.03357592225074768 0.019348615780472755 0.04207736998796463
v 0.02978288009762764 0.01949789933860302 0.04229598864912987
v 0.02631709724664688 0.02020137757062912 0.04183698073029518
v 0.02347862534224987 0.021128568798303604 0.04121313616633415
v 0.020956875756382942 0.02200370654463768 0.04062885791063309
v 0.018859485164284706 0.02277025207877159 0.04039934277534485
v 0.01676901988685131 0.02371002733707428 0.040348444133996964
v 0.01857586018741131 0.026566652581095695 0.041234590113162994
v 0.021150780841708183 0.028603725135326385 0.04199804738163948
v 0.023227130994200706 0.029879631474614143 0.042810216546058655
v 0.026415202766656876 0.030868560075759888 0.04370983690023422
v 0.02960878610610962 0.03094506822526455 0.044127222150564194
v 0.033103346824645996 0.030681107193231583 0.04386740177869797
v 0.03666174039244652 0.029929690062999725 0.04291931539773941
v 0.040376514196395874 0.028785282745957375 0.04124289005994797
v 0.042794618755578995 0.02728811465203762 0.0394529365003109
v 0.04439641535282135 0.026022953912615776 0.03764030709862709
v 0.045510273426771164 0.02494693361222744 0.035869255661964417
v 0.045834559947252274 0.023530948907136917 0.034740325063467026
v -0.045667700469493866 0.023652883246541023 0.03503931686282158
v -0.045329198241233826 0.02506958693265915 0.036168891936540604
v -0.04416513070464134 0.026151739060878754 0.03794841840863228
v -0.04251452162861824 0.02742423117160797 0.0397629477083683
v -0.040052272379398346 0.028925199061632156 0.04154649004340172
v -0.03626011312007904 0.030059389770030975 0.04318206384778023
v -0.03261828050017357 0.03078257106244564 0.04405241459608078
v -0.029086509719491005 0.030996263027191162 0.04419448971748352
v -0.025945080444216728 0.030875425785779953 0.043665561825037
v -0.02284834161400795 0.029884561896324158 0.04270085692405701
v -0.020896276459097862 0.028631510213017464 0.041902847588062286
v -0.018470745533704758 0.026621518656611443 0.041225261986255646
v -0.01673274114727974 0.0237633865326643 0.04042612761259079
v -0.018791809678077698 0.02281172201037407 0.04052380844950676
v -0.02082725800573826 0.022033177316188812 0.040727727115154266
v -0.023266006261110306 0.021138545125722885 0.04126879945397377
v -0.026025591418147087 0.02019510418176651 0.041869428008794785
v -0.029431769624352455 0.019496114924550056 0.04236525297164917
v -0.03320058435201645 0.019377343356609344 0.04222399368882179
v -0.03720340505242348 0.019703470170497894 0.041219599545001984
v -0.040493179112672806 0.020310338586568832 0.03952711075544357
v -0.04281426966190338 0.021054409444332123 0.03768238425254822
v -0.04440268129110336 0.02162732556462288 0.03600744530558586
v -0.0451318696141243 0.022448936477303505 0.0353509820997715
v -0.009627845138311386 -0.014725289307534695 0.05695668235421181
v 0.009228997863829136 -0.014901426620781422 0.05727861821651459
v 0.021030744537711143 -0.045411720871925354 0.04613048955798149
v 0.019550368189811707 -0.04667382687330246 0.04739350080490112
v 0.02282254956662655 -0.04445510357618332 0.045106664299964905
v -0.024106739088892937 -0.0436190590262413 0.04374894127249718
v -0.02230740152299404 -0.04472525045275688 0.0448337160050869
v -0.02080421708524227 -0.04611850157380104 0.04621569812297821
v 0.06982213258743286 -0.02108672633767128 -0.0261686984449625
v 0.0684782862663269 -0.028886819258332253 -0.0252648014575243
v 0.06560485810041428 -0.04074755311012268 -0.022318126633763313
v 0.059792496263980865 -0.0541604720056057 -0.013558989390730858
v 0.016453953459858894 -0.041924577206373215 0.04762892425060272
v -0.01785236783325672 -0.04133294150233269 0.04646066576242447
v -0.018822969868779182 -0.04254647344350815 0.04673640429973602
vt 0.5000039935112 0.44659000635147095
vt 0.5000020265579224 0.43328601121902466
vt 0.5000079870223999 0.4578360319137573
vt 0.5000100135803223 0.46743398904800415
vt 0.5000140070915222 0.4734860062599182
vt 0.5000100135803223 0.4878939986228943
vt 0.5000039935112 0.5039799809455872
vt 0.5000020265579224 0.512257993221283
vt 0.5000039935112 0.520412027835846
vt 0.5000060200691223 0.5327360033988953
vt 0.5000079870223999 0.5462179780006409
vt 0.5000039935112 0.5604559779167175
vt 0.5000039935112 0.5765740275382996
vt 0.5000020265579224 0.5942959785461426
vt 0.5000060200691223 0.6158180236816406
vt 0.4999980032444 0.6939979791641235
vt 0.49998000264167786 0.7387700080871582
vt 0.49993398785591125 0.7836179733276367
vt 0.4999859929084778 0.8243200182914734
vt 0.4999980032444 0.8509979844093323
vt 0.4999980032444 0.9627040028572083
vt 0.49999600648880005 0.4228839874267578
vt 0.4999980032444 0.41505396366119385
vt 0.5 0.4072999954223633
vt 0.5000020265579224 0.4009000062942505
vt 0.4999980032444 0.35395801067352295
vt 0.4999980032444 0.3467559814453125
vt 0.4999980032444 0.3400059938430786
vt 0.4999980032444 0.3276979923248291
vt 0.4999980032444 0.3154900074005127
vt 0.49999600648880005 0.30121999979019165
vt 0.49999600648880005 0.28470802307128906
vt 0.4999980032444 0.2641339898109436
vt 0.4999980032444 0.24575001001358032
vt 0.49999600648880005 0.22791600227355957
vt 0.49998798966407776 0.20482999086380005
vt 0.5 0.6481299996376038
vt 0.5000079870223999 0.4958460330963135
vt 0.5000119805335999 0.48010802268981934
vt 0.047680001705884933 0.7561060190200806
vt 0.33730199933052063 0.6057860255241394
vt 0.3205060064792633 0.6004279851913452
vt 0.302700012922287 0.5986980199813843
vt 0.2614560127258301 0.6147260069847107
vt 0.2721399962902069 0.6068239808082581
vt 0.28581199049949646 0.6011819839477539
vt 0.24311000108718872 0.650056004524231
vt 0.35211798548698425 0.6138579845428467
vt 0.36343398690223694 0.6237239837646484
vt 0.4123300015926361 0.6087899804115295
vt 0.2934719920158386 0.7058020234107971
vt 0.31179600954055786 0.7082740068435669
vt 0.33301401138305664 0.7058799862861633
vt 0.2659739851951599 0.6921759843826294
vt 0.2782120108604431 0.6998999714851379
vt 0.25624001026153564 0.6831160187721252
vt 0.2487020045518875 0.672573983669281
vt 0.023801999166607857 0.6553080081939697
vt 0.33895400166511536 0.3082579970359802
vt 0.3126479983329773 0.292959988117218
vt 0.27028000354766846 0.27295196056365967
vt 0.17754000425338745 0.32380998134613037
vt 0.3896059989929199 0.42552798986434937
vt 0.37338998913764954 0.4332759976387024
vt 0.3540540039539337 0.4404200315475464
vt 0.3641720116138458 0.459164023399353
vt 0.44000598788261414 0.4754660129547119
vt 0.440310001373291 0.48594599962234497
vt 0.4392000138759613 0.4804620146751404
vt 0.44685599207878113 0.48189401626586914
vt 0.46548399329185486 0.4454280138015747
vt 0.4657079875469208 0.49724000692367554
vt 0.4650920033454895 0.4930180311203003
vt 0.4745439887046814 0.48597002029418945
vt 0.4694719910621643 0.4839639663696289
vt 0.4800559878349304 0.4875500202178955
vt 0.472353994846344 0.4725680351257324
vt 0.46425798535346985 0.4730440378189087
vt 0.45881399512290955 0.4739159941673279
vt 0.44896399974823 0.48692798614501953
vt 0.44422999024391174 0.49222004413604736
vt 0.45312198996543884 0.4961099624633789
vt 0.4501419961452484 0.5036479830741882
vt 0.48315200209617615 0.44656598567962646
vt 0.4135900139808655 0.4273040294647217
vt 0.429394006729126 0.43658798933029175
vt 0.44338199496269226 0.4545060396194458
vt 0.44030600786209106 0.472245991230011
vt 0.4630559980869293 0.4573320150375366
vt 0.44806599617004395 0.4419400095939636
vt 0.4849739968776703 0.43286800384521484
vt 0.4693639874458313 0.4318299889564514
vt 0.4866180121898651 0.42230600118637085
vt 0.4880239963531494 0.4067699909210205
vt 0.4726620018482208 0.42015397548675537
vt 0.4746919870376587 0.4047420024871826
vt 0.45838800072669983 0.4163079857826233
vt 0.4618540108203888 0.4018360376358032
vt 0.45361199975013733 0.42816799879074097
vt 0.43759799003601074 0.42246997356414795
vt 0.42356398701667786 0.41524600982666016
vt 0.40233999490737915 0.4160560369491577
vt 0.4130080044269562 0.4070279598236084
vt 0.4339280128479004 0.38967204093933105
vt 0.4220220148563385 0.399448037147522
vt 0.45031800866127014 0.39810001850128174
vt 0.44093799591064453 0.3940240144729614
vt 0.4318400025367737 0.4054340124130249
vt 0.44429200887680054 0.411329984664917
vt 0.35819798707962036 0.32063400745391846
vt 0.38579198718070984 0.3412339687347412
vt 0.3733859956264496 0.3316279649734497
vt 0.35588398575782776 0.2813900113105774
vt 0.33504000306129456 0.2601499557495117
vt 0.3608739972114563 0.23656398057937622
vt 0.39461401104927063 0.3257179856300354
vt 0.4139460027217865 0.3248080015182495
vt 0.41215598583221436 0.35972702503204346
vt 0.396232008934021 0.3488140106201172
vt 0.4034219980239868 0.33604001998901367
vt 0.417508989572525 0.35186201333999634
vt 0.435140997171402 0.3575260043144226
vt 0.4260199964046478 0.34475499391555786
vt 0.4204689860343933 0.3354940414428711
vt 0.488178014755249 0.4875720143318176
vt 0.47701799869537354 0.5007500052452087
vt 0.4882180094718933 0.5029079914093018
vt 0.48662999272346497 0.5109400153160095
vt 0.47400999069213867 0.5086299777030945
vt 0.48531800508499146 0.5199919939041138
vt 0.07254999876022339 0.7953540086746216
vt 0.32540199160575867 0.928413987159729
vt 0.19568799436092377 0.6982420086860657
vt 0.4028260111808777 0.5809500217437744
vt 0.3940800130367279 0.5930020213127136
vt 0.42895400524139404 0.5795279741287231
vt 0.43409401178359985 0.5651440024375916
vt 0.4431000053882599 0.5283240079879761
vt 0.3917219936847687 0.5525379776954651
vt 0.41107600927352905 0.5333139896392822
vt 0.4333600103855133 0.5114160180091858
vt 0.4463160037994385 0.5151519775390625
vt 0.4388059973716736 0.49904000759124756
vt 0.4297719895839691 0.52497798204422
vt 0.4096420109272003 0.5684419870376587
vt 0.38354799151420593 0.5647379755973816
vt 0.37585800886154175 0.5769820213317871
vt 0.34283798933029175 0.46925801038742065
vt 0.33219000697135925 0.44841599464416504
vt 0.307235985994339 0.45854997634887695
vt 0.3188740015029907 0.48090600967407227
vt 0.2862839996814728 0.5012959837913513
vt 0.24631600081920624 0.5055739879608154
vt 0.25109198689460754 0.5366740226745605
vt 0.28289398550987244 0.5344039797782898
vt 0.22123199701309204 0.54994797706604
vt 0.4849820137023926 0.5327519774436951
vt 0.48352399468421936 0.5752459764480591
vt 0.481905996799469 0.5925099849700928
vt 0.3742299973964691 0.8161240220069885
vt 0.4224259853363037 0.5949220061302185
vt 0.3016720116138458 0.7606539726257324
vt 0.2256300002336502 0.7828180193901062
vt 0.2730500102043152 0.7588499784469604
vt 0.22637799382209778 0.7440500259399414
vt 0.20756399631500244 0.7229260206222534
vt 0.18069800734519958 0.7039600014686584
vt 0.1048939973115921 0.8292700052261353
vt 0.4300900101661682 0.7473700046539307
vt 0.35272398591041565 0.6986879706382751
vt 0.37785598635673523 0.7549880146980286
vt 0.368366003036499 0.6872320175170898
vt 0.3900040090084076 0.37570101022720337
vt 0.37734898924827576 0.3755030035972595
vt 0.3609600067138672 0.37549102306365967
vt 0.3416059911251068 0.37548601627349854
vt 0.31957200169563293 0.3754880428314209
vt 0.2973400056362152 0.37595200538635254
vt 0.15817999839782715 0.5919079780578613
vt 0.30032598972320557 0.43357396125793457
vt 0.3252680003643036 0.4263039827346802
vt 0.3466219902038574 0.42011797428131104
vt 0.36622801423072815 0.4146080017089844
vt 0.3823319971561432 0.40929996967315674
vt 0.3952980041503906 0.4034559726715088
vt 0.40614598989486694 0.39772796630859375
vt 0.4155139923095703 0.3926540017127991
vt 0.4293400049209595 0.3854559659957886
vt 0.4004870057106018 0.37571001052856445
vt 0.42451199889183044 0.37560296058654785
vt 0.40950700640678406 0.3756920099258423
vt 0.37176600098609924 0.29798001050949097
vt 0.3842650055885315 0.3126230239868164
vt 0.3887209892272949 0.27885496616363525
vt 0.40644198656082153 0.3124079704284668
vt 0.398281991481781 0.2960360050201416
vt 0.37636798620224 0.2597999572753906
vt 0.2360360026359558 0.7696419954299927
vt 0.21362200379371643 0.7555379867553711
vt 0.1998019963502884 0.7652959823608398
vt 0.1784300059080124 0.7408760190010071
vt 0.19393999874591827 0.7313200235366821
vt 0.42186999320983887 0.49859797954559326
vt 0.4332199990749359 0.49305999279022217
vt 0.41628000140190125 0.4913899898529053
vt 0.3837659955024719 0.44976603984832764
vt 0.4297559857368469 0.48768800497055054
vt 0.33524399995803833 0.7596020102500916
vt 0.004980000201612711 0.4862009882926941
vt 0.32879799604415894 0.8128679990768433
vt 0.28732600808143616 0.805616021156311
vt 0.2748039960861206 0.9114739894866943
vt 0.2275180071592331 0.8941019773483276
vt 0.14217600226402283 0.853335976600647
vt 0.10400799661874771 0.7321040034294128
vt 0.12177599966526031 0.7706969976425171
vt 0.14615799486637115 0.800583004951477
vt 0.17796899378299713 0.8245869874954224
vt 0.2558160126209259 0.8586050271987915
vt 0.3002839982509613 0.8730660080909729
vt 0.3481760025024414 0.8854159712791443
vt 0.14101800322532654 0.7603210210800171
vt 0.16654899716377258 0.7873430252075195
vt 0.1951099932193756 0.8109430074691772
vt 0.26796600222587585 0.8407220244407654
vt 0.31133800745010376 0.85316401720047
vt 0.35791000723838806 0.8623319864273071
vt 0.15954600274562836 0.7511299848556519
vt 0.18178200721740723 0.7775260210037231
vt 0.20889399945735931 0.7992280125617981
vt 0.27816998958587646 0.8242899775505066
vt 0.3208000063896179 0.834276020526886
vt 0.3663400113582611 0.8407559990882874
vt 0.41157200932502747 0.8465080261230469
vt 0.16398000717163086 0.7105640172958374
vt 0.15578800439834595 0.674884021282196
vt 0.12489400058984756 0.7242140173912048
vt 0.48761799931526184 0.4148539900779724
vt 0.47432801127433777 0.4123300313949585
vt 0.460640013217926 0.4086560010910034
vt 0.4480060040950775 0.40432798862457275
vt 0.4370560050010681 0.39927399158477783
vt 0.42849400639533997 0.3941580057144165
vt 0.4231700003147125 0.38871800899505615
vt 0.4174079895019531 0.37564700841903687
vt 0.41898301243782043 0.363677978515625
vt 0.4309689998626709 0.3525480031967163
vt 0.4398599863052368 0.36277496814727783
vt 0.4345580041408539 0.3660320043563843
vt 0.4313650131225586 0.3758609890937805
vt 0.4350239932537079 0.382860004901886
vt 0.4383459985256195 0.3864339590072632
vt 0.44409599900245667 0.3898720145225525
vt 0.4522880017757416 0.39343202114105225
vt 0.46263599395751953 0.3963359594345093
vt 0.4747619926929474 0.39855003356933594
vt 0.4883520007133484 0.40013396739959717
vt 0.473006010055542 0.2276819944381714
vt 0.4783320128917694 0.26531803607940674
vt 0.4803999960422516 0.28596198558807373
vt 0.4820860028266907 0.3023560047149658
vt 0.483568012714386 0.31631195545196533
vt 0.4848940074443817 0.32846200466156006
vt 0.48570600152015686 0.34063196182250977
vt 0.4858500063419342 0.34731799364089966
vt 0.486378014087677 0.35440999269485474
vt 0.44740399718284607 0.22884601354599
vt 0.45590999722480774 0.2678999900817871
vt 0.45959600806236267 0.28832000494003296
vt 0.4629800021648407 0.304345965385437
vt 0.4655599892139435 0.318168044090271
vt 0.46765199303627014 0.33009397983551025
vt 0.4694780111312866 0.3422499895095825
vt 0.47024598717689514 0.34861600399017334
vt 0.4717639982700348 0.3556159734725952
vt 0.44817298650741577 0.3599259853363037
vt 0.44454899430274963 0.353875994682312
vt 0.4413929879665375 0.348209023475647
vt 0.43708598613739014 0.3387089967727661
vt 0.43267399072647095 0.32761597633361816
vt 0.42760398983955383 0.3153120279312134
vt 0.4015519917011261 0.5416679978370667
vt 0.42317500710487366 0.23398399353027344
vt 0.4349859952926636 0.27342599630355835
vt 0.4395639896392822 0.29313600063323975
vt 0.44430801272392273 0.30823200941085815
vt 0.448060005903244 0.321552038192749
vt 0.45113301277160645 0.3333989977836609
vt 0.45380398631095886 0.3446589708328247
vt 0.45585599541664124 0.350849986076355
vt 0.45887601375579834 0.3575040102005005
vt 0.4010300040245056 0.44011199474334717
vt 0.4116840064525604 0.5088499784469604
vt 0.48219001293182373 0.45798999071121216
vt 0.42638400197029114 0.5057759881019592
vt 0.014809999614953995 0.5373139977455139
vt 0.4193739891052246 0.45280998945236206
vt 0.42610999941825867 0.48226797580718994
vt 0.42199599742889404 0.5184339880943298
vt 0.4376940131187439 0.5523319840431213
vt 0.48468199372291565 0.5605000257492065
vt 0.44068801403045654 0.5409340262413025
vt 0.4849579930305481 0.5462939739227295
vt 0.42278599739074707 0.546612024307251
vt 0.4169139862060547 0.5566440224647522
vt 0.4317229986190796 0.36941099166870117
vt 0.4252910017967224 0.36660999059677124
vt 0.4628399908542633 0.4655900001525879
vt 0.4241740107536316 0.4737759828567505
vt 0.3940480053424835 0.46432602405548096
vt 0.375216007232666 0.4750620126724243
vt 0.35525599122047424 0.4873800277709961
vt 0.4095480144023895 0.48343002796173096
vt 0.3993079960346222 0.5071640014648438
vt 0.38602399826049805 0.5223580002784729
vt 0.4176119863986969 0.5266280174255371
vt 0.42697998881340027 0.5372539758682251
vt 0.37400999665260315 0.5363079905509949
vt 0.3647719919681549 0.549921989440918
vt 0.35662201046943665 0.5635020136833191
vt 0.3373579978942871 0.5012760162353516
vt 0.32073599100112915 0.5193099975585938
vt 0.3104659914970398 0.5397940278053284
vt 0.4829559922218323 0.4670339822769165
vt 0.48504599928855896 0.47354400157928467
vt 0.4171060025691986 0.5094820261001587
vt 0.24749599397182465 0.7540479898452759
vt 0.2948459982872009 0.7875099778175354
vt 0.333081990480423 0.7931100130081177
vt 0.37922799587249756 0.7934200167655945
vt 0.18336600065231323 0.8749439716339111
vt 0.21455399692058563 0.8436329960823059
vt 0.22930799424648285 0.8274289965629578
vt 0.24084199965000153 0.8140640258789062
vt 0.2541379928588867 0.7959280014038086
vt 0.26423001289367676 0.7796679735183716
vt 0.4215039908885956 0.30120396614074707
vt 0.41563600301742554 0.28284597396850586
vt 0.4084460139274597 0.2636699676513672
vt 0.4297960102558136 0.2536740303039551
vt 0.3993529975414276 0.2438349723815918
vt 0.38800400495529175 0.220225989818573
vt 0.4149340093135834 0.21068400144577026
vt 0.44179999828338623 0.20623600482940674
vt 0.47024598717689514 0.20449000597000122
vt 0.4518980085849762 0.2477319836616516
vt 0.47580400109291077 0.24629801511764526
vt 0.4726119935512543 0.7403039932250977
vt 0.4278180003166199 0.7859839797019958
vt 0.4210599958896637 0.8178859949111938
vt 0.4049830138683319 0.869579017162323
vt 0.39760899543762207 0.894860029220581
vt 0.3796600103378296 0.944953978061676
vt 0.1808920055627823 0.6036679744720459
vt 0.20873799920082092 0.5172799825668335
vt 0.17430000007152557 0.6388880014419556
vt 0.2508639991283417 0.6262400150299072
vt 0.37783798575401306 0.672353982925415
vt 0.3786579966545105 0.6541900038719177
vt 0.4421299993991852 0.6748480200767517
vt 0.4780940115451813 0.6916319727897644
vt 0.465038001537323 0.5900800228118896
vt 0.47130200266838074 0.5320479869842529
vt 0.4706279933452606 0.5456420183181763
vt 0.4675520062446594 0.5736460089683533
vt 0.4694400131702423 0.5591520071029663
vt 0.4549880027770996 0.6396560072898865
vt 0.4616659879684448 0.6116639971733093
vt 0.44756799936294556 0.5868579745292664
vt 0.45133399963378906 0.5703219771385193
vt 0.4322099983692169 0.6257240176200867
vt 0.44182199239730835 0.6050140261650085
vt 0.4720959961414337 0.5192099809646606
vt 0.45915600657463074 0.5178760290145874
vt 0.4619300067424774 0.5063120126724243
vt 0.15373599529266357 0.6359720230102539
vt 0.021244000643491745 0.5915079712867737
vt 0.21418200433254242 0.5920000076293945
vt 0.23251600563526154 0.5728859901428223
vt 0.2563740015029907 0.5619159936904907
vt 0.2815999984741211 0.5579540133476257
vt 0.30603599548339844 0.5584040284156799
vt 0.3290860056877136 0.5661739706993103
vt 0.3496519923210144 0.576337993144989
vt 0.3680639863014221 0.5884900093078613
vt 0.38411200046539307 0.6033560037612915
vt 0.3995800018310547 0.6189900040626526
vt 0.48072999715805054 0.6152639985084534
vt 0.20035600662231445 0.6154800057411194
vt 0.19705800712108612 0.5734660029411316
vt 0.17185400426387787 0.5387099981307983
vt 0.13082900643348694 0.3971949815750122
vt 0.10644199699163437 0.1858140230178833
vt 0.4325520098209381 0.3796420097351074
vt 0.42650800943374634 0.38109999895095825
vt 0.4200519919395447 0.38272398710250854
vt 0.4120999872684479 0.3847219944000244
vt 0.40269801020622253 0.38721001148223877
vt 0.39195799827575684 0.3900600075721741
vt 0.37851399183273315 0.39294999837875366
vt 0.3621459901332855 0.3954399824142456
vt 0.3425759971141815 0.3988560438156128
vt 0.32121598720550537 0.40263795852661133
vt 0.2978140115737915 0.4071999788284302
vt 0.4309149980545044 0.3727259635925293
vt 0.424344003200531 0.3710520267486572
vt 0.4180139899253845 0.369704008102417
vt 0.4104450047016144 0.3678849935531616
vt 0.39226898550987244 0.36239999532699585
vt 0.3801270127296448 0.35819798707962036
vt 0.36564499139785767 0.3528349995613098
vt 0.34824201464653015 0.3468239903450012
vt 0.3272539973258972 0.34105396270751953
vt 0.30186399817466736 0.33596599102020264
vt 0.2685739994049072 0.33349597454071045
vt 0.19325999915599823 0.6421340107917786
vt 0.24438799917697906 0.6386340260505676
vt 0.24446800351142883 0.6612880229949951
vt 0.19229400157928467 0.6703100204467773
vt 0.17417000234127045 0.6728760004043579
vt 0.46676400303840637 0.7844700217247009
vt 0.4615139961242676 0.820501983165741
vt 0.4562639892101288 0.8506659865379333
vt 0.4526660144329071 0.8734980225563049
vt 0.4485650062561035 0.900734007358551
vt 0.43842801451683044 0.9578959941864014
vt 0.37244799733161926 0.6366599798202515
vt 0.47884801030158997 0.646124005317688
vt 0.48742198944091797 0.4950460195541382
vt 0.47862398624420166 0.4943920373916626
vt 0.47251400351524353 0.4925060272216797
vt 0.46865999698638916 0.4890959858894348
vt 0.41650399565696716 0.6396200060844421
vt 0.33525198698043823 0.5508739948272705
vt 0.3444080054759979 0.5352740287780762
vt 0.3566820025444031 0.51978600025177
vt 0.37073200941085815 0.504647970199585
vt 0.3854280114173889 0.4882360100746155
vt 0.40322598814964294 0.474590003490448
vt 0.4222460091114044 0.4663339853286743
vt 0.4414040148258209 0.4640920162200928
vt 0.4533439874649048 0.47071200609207153
vt 0.4502040147781372 0.4730280041694641
vt 0.4545379877090454 0.49189603328704834
vt 0.4571419954299927 0.5306640267372131
vt 0.4557479918003082 0.5438860058784485
vt 0.45429399609565735 0.5567640066146851
vt 0.27828800678253174 0.46896201372146606
vt 0.27391400933265686 0.4399639964103699
vt 0.27110201120376587 0.41274797916412354
vt 0.2696459889411926 0.3771660327911377
vt 0.24471800029277802 0.47752201557159424
vt 0.24216599762439728 0.44723403453826904
vt 0.23977600038051605 0.4167599678039551
vt 0.20925399661064148 0.4510619640350342
vt 0.2078939974308014 0.4843020439147949
vt 0.17338000237941742 0.48833799362182617
vt 0.1767980009317398 0.4496300220489502
vt 0.13037000596523285 0.6341530084609985
vt 0.1302330046892166 0.5863440036773682
vt 0.1569260060787201 0.4097920060157776
vt 0.1483200043439865 0.35719799995422363
vt 0.0574520006775856 0.24177998304367065
vt 0.1348540037870407 0.5338960289955139
vt 0.10625799745321274 0.5330010056495667
vt 0.11149699985980988 0.48454999923706055
vt 0.09060899913311005 0.6903250217437744
vt 0.029665999114513397 0.7083539962768555
vt 0.11896000057458878 0.4410499930381775
vt 0.14096300303936005 0.4874899983406067
vt 0.14858600497245789 0.4464859962463379
vt 0.10609299689531326 0.5848709940910339
vt 0.10903500020503998 0.6362730264663696
vt 0.11448399722576141 0.6841700077056885
vt 0.1439179927110672 0.7176100015640259
vt 0.1337279975414276 0.6780980229377747
vt 0.1837500035762787 0.41725999116897583
vt 0.2148440033197403 0.29694199562072754
vt 0.2292339950799942 0.3439899682998657
vt 0.23788200318813324 0.38333797454833984
vt 0.19792799651622772 0.35928797721862793
vt 0.20821799337863922 0.3904600143432617
vt 0.1748580038547516 0.38146400451660156
vt 0.209757998585701 0.41988199949264526
vt 0.18884000182151794 0.3966200351715088
vt 0.48712998628616333 0.48073601722717285
vt 0.47840800881385803 0.4800580143928528
vt 0.4717459976673126 0.4788839817047119
vt 0.46612000465393066 0.47794997692108154
vt 0.9523259997367859 0.7560979723930359
vt 0.6626960039138794 0.6057860255241394
vt 0.6794940233230591 0.6004300117492676
vt 0.6973000168800354 0.5987060070037842
vt 0.7384819984436035 0.6147779822349548
vt 0.727840006351471 0.6068599820137024
vt 0.7141780257225037 0.6011919975280762
vt 0.7567539811134338 0.6498619914054871
vt 0.6478760242462158 0.6138560175895691
vt 0.6365659832954407 0.6237239837646484
vt 0.5876799821853638 0.6087560057640076
vt 0.7065140008926392 0.7057859897613525
vt 0.6882380247116089 0.7083420157432556
vt 0.6669999957084656 0.7060480117797852
vt 0.7340779900550842 0.692080020904541
vt 0.7218120098114014 0.699787974357605
vt 0.7438139915466309 0.6830739974975586
vt 0.7513239979743958 0.6725059747695923
vt 0.6610260009765625 0.30824196338653564
vt 0.6873319745063782 0.292896032333374
vt 0.7297000288963318 0.2728400230407715
vt 0.8224319815635681 0.3238179683685303
vt 0.6104000210762024 0.4255720376968384
vt 0.6266099810600281 0.43332600593566895
vt 0.6459500193595886 0.44046199321746826
vt 0.6358259916305542 0.45921599864959717
vt 0.5600919723510742 0.4755060076713562
vt 0.5597820281982422 0.48604798316955566
vt 0.5609260201454163 0.4805139899253845
vt 0.5531759858131409 0.48198401927948
vt 0.5345320105552673 0.44538402557373047
vt 0.5343179702758789 0.4972659945487976
vt 0.5349339842796326 0.4930639863014221
vt 0.525443971157074 0.48597198724746704
vt 0.5305179953575134 0.48396003246307373
vt 0.5199880003929138 0.48755401372909546
vt 0.5277060270309448 0.47255200147628784
vt 0.5357940196990967 0.4730260372161865
vt 0.5412300229072571 0.4738880395889282
vt 0.551069974899292 0.4868980050086975
vt 0.5558300018310547 0.49224400520324707
vt 0.5469139814376831 0.49611997604370117
vt 0.549888014793396 0.5036799907684326
vt 0.516867995262146 0.44650799036026
vt 0.5864220261573792 0.4273340106010437
vt 0.5706160068511963 0.43658602237701416
vt 0.5566440224647522 0.4544900059700012
vt 0.5597519874572754 0.47225403785705566
vt 0.536981999874115 0.45730602741241455
vt 0.5519480109214783 0.4419139623641968
vt 0.5150399804115295 0.43283796310424805
vt 0.530646026134491 0.43178796768188477
vt 0.5133839845657349 0.42230600118637085
vt 0.5119779706001282 0.40675604343414307
vt 0.527351975440979 0.42011797428131104
vt 0.5253180265426636 0.4047219753265381
vt 0.5416179895401001 0.41626399755477905
vt 0.5381600260734558 0.40182000398635864
vt 0.546392023563385 0.4281359910964966
vt 0.5624060034751892 0.42246198654174805
vt 0.576449990272522 0.4152759909629822
vt 0.5976759791374207 0.41610002517700195
vt 0.5870019793510437 0.4071109890937805
vt 0.5660510063171387 0.38967204093933105
vt 0.5778369903564453 0.39951395988464355
vt 0.5497040152549744 0.39809203147888184
vt 0.5590680241584778 0.3940160274505615
vt 0.5681509971618652 0.4054579734802246
vt 0.5557100176811218 0.4113060235977173
vt 0.6417840123176575 0.3206380009651184
vt 0.6142060160636902 0.3412399888038635
vt 0.6266019940376282 0.3316360116004944
vt 0.6440960168838501 0.28137803077697754
vt 0.6649500131607056 0.2601180076599121
vt 0.6390780210494995 0.23663997650146484
vt 0.6053760051727295 0.3257420063018799
vt 0.586018979549408 0.3248170018196106
vt 0.5878300070762634 0.35967397689819336
vt 0.6037799715995789 0.34881603717803955
vt 0.5965700149536133 0.33605802059173584
vt 0.5825790166854858 0.3517249822616577
vt 0.5648829936981201 0.35746198892593384
vt 0.5740669965744019 0.3446279764175415
vt 0.5795180201530457 0.3354499936103821
vt 0.5118740200996399 0.48756200075149536
vt 0.5230100154876709 0.5007299780845642
vt 0.5118079781532288 0.502888023853302
vt 0.5133860111236572 0.5109180212020874
vt 0.5260059833526611 0.5086079835891724
vt 0.5147020220756531 0.5199699997901917
vt 0.9274500012397766 0.7953540086746216
vt 0.6746159791946411 0.9283319711685181
vt 0.8043699860572815 0.6983019709587097
vt 0.5971860289573669 0.5809339880943298
vt 0.6059319972991943 0.5929920077323914
vt 0.5710700154304504 0.5795019865036011
vt 0.5659340023994446 0.5651280283927917
vt 0.5569739937782288 0.5282719731330872
vt 0.6082839965820312 0.5525500178337097
vt 0.5889859795570374 0.5332959890365601
vt 0.5667759776115417 0.5111839771270752
vt 0.5537340044975281 0.5151039958000183
vt 0.5613219738006592 0.4992539882659912
vt 0.5703920125961304 0.5248519778251648
vt 0.5903760194778442 0.5684340000152588
vt 0.616454005241394 0.5647280216217041
vt 0.6241419911384583 0.5769820213317871
vt 0.6571599841117859 0.4693160057067871
vt 0.6678159832954407 0.44843798875808716
vt 0.6927639842033386 0.4585620164871216
vt 0.681119978427887 0.4809640049934387
vt 0.7137200236320496 0.5013160109519958
vt 0.7536860108375549 0.5055739879608154
vt 0.7488980293273926 0.5366560220718384
vt 0.7170400023460388 0.5344079732894897
vt 0.7787399888038635 0.5499259829521179
vt 0.5150480270385742 0.532725989818573
vt 0.5164999961853027 0.5752019882202148
vt 0.5180799961090088 0.5924739837646484
vt 0.6257860064506531 0.8161240220069885
vt 0.5775859951972961 0.5949059724807739
vt 0.6983299851417542 0.7606520056724548
vt 0.7743639945983887 0.7828140258789062
vt 0.7269520163536072 0.7588539719581604
vt 0.7736300230026245 0.7440680265426636
vt 0.7924860119819641 0.72297602891922
vt 0.8193020224571228 0.7040039896965027
vt 0.8950960040092468 0.8292760252952576
vt 0.5698779821395874 0.7473859786987305
vt 0.6472300291061401 0.6987820267677307
vt 0.6221479773521423 0.7549819946289062
vt 0.6313639879226685 0.687279999256134
vt 0.6100659966468811 0.3756619691848755
vt 0.6226840019226074 0.3754819631576538
vt 0.6390500068664551 0.3754819631576538
vt 0.6583899855613708 0.3754819631576538
vt 0.6804199814796448 0.3754819631576538
vt 0.7026439905166626 0.3759480118751526
vt 0.8417959809303284 0.5919820070266724
vt 0.6996660232543945 0.4335860013961792
vt 0.6747419834136963 0.42631399631500244
vt 0.6533859968185425 0.420132040977478
vt 0.6337760090827942 0.4146239757537842
vt 0.6176819801330566 0.4093160033226013
vt 0.6047239899635315 0.40346598625183105
vt 0.593861997127533 0.39775002002716064
vt 0.5844699740409851 0.3926900029182434
vt 0.5706959962844849 0.38547801971435547
vt 0.5996419787406921 0.3756600022315979
vt 0.575721025466919 0.37566500902175903
vt 0.5906379818916321 0.3756600022315979
vt 0.6282179951667786 0.2979840040206909
vt 0.6157039999961853 0.3126400113105774
vt 0.6112560033798218 0.2788599729537964
vt 0.5935289859771729 0.3124549984931946
vt 0.6017100214958191 0.29605400562286377
vt 0.6236039996147156 0.25982797145843506
vt 0.7639619708061218 0.7696419954299927
vt 0.7863699793815613 0.7555400133132935
vt 0.8001840114593506 0.7652860283851624
vt 0.8215579986572266 0.7408859729766846
vt 0.8060680031776428 0.7313500046730042
vt 0.5781059861183167 0.4981139898300171
vt 0.5671619772911072 0.4935300350189209
vt 0.58365797996521 0.49105000495910645
vt 0.6162319779396057 0.44980597496032715
vt 0.5706380009651184 0.48799198865890503
vt 0.6647679805755615 0.7596039772033691
vt 0.6712039709091187 0.8128700256347656
vt 0.7126740217208862 0.805616021156311
vt 0.7252339720726013 0.9113659858703613
vt 0.7725059986114502 0.8940539956092834
vt 0.8578100204467773 0.8533560037612915
vt 0.8404340147972107 0.7511320114135742
vt 0.818202018737793 0.7775160074234009
vt 0.791100025177002 0.7992240190505981
vt 0.7218300104141235 0.8242899775505066
vt 0.6791999936103821 0.834276020526886
vt 0.6336640119552612 0.8407580256462097
vt 0.5884360074996948 0.8465120196342468
vt 0.8360040187835693 0.7106099724769592
vt 0.8441619873046875 0.6750019788742065
vt 0.5123800039291382 0.41483795642852783
vt 0.5256779789924622 0.41229796409606934
vt 0.5393720269203186 0.40862399339675903
vt 0.5520060062408447 0.4043020009994507
vt 0.5629370212554932 0.399262011051178
vt 0.5714719891548157 0.39416003227233887
vt 0.5770440101623535 0.3887590169906616
vt 0.582709014415741 0.3756580352783203
vt 0.5807819962501526 0.36378800868988037
vt 0.5769219994544983 0.35761499404907227
vt 0.5691750049591064 0.3524230122566223
vt 0.5600659847259521 0.36265701055526733
vt 0.5653849840164185 0.36601001024246216
vt 0.5688599944114685 0.3758760094642639
vt 0.5650629997253418 0.38284099102020264
vt 0.561352014541626 0.3863829970359802
vt 0.5558500289916992 0.3898470401763916
vt 0.547730028629303 0.39342200756073
vt 0.5373820066452026 0.3963279724121094
vt 0.5252500176429749 0.3985440135002136
vt 0.5116519927978516 0.400130033493042
vt 0.5269719958305359 0.22769200801849365
vt 0.521668016910553 0.26531195640563965
vt 0.5195959806442261 0.2859579920768738
vt 0.5179060101509094 0.3023719787597656
vt 0.5164219737052917 0.3163279891014099
vt 0.5150960087776184 0.3284820318222046
vt 0.5142899751663208 0.3406360149383545
vt 0.5141479969024658 0.34731602668762207
vt 0.5136200189590454 0.3544059991836548
vt 0.5525040030479431 0.22892796993255615
vt 0.5440919995307922 0.26788997650146484
vt 0.5404059886932373 0.2883080244064331
vt 0.5370100140571594 0.3043559789657593
vt 0.5344120264053345 0.31820201873779297
vt 0.5323100090026855 0.33012402057647705
vt 0.5305100083351135 0.3422499895095825
vt 0.5297459959983826 0.348613977432251
vt 0.5282260179519653 0.35562002658843994
vt 0.5517110228538513 0.35984301567077637
vt 0.5556240081787109 0.3537290096282959
vt 0.5590310096740723 0.34784001111984253
vt 0.5629760026931763 0.33851003646850586
vt 0.5673120021820068 0.327564001083374
vt 0.5723739862442017 0.3153190016746521
vt 0.5985080003738403 0.5416759848594666
vt 0.5767279863357544 0.23407196998596191
vt 0.5650200247764587 0.2734140157699585
vt 0.5604419708251953 0.2931300401687622
vt 0.5556859970092773 0.3082219958305359
vt 0.5519220232963562 0.3214980363845825
vt 0.548878014087677 0.3331739902496338
vt 0.5462620258331299 0.34455597400665283
vt 0.5441790223121643 0.3508189916610718
vt 0.5410760045051575 0.35750603675842285
vt 0.5989739894866943 0.4401359558105469
vt 0.5884019732475281 0.5086140036582947
vt 0.5178459882736206 0.45794403553009033
vt 0.5737059712409973 0.5051680207252502
vt 0.9851899743080139 0.5373119711875916
vt 0.5806400179862976 0.45281195640563965
vt 0.5741459727287292 0.4823960065841675
vt 0.5781940221786499 0.5180780291557312
vt 0.5623360276222229 0.5523160099983215
vt 0.5153499841690063 0.5604619979858398
vt 0.5593699812889099 0.5408980250358582
vt 0.5150840282440186 0.5462620258331299
vt 0.5772420167922974 0.5465999841690063
vt 0.5831199884414673 0.5566419959068298
vt 0.5684069991111755 0.36936402320861816
vt 0.5744659900665283 0.36675703525543213
vt 0.5372139811515808 0.4655719995498657
vt 0.5759000182151794 0.4737820029258728
vt 0.6059520244598389 0.4643440246582031
vt 0.6247739791870117 0.475100040435791
vt 0.6447340250015259 0.48744404315948486
vt 0.5905159711837769 0.4834740161895752
vt 0.600737988948822 0.5071979761123657
vt 0.613972008228302 0.5223860144615173
vt 0.5825120210647583 0.5265079736709595
vt 0.5731260180473328 0.5372099876403809
vt 0.6259779930114746 0.5363460183143616
vt 0.635208010673523 0.5499380230903625
vt 0.6433680057525635 0.5635160207748413
vt 0.662630021572113 0.5013539791107178
vt 0.6792500019073486 0.5193840265274048
vt 0.6895279884338379 0.5398079752922058
vt 0.5170900225639343 0.4670020341873169
vt 0.5150179862976074 0.4735260009765625
vt 0.5830039978027344 0.50900799036026
vt 0.7525060176849365 0.7540580034255981
vt 0.7051540017127991 0.7875099778175354
vt 0.6669260263442993 0.7931119799613953
vt 0.6207780241966248 0.7934179902076721
vt 0.8166279792785645 0.8749539852142334
vt 0.7591559886932373 0.8140640258789062
vt 0.7458620071411133 0.7959259748458862
vt 0.7357699871063232 0.779666006565094
vt 0.578478991985321 0.3012399673461914
vt 0.5843639969825745 0.2828559875488281
vt 0.5915380120277405 0.26370203495025635
vt 0.5701779723167419 0.2537180185317993
vt 0.6005859971046448 0.24388998746871948
vt 0.6118699908256531 0.22047197818756104
vt 0.5848479866981506 0.2110700011253357
vt 0.5579540133476257 0.20657002925872803
vt 0.5296940207481384 0.2045459747314453
vt 0.5480859875679016 0.2477560043334961
vt 0.5241960287094116 0.24629998207092285
vt 0.5272840261459351 0.74031001329422
vt 0.5720840096473694 0.7859619855880737
vt 0.578931987285614 0.8178859949111938
vt 0.6203359961509705 0.9449620246887207
vt 0.8189659714698792 0.6037179827690125
vt 0.791267991065979 0.517274022102356
vt 0.8256279826164246 0.6389700174331665
vt 0.7490779757499695 0.6262620091438293
vt 0.6219859719276428 0.6723260283470154
vt 0.6213499903678894 0.6542239785194397
vt 0.5578579902648926 0.6748459935188293
vt 0.5218799710273743 0.6916379928588867
vt 0.5349720120429993 0.5900220274925232
vt 0.5287179946899414 0.5320339798927307
vt 0.5293980240821838 0.5456240177154541
vt 0.532476007938385 0.5736039876937866
vt 0.5305960178375244 0.5591199994087219
vt 0.5449780225753784 0.6396440267562866
vt 0.5382959842681885 0.6116160154342651
vt 0.5524500012397766 0.5868139863014221
vt 0.5486940145492554 0.5702900290489197
vt 0.5677800178527832 0.6257140040397644
vt 0.5581740140914917 0.6049720048904419
vt 0.5279200077056885 0.5191959738731384
vt 0.5408660173416138 0.5178539752960205
vt 0.5380859971046448 0.5062919855117798
vt 0.8462079763412476 0.6361619830131531
vt 0.9787560105323792 0.5915060043334961
vt 0.7858319878578186 0.5919820070266724
vt 0.767579972743988 0.572763979434967
vt 0.7436439990997314 0.5618879795074463
vt 0.7183399796485901 0.5578839778900146
vt 0.6939560174942017 0.5583980083465576
vt 0.6708719730377197 0.5661360025405884
vt 0.650305986404419 0.5763239860534668
vt 0.6318939924240112 0.5884580016136169
vt 0.6158440113067627 0.603335976600647
vt 0.600417971611023 0.6189839839935303
vt 0.519216001033783 0.615198016166687
vt 0.7997999787330627 0.6154580116271973
vt 0.8028079867362976 0.5735260248184204
vt 0.8281360268592834 0.5386919975280762
vt 0.8935319781303406 0.18561196327209473
vt 0.5676910281181335 0.3796049952507019
vt 0.5736299753189087 0.38112199306488037
vt 0.5802900195121765 0.38271498680114746
vt 0.5880939960479736 0.3847309947013855
vt 0.5973439812660217 0.3872079849243164
vt 0.6080780029296875 0.3900519609451294
vt 0.6215119957923889 0.39294999837875366
vt 0.6378660202026367 0.39544200897216797
vt 0.6574259996414185 0.3988560438156128
vt 0.6787859797477722 0.40263795852661133
vt 0.7021700143814087 0.4072120189666748
vt 0.5692949891090393 0.37269699573516846
vt 0.5758060216903687 0.37109100818634033
vt 0.5820980072021484 0.36970698833465576
vt 0.5896869897842407 0.36781400442123413
vt 0.6077880263328552 0.3623560070991516
vt 0.6198800206184387 0.35817599296569824
vt 0.6343520283699036 0.3528220057487488
vt 0.65174800157547 0.34682202339172363
vt 0.6727259755134583 0.34104400873184204
vt 0.6981120109558105 0.33594202995300293
vt 0.7313860058784485 0.3334659934043884
vt 0.8067060112953186 0.6421740055084229
vt 0.7554759979248047 0.6386119723320007
vt 0.7555379867553711 0.6612200140953064
vt 0.8077059984207153 0.6703559756278992
vt 0.8257880210876465 0.6729320287704468
vt 0.5331199765205383 0.7844799757003784
vt 0.538457989692688 0.8205119967460632
vt 0.5437359809875488 0.8506680130958557
vt 0.561564028263092 0.957912027835846
vt 0.6275579929351807 0.6366580128669739
vt 0.5211179852485657 0.6461020112037659
vt 0.5126280188560486 0.4950299859046936
vt 0.5214120149612427 0.4943940043449402
vt 0.5274779796600342 0.49253201484680176
vt 0.5313320159912109 0.4891040325164795
vt 0.5834900140762329 0.6396200060844421
vt 0.664717972278595 0.5508720278739929
vt 0.6555600166320801 0.5353279709815979
vt 0.6433020234107971 0.5198739767074585
vt 0.6292480230331421 0.5047000050544739
vt 0.6145780086517334 0.48825597763061523
vt 0.5967900156974792 0.47457998991012573
vt 0.5777819752693176 0.46632397174835205
vt 0.5586420297622681 0.46408599615097046
vt 0.5467240214347839 0.47071200609207153
vt 0.5498679876327515 0.4730299711227417
vt 0.5455060005187988 0.49190598726272583
vt 0.5428979992866516 0.5306400060653687
vt 0.5442860126495361 0.543865978717804
vt 0.5457419753074646 0.5567420125007629
vt 0.7217140197753906 0.46896398067474365
vt 0.7260760068893433 0.43998199701309204
vt 0.728875994682312 0.4127739667892456
vt 0.7303159832954407 0.3771740198135376
vt 0.7552819848060608 0.47752201557159424
vt 0.7578179836273193 0.4472520351409912
vt 0.7601919770240784 0.416782021522522
vt 0.7907299995422363 0.4510660171508789
vt 0.7921059727668762 0.48430001735687256
vt 0.8266080021858215 0.4883279800415039
vt 0.8231880068778992 0.4496240019798279
vt 0.8430560231208801 0.4097839593887329
vt 0.8516619801521301 0.35721200704574585
vt 0.9703459739685059 0.7083500027656555
vt 0.8560680150985718 0.7176579833030701
vt 0.8662480115890503 0.678242027759552
vt 0.8162279725074768 0.417248010635376
vt 0.7851200103759766 0.29691600799560547
vt 0.770717978477478 0.34397000074386597
vt 0.7620599865913391 0.38334202766418457
vt 0.8020219802856445 0.3592640161514282
vt 0.7917280197143555 0.3904479742050171
vt 0.825107991695404 0.3814460039138794
vt 0.7902119755744934 0.41988396644592285
vt 0.8111240267753601 0.3966020345687866
vt 0.5129320025444031 0.4807319641113281
vt 0.5216400027275085 0.48005402088165283
vt 0.5282819867134094 0.47886598110198975
vt 0.5338799953460693 0.4779509902000427
vt 0.010436000302433968 0.426535964012146
vt 0.023698000237345695 0.3348050117492676
vt 0.8364139795303345 0.15025901794433594
vt 0.7773410081863403 0.12888997793197632
vt 0.7214120030403137 0.11563897132873535
vt 0.6713579893112183 0.10859799385070801
vt 0.6325290203094482 0.10504502058029175
vt 0.6071079969406128 0.10501998662948608
vt 0.5782769918441772 0.10439002513885498
vt 0.5395870208740234 0.1011350154876709
vt 0.46055901050567627 0.10102599859237671
vt 0.42199400067329407 0.10392796993255615
vt 0.39309200644493103 0.10461097955703735
vt 0.3675540089607239 0.10474598407745361
vt 0.32858800888061523 0.10842400789260864
vt 0.27841898798942566 0.11555498838424683
vt 0.22250500321388245 0.1291239857673645
vt 0.16339699923992157 0.15039700269699097
vt 0.3260129988193512 0.1420300006866455
vt 0.2805579900741577 0.15362900495529175
vt 0.228534996509552 0.1706569790840149
vt 0.17193900048732758 0.19674301147460938
vt 0.1295499950647354 0.2364090085029602
vt 0.08830899745225906 0.28614598512649536
vt 0.06424400210380554 0.35898303985595703
vt 0.05209200084209442 0.42833197116851807
vt 0.04840400069952011 0.483551025390625
vt 0.04858599975705147 0.5344300270080566
vt 0.24491499364376068 0.2177410125732422
vt 0.19232900440692902 0.2487879991531372
vt 0.1540839970111847 0.28390800952911377
vt 0.1213029995560646 0.3273090124130249
vt 0.09979099780321121 0.37996798753738403
vt 0.08728200197219849 0.4347020387649536
vt 0.08227699995040894 0.48303401470184326
vt 0.07830099761486053 0.533033013343811
vt 0.07935299724340439 0.5856459736824036
vt 0.9007850289344788 0.7825130224227905
vt 0.9215049743652344 0.7425580024719238
vt 0.9369040131568909 0.6977019906044006
vt 0.6051139831542969 0.1328200101852417
vt 0.06312000006437302 0.6976950168609619
vt 0.07851599901914597 0.7425529956817627
vt 0.09922699630260468 0.7825070023536682
vt 0.1275009959936142 0.8131970167160034
vt 0.1609629988670349 0.838018000125885
vt 0.1996610015630722 0.8590520024299622
vt 0.2425529956817627 0.876196026802063
vt 0.28817999362945557 0.8924390077590942
vt 0.33773401379585266 0.9070079922676086
vt 0.3893499970436096 0.9201160073280334
vt 0.4440540075302124 0.9284390211105347
vt 0.4999980032444 0.9304119944572449
vt 0.5559399724006653 0.9284459948539734
vt 0.6106439828872681 0.920117974281311
vt 0.6622700095176697 0.9069719910621643
vt 0.7118330001831055 0.89239102602005
vt 0.7574560046195984 0.8761709928512573
vt 0.8003360033035278 0.8590530157089233
vt 0.8390309810638428 0.8380249738693237
vt 0.872497022151947 0.8132010102272034
vt 0.9441239833831787 0.6459720134735107
vt 0.9761970043182373 0.6553109884262085
vt 0.051183998584747314 0.5882790088653564
vt 0.05587900057435036 0.6459619998931885
vt 0.6890860199928284 0.23345398902893066
vt 0.6546859741210938 0.21054697036743164
vt 0.6230319738388062 0.19551098346710205
vt 0.593205988407135 0.18657803535461426
vt 0.5635589957237244 0.18182998895645142
vt 0.5318830013275146 0.17795300483703613
vt 0.49999698996543884 0.17689698934555054
vt 0.46807000041007996 0.17773902416229248
vt 0.436352014541626 0.1810399889945984
vt 0.4066540002822876 0.18578803539276123
vt 0.3768709897994995 0.19506901502609253
vt 0.34528398513793945 0.21042001247406006
vt 0.3109230101108551 0.2335209846496582
vt 0.5693150162696838 0.15581101179122925
vt 0.534637987613678 0.15228700637817383
vt 0.4654349982738495 0.15188997983932495
vt 0.4308210015296936 0.15479397773742676
vt 0.39979198575019836 0.15941298007965088
vt 0.3685150146484375 0.16646701097488403
vt 0.3333579897880554 0.17846602201461792
vt 0.29267799854278564 0.1944730281829834
vt 0.7193580269813538 0.15368497371673584
vt 0.6739709973335266 0.14226698875427246
vt 0.6359000205993652 0.1361750364303589
vt 0.5740919709205627 0.12952697277069092
vt 0.5370720028877258 0.12744200229644775
vt 0.4630669951438904 0.12708699703216553
vt 0.42616400122642517 0.12869203090667725
vt 0.39506301283836365 0.1320369839668274
vt 0.36414000391960144 0.13566499948501587
vt 0.9488160014152527 0.5882779955863953
vt 0.9514129757881165 0.5344229936599731
vt 0.9515860080718994 0.48353898525238037
vt 0.9479159712791443 0.428333044052124
vt 0.9358199834823608 0.3589879870414734
vt 0.9117329716682434 0.28616201877593994
vt 0.870464026927948 0.2363860011100769
vt 0.8280119895935059 0.19664901494979858
vt 0.771353006362915 0.17062300443649292
vt 0.9216859936714172 0.5330079793930054
vt 0.9206429719924927 0.5856490135192871
vt 0.916163980960846 0.6401079893112183
vt 0.9094139933586121 0.6903610229492188
vt 0.8960139751434326 0.7321249842643738
vt 0.878233015537262 0.7707080245018005
vt 0.8538399934768677 0.8005859851837158
vt 0.8220279812812805 0.8245880007743835
vt 0.7854430079460144 0.8436300158500671
vt 0.7441849708557129 0.8585940003395081
vt 0.6997169852256775 0.8730499744415283
vt 0.6518239974975586 0.8854039907455444
vt 0.6023880243301392 0.8948609828948975
vt 0.5514310002326965 0.9007369875907898
vt 0.4999980032444 0.9019579887390137
vt 0.08383499830961227 0.6400669813156128
vt 0.8691509962081909 0.39718902111053467
vt 0.8810030221939087 0.44102299213409424
vt 0.8884649872779846 0.4845019578933716
vt 0.8937190175056458 0.5329660177230835
vt 0.8938969969749451 0.5848910212516785
vt 0.8909519910812378 0.636381983757019
vt 0.8855209946632385 0.6842550039291382
vt 0.8751159906387329 0.724249005317688
vt 0.8589789867401123 0.7603330016136169
vt 0.833441972732544 0.7873420119285583
vt 0.8048869967460632 0.8109419941902161
vt 0.770687997341156 0.8274279832839966
vt 0.7320330142974854 0.840719997882843
vt 0.6886619925498962 0.8531609773635864
vt 0.6420900225639343 0.862330973148346
vt 0.5950189828872681 0.8695819973945618
vt 0.5473330020904541 0.8734999895095825
vt 0.4999980032444 0.8740950226783752
vt 0.8513929843902588 0.44647395610809326
vt 0.859017014503479 0.4874650239944458
vt 0.8651340007781982 0.5338820219039917
vt 0.8697540163993835 0.5864009857177734
vt 0.8695949912071228 0.6343539953231812
vt 0.49999698996543884 0.099124014377594
vt 0.5000140070915222 0.12474501132965088
vt 0.49999698996543884 0.14979302883148193
vt 0.6002479791641235 0.16034799814224243
vt 0.6314669847488403 0.16699999570846558
vt 0.6666259765625 0.17864900827407837
vt 0.7073259949684143 0.19439697265625
vt 0.7550830245018005 0.21762502193450928
vt 0.8076589703559875 0.24876797199249268
vt 0.8459159731864929 0.2839069962501526
vt 0.8786960244178772 0.3273090124130249
vt 0.9002079963684082 0.379971981048584
vt 0.9127010107040405 0.43468600511550903
vt 0.917697012424469 0.4830000400543213
vt 0.6686670184135437 0.6243799924850464
vt 0.6827750205993652 0.6221420168876648
vt 0.6965649724006653 0.623062014579773
vt 0.7078629732131958 0.6264100074768066
vt 0.715595006942749 0.6311159729957581
vt 0.7207059860229492 0.6358950138092041
vt 0.7247089743614197 0.6419619917869568
vt 0.7267969846725464 0.6472619771957397
vt 0.7276390194892883 0.6512280106544495
vt 0.7274580001831055 0.6553369760513306
vt 0.7258570194244385 0.6598590016365051
vt 0.7226830124855042 0.6649019718170166
vt 0.717104971408844 0.6690869927406311
vt 0.7080829739570618 0.6733909845352173
vt 0.6978309750556946 0.6762490272521973
vt 0.684918999671936 0.677282989025116
vt 0.6712989807128906 0.676518976688385
vt 0.6584110260009766 0.67398601770401
vt 0.6473309993743896 0.6691359877586365
vt 0.6389679908752441 0.6613150238990784
vt 0.6369450092315674 0.6526089906692505
vt 0.6399949789047241 0.6431009769439697
vt 0.6465550065040588 0.635604977607727
vt 0.6557999849319458 0.6291009783744812
vt 0.33133599162101746 0.6243799924850464
vt 0.344200998544693 0.6291030049324036
vt 0.3534550070762634 0.6356009840965271
vt 0.3600020110607147 0.6430960297584534
vt 0.36303699016571045 0.6526399850845337
vt 0.3610140085220337 0.661325991153717
vt 0.3526810109615326 0.6691370010375977
vt 0.34165599942207336 0.6739929914474487
vt 0.3287540078163147 0.6765499711036682
vt 0.31509798765182495 0.6773070096969604
vt 0.30217400193214417 0.6762549877166748
vt 0.2919279932975769 0.6733930110931396
vt 0.28294000029563904 0.6691169738769531
vt 0.2775050103664398 0.6650599837303162
vt 0.2742449939250946 0.6600199937820435
vt 0.2725529968738556 0.6552770137786865
vt 0.27226200699806213 0.651091992855072
vt 0.27314698696136475 0.6472200155258179
vt 0.27531999349594116 0.6418619751930237
vt 0.27933698892593384 0.6358370184898376
vt 0.2844089865684509 0.6311100125312805
vt 0.292138010263443 0.6264129877090454
vt 0.3034380078315735 0.623062014579773
vt 0.3172299861907959 0.6221410036087036
vt 0.7808589935302734 0.6469079852104187
vt 0.7765560150146484 0.6284390091896057
vt 0.7670869827270508 0.6117100119590759
vt 0.7521730065345764 0.5967180132865906
vt 0.7363520264625549 0.5868579745292664
vt 0.7175300121307373 0.5807240009307861
vt 0.6967710256576538 0.5797070264816284
vt 0.6758840084075928 0.5837820172309875
vt 0.6572110056877136 0.591609001159668
vt 0.6408830285072327 0.6017789840698242
vt 0.6277890205383301 0.6143649816513062
vt 0.6157209873199463 0.6296960115432739
vt 0.6040589809417725 0.6509159803390503
vt 0.5979920029640198 0.678924024105072
vt 0.6097049713134766 0.7075369954109192
vt 0.6352189779281616 0.7229570150375366
vt 0.6647719740867615 0.7311090230941772
vt 0.693011999130249 0.7335309982299805
vt 0.7166360020637512 0.7312319874763489
vt 0.7353789806365967 0.7252900004386902
vt 0.7516120076179504 0.716172993183136
vt 0.7663260102272034 0.7029160261154175
vt 0.7768170237541199 0.685841977596283
vt 0.7813010215759277 0.6665530204772949
vt 0.2232149988412857 0.6858149766921997
vt 0.2187419980764389 0.6665160059928894
vt 0.21918900310993195 0.6468520164489746
vt 0.2233940064907074 0.6284480094909668
vt 0.23292799293994904 0.6117140054702759
vt 0.24779300391674042 0.596697986125946
vt 0.26367899775505066 0.5868399739265442
vt 0.282478004693985 0.5807440280914307
vt 0.30322399735450745 0.5797600150108337
vt 0.324088990688324 0.5838540196418762
vt 0.34273800253868103 0.5916360020637512
vt 0.35904601216316223 0.6018059849739075
vt 0.3722119927406311 0.6143730282783508
vt 0.38427799940109253 0.6296960115432739
vt 0.3959360122680664 0.6509109735488892
vt 0.40203800797462463 0.6788960099220276
vt 0.3900339901447296 0.7075549960136414
vt 0.36488598585128784 0.7229599952697754
vt 0.3352380096912384 0.731099009513855
vt 0.30702999234199524 0.7336059808731079
vt 0.28345200419425964 0.7314820289611816
vt 0.26472601294517517 0.7256799936294556
vt 0.24859799444675446 0.716825008392334
vt 0.23370200395584106 0.7029330134391785
vt 0.7391899824142456 0.6440439820289612
vt 0.7353010177612305 0.6357460021972656
vt 0.7285950183868408 0.6267579793930054
vt 0.7208920121192932 0.6205319762229919
vt 0.7108070254325867 0.615572988986969
vt 0.6971420049667358 0.6123960018157959
vt 0.6816790103912354 0.6125879883766174
vt 0.6661229729652405 0.616225004196167
vt 0.6522719860076904 0.6223999857902527
vt 0.641897976398468 0.630046010017395
vt 0.633774995803833 0.6400319933891296
vt 0.6294599771499634 0.6536939740180969
vt 0.6314290165901184 0.666359007358551
vt 0.6407049894332886 0.6768069863319397
vt 0.6539400219917297 0.6845679879188538
vt 0.6698610186576843 0.6883749961853027
vt 0.6858369708061218 0.6894879937171936
vt 0.7007399797439575 0.688027024269104
vt 0.713433027267456 0.6840100288391113
vt 0.7234259843826294 0.6783509850502014
vt 0.7313349843025208 0.6721320152282715
vt 0.7370039820671082 0.6650189757347107
vt 0.739611029624939 0.657975971698761
vt 0.740339994430542 0.6510570049285889
vt 0.2595970034599304 0.6509979963302612
vt 0.2604820132255554 0.6578279733657837
vt 0.26310300827026367 0.6650009751319885
vt 0.26876300573349 0.6721559762954712
vt 0.27661100029945374 0.6783480048179626
vt 0.2866179943084717 0.6840540170669556
vt 0.2992900013923645 0.6880319714546204
vt 0.3142299950122833 0.6896060109138489
vt 0.330269992351532 0.6883999705314636
vt 0.34613099694252014 0.6845020055770874
vt 0.35926198959350586 0.6768199801445007
vt 0.36851298809051514 0.6663830280303955
vt 0.37053099274635315 0.6537020206451416
vt 0.36621201038360596 0.6400279998779297
vt 0.3580990135669708 0.6300449967384338
vt 0.3477250039577484 0.6223989725112915
vt 0.33387699723243713 0.6162239909172058
vt 0.3183229863643646 0.6125829815864563
vt 0.30285900831222534 0.6123949885368347
vt 0.2891879975795746 0.6155719757080078
vt 0.27910399436950684 0.6205270290374756
vt 0.27141299843788147 0.6267489790916443
vt 0.2647019922733307 0.6357280015945435
vt 0.26078400015830994 0.6440150141716003
vt 0.4457849860191345 0.47773003578186035
vt 0.5540760159492493 0.4776580333709717
vt 0.5948749780654907 0.354403018951416
vt 0.5887389779090881 0.34417200088500977
vt 0.5977929830551147 0.36504799127578735
vt 0.40233200788497925 0.3651469945907593
vt 0.40518999099731445 0.3545370101928711
vt 0.4112919867038727 0.3442839980125427
vt 0.995015025138855 0.48620402812957764
vt 0.9895920157432556 0.4265480041503906
vt 0.9764270186424255 0.33468198776245117
vt 0.9426349997520447 0.24163001775741577
vt 0.5714409947395325 0.36172401905059814
vt 0.4284049868583679 0.36163604259490967
vt 0.4231109917163849 0.35767102241516113
usemtl model
f 1202/1202 45/45 46/46
f 1201/1201 1202/1202 46/46
f 1201/1201 46/46 43/43
f 1200/1200 1201/1201 43/43
f 1198/1198 41/41 48/48
f 1197/1197 1198/1198 48/48
f 1197/1197 48/48 49/49
f 1196/1196 1197/1197 49/49
f 1189/1189 1190/1190 53/53
f 52/52 1189/1189 53/53
f 1186/1186 54/54 56/56
f 1185/1185 1186/1186 56/56
f 1185/1185 56/56 57/57
f 1184/1184 1185/1185 57/57
f 1/1 84/84 91/91
f 2/2 1/1 91/91
f 86/86 85/85 101/101
f 100/100 86/86 101/101
f 85/85 102/102 103/103
f 101/101 85/85 103/103
f 59/59 113/113 192/192
f 110/110 59/59 192/192
f 261/261 31/31 30/30
f 262/262 261/261 30/30
f 135/135 147/147 146/146
f 134/134 135/135 146/146
f 134/134 146/146 139/139
f 145/145 134/134 139/139
f 149/149 65/65 66/66
f 148/148 149/149 66/66
f 14/14 159/159 158/158
f 13/13 14/14 158/158
f 53/53 1190/1190 1191/1191
f 170/170 53/53 1191/1191
f 173/173 174/174 410/410
f 409/409 173/173 410/410
f 174/174 175/175 411/411
f 410/410 174/174 411/411
f 175/175 176/176 412/412
f 411/411 175/175 412/412
f 412/412 176/176 177/177
f 413/413 412/412 177/177
f 149/149 181/181 182/182
f 65/65 149/149 182/182
f 403/403 402/402 182/182
f 181/181 403/403 182/182
f 65/65 182/182 183/183
f 64/64 65/65 183/183
f 402/402 401/401 183/183
f 182/182 402/402 183/183
f 401/401 400/400 184/184
f 183/183 401/401 184/184
f 183/183 184/184 63/63
f 64/64 183/183 63/63
f 400/400 399/399 185/185
f 184/184 400/400 185/185
f 399/399 398/398 186/186
f 185/185 399/399 186/186
f 31/31 261/261 260/260
f 32/32 31/31 260/260
f 119/119 111/111 116/116
f 120/120 119/119 116/116
f 120/120 117/117 124/124
f 1213/1213 120/120 124/124
f 112/112 110/110 192/192
f 193/193 112/112 192/192
f 111/111 112/112 193/193
f 116/116 111/111 193/193
f 120/120 116/116 195/195
f 117/117 120/120 195/195
f 116/116 193/193 196/196
f 195/195 116/116 196/196
f 193/193 192/192 194/194
f 196/196 193/193 194/194
f 270/270 261/261 262/262
f 271/271 270/270 262/262
f 117/117 281/281 280/280
f 124/124 117/117 280/280
f 166/166 165/165 199/199
f 202/202 166/166 199/199
f 200/200 199/199 198/198
f 163/163 200/200 198/198
f 199/199 200/200 201/201
f 202/202 199/199 201/201
f 133/133 166/166 202/202
f 167/167 133/133 202/202
f 7/7 127/127 429/429
f 38/38 7/7 429/429
f 127/127 126/126 430/430
f 429/429 127/127 430/430
f 126/126 72/72 431/431
f 430/430 126/126 431/431
f 72/72 73/73 432/432
f 431/431 72/72 432/432
f 102/102 185/185 186/186
f 103/103 102/102 186/186
f 102/102 85/85 292/292
f 63/63 102/102 292/292
f 185/185 102/102 63/63
f 184/184 185/185 63/63
f 65/65 64/64 206/206
f 66/66 65/65 206/206
f 200/200 229/229 228/228
f 201/201 200/200 228/228
f 200/200 163/163 230/230
f 229/229 200/200 230/230
f 231/231 211/211 210/210
f 232/232 231/231 210/210
f 24/24 23/23 238/238
f 94/94 24/24 238/238
f 98/98 96/96 239/239
f 240/240 98/98 239/239
f 98/98 240/240 241/241
f 106/106 98/98 241/241
f 106/106 241/241 242/242
f 107/107 106/106 242/242
f 107/107 242/242 243/243
f 104/104 107/107 243/243
f 104/104 243/243 244/244
f 188/188 104/104 244/244
f 188/188 244/244 396/396
f 395/395 188/188 396/396
f 122/122 247/247 278/278
f 277/277 122/122 278/278
f 290/290 289/289 273/273
f 274/274 290/290 273/273
f 274/274 273/273 264/264
f 265/265 274/274 264/264
f 27/27 265/265 264/264
f 28/28 27/27 264/264
f 26/26 266/266 265/265
f 27/27 26/26 265/265
f 275/275 274/274 265/265
f 266/266 275/275 265/265
f 291/291 290/290 274/274
f 275/275 291/291 274/274
f 276/276 248/248 122/122
f 277/277 276/276 122/122
f 1219/1219 122/122 248/248
f 249/249 1219/1219 248/248
f 107/107 253/253 254/254
f 106/106 107/107 254/254
f 106/106 254/254 255/255
f 98/98 106/106 255/255
f 255/255 256/256 96/96
f 98/98 255/255 96/96
f 25/25 24/24 94/94
f 257/257 25/25 94/94
f 276/276 277/277 290/290
f 291/291 276/276 290/290
f 277/277 278/278 289/289
f 290/290 277/277 289/289
f 281/281 286/286 287/287
f 280/280 281/281 287/287
f 114/114 113/113 59/59
f 60/60 114/114 59/59
f 81/81 143/143 204/204
f 68/68 81/81 204/204
f 57/57 56/56 1157/1157
f 1134/1134 57/57 1157/1157
f 56/56 54/54 1156/1156
f 1157/1157 56/56 1156/1156
f 52/52 53/53 1152/1152
f 1153/1153 52/52 1152/1152
f 1152/1152 208/208 162/162
f 1153/1153 1152/1152 162/162
f 53/53 170/170 1151/1151
f 1152/1152 53/53 1151/1151
f 1151/1151 171/171 208/208
f 1152/1152 1151/1151 208/208
f 49/49 48/48 1145/1145
f 1146/1146 49/49 1145/1145
f 48/48 41/41 1144/1144
f 1145/1145 48/48 1144/1144
f 43/43 46/46 1141/1141
f 1142/1142 43/43 1141/1141
f 46/46 45/45 1140/1140
f 1141/1141 46/46 1140/1140
f 141/141 144/144 299/299
f 295/295 141/141 299/299
f 144/144 141/141 142/142
f 138/138 144/144 142/142
f 157/157 10/10 11/11
f 303/303 157/157 11/11
f 145/145 136/136 161/161
f 134/134 145/145 161/161
f 134/134 161/161 50/50
f 135/135 134/134 50/50
f 64/64 63/63 292/292
f 206/206 64/64 292/292
f 85/85 86/86 297/297
f 292/292 85/85 297/297
f 71/71 90/90 99/99
f 92/92 71/71 99/99
f 143/143 141/141 295/295
f 204/204 143/143 295/295
f 84/84 71/71 92/92
f 91/91 84/84 92/92
f 239/239 96/96 94/94
f 238/238 239/239 94/94
f 96/96 256/256 257/257
f 94/94 96/96 257/257
f 306/306 307/307 1219/1219
f 249/249 306/306 1219/1219
f 190/190 245/245 407/407
f 406/406 190/190 407/407
f 405/405 250/250 190/190
f 406/406 405/405 190/190
f 395/395 394/394 251/251
f 188/188 395/395 251/251
f 188/188 251/251 252/252
f 104/104 188/188 252/252
f 104/104 252/252 253/253
f 107/107 104/104 253/253
f 23/23 22/22 93/93
f 238/238 23/23 93/93
f 2/2 91/91 93/93
f 22/22 2/2 93/93
f 238/238 93/93 95/95
f 239/239 238/238 95/95
f 91/91 92/92 95/95
f 93/93 91/91 95/95
f 239/239 95/95 97/97
f 240/240 239/239 97/97
f 92/92 99/99 97/97
f 95/95 92/92 97/97
f 240/240 97/97 109/109
f 241/241 240/240 109/109
f 99/99 90/90 86/86
f 100/100 99/99 86/86
f 109/109 97/97 99/99
f 100/100 109/109 99/99
f 241/241 109/109 108/108
f 242/242 241/241 108/108
f 109/109 100/100 101/101
f 108/108 109/109 101/101
f 242/242 108/108 105/105
f 243/243 242/242 105/105
f 108/108 101/101 103/103
f 105/105 108/108 103/103
f 105/105 103/103 186/186
f 187/187 105/105 186/186
f 243/243 105/105 187/187
f 244/244 243/243 187/187
f 244/244 187/187 397/397
f 396/396 244/244 397/397
f 187/187 186/186 398/398
f 397/397 187/187 398/398
f 245/245 191/191 408/408
f 407/407 245/245 408/408
f 307/307 246/246 1220/1220
f 1219/1219 307/307 1220/1220
f 123/123 121/121 1213/1213
f 124/124 123/123 1213/1213
f 122/122 1219/1219 1220/1220
f 247/247 122/122 1220/1220
f 247/247 123/123 279/279
f 278/278 247/247 279/279
f 123/123 124/124 280/280
f 279/279 123/123 280/280
f 278/278 279/279 288/288
f 289/289 278/278 288/288
f 279/279 280/280 287/287
f 288/288 279/279 287/287
f 287/287 286/286 270/270
f 271/271 287/287 270/270
f 289/289 288/288 272/272
f 273/273 289/289 272/272
f 288/288 287/287 271/271
f 272/272 288/288 271/271
f 273/273 272/272 263/263
f 264/264 273/273 263/263
f 271/271 262/262 263/263
f 272/272 271/271 263/263
f 264/264 263/263 29/29
f 28/28 264/264 29/29
f 263/263 262/262 30/30
f 29/29 263/263 30/30
f 90/90 71/71 89/89
f 87/87 90/90 89/89
f 71/71 84/84 294/294
f 89/89 71/71 294/294
f 84/84 1/1 3/3
f 294/294 84/84 3/3
f 90/90 87/87 297/297
f 86/86 90/90 297/297
f 206/206 292/292 297/297
f 310/310 206/206 297/297
f 66/66 206/206 310/310
f 311/311 66/66 310/310
f 66/66 311/311 312/312
f 148/148 66/66 312/312
f 148/148 312/312 321/321
f 151/151 148/148 321/321
f 311/311 310/310 439/439
f 438/438 311/311 439/439
f 297/297 87/87 441/441
f 440/440 297/297 441/441
f 439/439 310/310 297/297
f 440/440 439/439 297/297
f 205/205 313/313 309/309
f 298/298 205/205 309/309
f 305/305 145/145 139/139
f 282/282 305/305 139/139
f 316/316 317/317 304/304
f 140/140 316/316 304/304
f 282/282 139/139 318/318
f 315/315 282/282 318/318
f 317/317 144/144 138/138
f 302/302 317/317 138/138
f 140/140 282/282 315/315
f 314/314 140/140 315/315
f 438/438 437/437 312/312
f 311/311 438/438 312/312
f 305/305 282/282 140/140
f 304/304 305/305 140/140
f 145/145 305/305 137/137
f 136/136 145/145 137/137
f 317/317 302/302 300/300
f 304/304 317/317 300/300
f 137/137 305/305 304/304
f 300/300 137/137 304/304
f 303/303 301/301 366/366
f 364/364 303/303 366/366
f 301/301 12/12 13/13
f 158/158 301/301 13/13
f 11/11 12/12 301/301
f 303/303 11/11 301/301
f 207/207 298/298 67/67
f 69/69 207/207 67/67
f 204/204 207/207 69/69
f 68/68 204/204 69/69
f 70/70 68/68 69/69
f 1206/1206 70/70 69/69
f 298/298 309/309 88/88
f 67/67 298/298 88/88
f 87/87 89/89 308/308
f 441/441 87/87 308/308
f 437/437 436/436 321/321
f 312/312 437/437 321/321
f 139/139 146/146 319/319
f 318/318 139/139 319/319
f 146/146 147/147 320/320
f 319/319 146/146 320/320
f 1144/1144 41/41 42/42
f 1143/1143 1144/1144 42/42
f 42/42 41/41 1198/1198
f 1199/1199 42/42 1198/1198
f 322/322 321/321 436/436
f 435/435 322/322 436/436
f 323/323 322/322 435/435
f 434/434 323/323 435/435
f 1143/1143 42/42 43/43
f 1142/1142 1143/1143 43/43
f 89/89 294/294 324/324
f 308/308 89/89 324/324
f 3/3 4/4 324/324
f 294/294 3/3 324/324
f 317/317 316/316 299/299
f 144/144 317/317 299/299
f 140/140 314/314 293/293
f 316/316 140/140 293/293
f 204/204 295/295 203/203
f 207/207 204/204 203/203
f 207/207 203/203 205/205
f 298/298 207/207 205/205
f 205/205 203/203 326/326
f 293/293 205/205 326/326
f 299/299 326/326 203/203
f 295/295 299/299 203/203
f 205/205 293/293 314/314
f 313/313 205/205 314/314
f 293/293 326/326 299/299
f 316/316 293/293 299/299
f 43/43 42/42 1199/1199
f 1200/1200 43/43 1199/1199
f 1189/1189 52/52 51/51
f 1188/1188 1189/1189 51/51
f 1187/1187 1188/1188 51/51
f 55/55 1187/1187 51/51
f 199/199 165/165 327/327
f 198/198 199/199 327/327
f 51/51 52/52 1153/1153
f 1154/1154 51/51 1153/1153
f 1153/1153 162/162 164/164
f 1154/1154 1153/1153 164/164
f 162/162 208/208 329/329
f 328/328 162/162 329/329
f 232/232 210/210 160/160
f 233/233 232/232 160/160
f 211/211 328/328 329/329
f 210/210 211/211 329/329
f 230/230 163/163 335/335
f 334/334 230/230 335/335
f 231/231 334/334 335/335
f 211/211 231/231 335/335
f 163/163 198/198 336/336
f 335/335 163/163 336/336
f 335/335 336/336 328/328
f 211/211 335/335 328/328
f 328/328 336/336 164/164
f 162/162 328/328 164/164
f 1156/1156 54/54 55/55
f 1155/1155 1156/1156 55/55
f 55/55 51/51 1154/1154
f 1155/1155 55/55 1154/1154
f 198/198 327/327 164/164
f 336/336 198/198 164/164
f 55/55 54/54 1186/1186
f 1187/1187 55/55 1186/1186
f 113/113 197/197 194/194
f 192/192 113/113 194/194
f 114/114 115/115 197/197
f 113/113 114/114 197/197
f 345/345 36/36 35/35
f 258/258 345/345 35/35
f 259/259 260/260 269/269
f 268/268 259/259 269/269
f 259/259 33/33 32/32
f 260/260 259/259 32/32
f 259/259 347/347 34/34
f 33/33 259/259 34/34
f 258/258 35/35 34/34
f 347/347 258/258 34/34
f 347/347 259/259 268/268
f 346/346 347/347 268/268
f 281/281 337/337 285/285
f 286/286 281/281 285/285
f 337/337 281/281 117/117
f 195/195 337/337 117/117
f 195/195 196/196 338/338
f 337/337 195/195 338/338
f 196/196 194/194 339/339
f 338/338 196/196 339/339
f 115/115 342/342 341/341
f 197/197 115/115 341/341
f 197/197 341/341 339/339
f 194/194 197/197 339/339
f 337/337 338/338 284/284
f 285/285 337/337 284/284
f 338/338 339/339 340/340
f 284/284 338/338 340/340
f 339/339 341/341 283/283
f 340/340 339/339 283/283
f 341/341 342/342 343/343
f 283/283 341/341 343/343
f 286/286 285/285 269/269
f 270/270 286/286 269/269
f 261/261 270/270 269/269
f 260/260 261/261 269/269
f 285/285 284/284 268/268
f 269/269 285/285 268/268
f 268/268 284/284 340/340
f 346/346 268/268 340/340
f 347/347 346/346 267/267
f 258/258 347/347 267/267
f 340/340 283/283 267/267
f 346/346 340/340 267/267
f 258/258 267/267 344/344
f 345/345 258/258 344/344
f 283/283 343/343 344/344
f 267/267 283/283 344/344
f 170/170 172/172 1150/1150
f 1151/1151 170/170 1150/1150
f 1150/1150 169/169 171/171
f 1151/1151 1150/1150 171/171
f 1192/1192 172/172 170/170
f 1191/1191 1192/1192 170/170
f 1147/1147 427/427 49/49
f 1146/1146 1147/1147 49/49
f 45/45 44/44 1139/1139
f 1140/1140 45/45 1139/1139
f 1193/1193 358/358 172/172
f 1192/1192 1193/1193 172/172
f 1139/1139 44/44 357/357
f 1138/1138 1139/1139 357/357
f 1150/1150 172/172 358/358
f 1149/1149 1150/1150 358/358
f 159/159 362/362 365/365
f 158/158 159/159 365/365
f 303/303 364/364 363/363
f 157/157 303/303 363/363
f 158/158 365/365 366/366
f 301/301 158/158 366/366
f 363/363 373/373 130/130
f 157/157 363/363 130/130
f 72/72 126/126 129/129
f 375/375 72/72 129/129
f 126/126 127/127 128/128
f 129/129 126/126 128/128
f 373/373 129/129 128/128
f 130/130 373/373 128/128
f 157/157 130/130 9/9
f 10/10 157/157 9/9
f 127/127 7/7 8/8
f 128/128 127/127 8/8
f 130/130 128/128 8/8
f 9/9 130/130 8/8
f 1138/1138 378/378 379/379
f 1139/1139 1138/1138 379/379
f 1140/1140 1139/1139 379/379
f 380/380 1140/1140 379/379
f 1141/1141 1140/1140 380/380
f 381/381 1141/1141 380/380
f 1142/1142 1141/1141 381/381
f 382/382 1142/1142 381/381
f 1142/1142 382/382 383/383
f 1143/1143 1142/1142 383/383
f 1144/1144 1143/1143 383/383
f 384/384 1144/1144 383/383
f 1145/1145 1144/1144 384/384
f 385/385 1145/1145 384/384
f 1146/1146 1145/1145 385/385
f 386/386 1146/1146 385/385
f 1146/1146 386/386 387/387
f 1147/1147 1146/1146 387/387
f 379/379 156/156 154/154
f 380/380 379/379 154/154
f 380/380 154/154 155/155
f 381/381 380/380 155/155
f 381/381 155/155 323/323
f 382/382 381/381 323/323
f 323/323 434/434 383/383
f 382/382 323/323 383/383
f 320/320 147/147 385/385
f 384/384 320/320 385/385
f 234/234 233/233 160/160
f 350/350 234/234 160/160
f 159/159 14/14 15/15
f 388/388 159/159 15/15
f 37/37 428/428 388/388
f 15/15 37/37 388/388
f 159/159 388/388 368/368
f 362/362 159/159 368/368
f 208/208 171/171 330/330
f 329/329 208/208 330/330
f 360/360 361/361 348/348
f 169/169 360/360 348/348
f 368/368 388/388 428/428
f 367/367 368/368 428/428
f 210/210 329/329 330/330
f 160/160 210/210 330/330
f 169/169 348/348 421/421
f 349/349 169/169 421/421
f 423/423 422/422 19/19
f 20/20 423/423 19/19
f 348/348 361/361 16/16
f 17/17 348/348 16/16
f 330/330 349/349 350/350
f 160/160 330/330 350/350
f 348/348 17/17 18/18
f 421/421 348/348 18/18
f 422/422 421/421 18/18
f 19/19 422/422 18/18
f 44/44 45/45 1202/1202
f 1203/1203 44/44 1202/1202
f 1137/1137 389/389 378/378
f 1138/1138 1137/1137 378/378
f 389/389 354/354 390/390
f 378/378 389/389 390/390
f 390/390 156/156 379/379
f 378/378 390/390 379/379
f 190/190 250/250 394/394
f 395/395 190/190 394/394
f 395/395 396/396 245/245
f 190/190 395/395 245/245
f 396/396 397/397 191/191
f 245/245 396/396 191/191
f 397/397 398/398 189/189
f 191/191 397/397 189/189
f 399/399 173/173 189/189
f 398/398 399/399 189/189
f 174/174 173/173 399/399
f 400/400 174/174 399/399
f 175/175 174/174 400/400
f 401/401 175/175 400/400
f 176/176 175/175 401/401
f 402/402 176/176 401/401
f 177/177 176/176 402/402
f 403/403 177/177 402/402
f 405/405 406/406 307/307
f 306/306 405/405 307/307
f 406/406 407/407 246/246
f 307/307 406/406 246/246
f 407/407 408/408 118/118
f 246/246 407/407 118/118
f 1212/1212 118/118 408/408
f 1211/1211 1212/1212 408/408
f 119/119 1212/1212 1211/1211
f 409/409 119/119 1211/1211
f 409/409 410/410 111/111
f 119/119 409/409 111/111
f 410/410 411/411 112/112
f 111/111 410/410 112/112
f 411/411 412/412 110/110
f 112/112 411/411 110/110
f 412/412 413/413 59/59
f 110/110 412/412 59/59
f 413/413 414/414 60/60
f 59/59 413/413 60/60
f 133/133 167/167 420/420
f 419/419 133/133 420/420
f 418/418 57/57 1134/1134
f 1135/1135 418/418 1134/1134
f 357/357 44/44 1203/1203
f 1204/1204 357/357 1203/1203
f 1205/1205 417/417 357/357
f 1204/1204 1205/1205 357/357
f 1138/1138 357/357 417/417
f 1137/1137 1138/1138 417/417
f 57/57 418/418 1183/1183
f 1184/1184 57/57 1183/1183
f 49/49 427/427 1195/1195
f 1196/1196 49/49 1195/1195
f 171/171 169/169 349/349
f 330/330 171/171 349/349
f 234/234 350/350 422/422
f 423/423 234/234 422/422
f 350/350 349/349 421/421
f 422/422 350/350 421/421
f 367/367 428/428 361/361
f 360/360 367/367 361/361
f 37/37 16/16 361/361
f 428/428 37/37 361/361
f 434/434 320/320 384/384
f 383/383 434/434 384/384
f 434/434 435/435 319/319
f 320/320 434/434 319/319
f 435/435 436/436 318/318
f 319/319 435/435 318/318
f 315/315 318/318 436/436
f 437/437 315/315 436/436
f 314/314 315/315 437/437
f 438/438 314/314 437/437
f 438/438 439/439 313/313
f 314/314 438/438 313/313
f 439/439 440/440 309/309
f 313/313 439/439 309/309
f 440/440 441/441 88/88
f 309/309 440/440 88/88
f 441/441 308/308 442/442
f 88/88 441/441 442/442
f 67/67 88/88 442/442
f 443/443 67/67 442/442
f 69/69 67/67 443/443
f 1206/1206 69/69 443/443
f 387/387 386/386 135/135
f 50/50 387/387 135/135
f 147/147 135/135 386/386
f 385/385 147/147 386/386
f 321/321 322/322 152/152
f 151/151 321/321 152/152
f 155/155 152/152 322/322
f 323/323 155/155 322/322
f 148/148 151/151 150/150
f 149/149 148/148 150/150
f 149/149 150/150 180/180
f 181/181 149/149 180/180
f 180/180 404/404 403/403
f 181/181 180/180 403/403
f 413/413 177/177 178/178
f 414/414 413/413 178/178
f 403/403 404/404 178/178
f 177/177 403/403 178/178
f 155/155 154/154 153/153
f 152/152 155/155 153/153
f 151/151 152/152 448/448
f 150/150 151/151 448/448
f 154/154 156/156 355/355
f 153/153 154/154 355/355
f 180/180 449/449 450/450
f 404/404 180/180 450/450
f 150/150 448/448 449/449
f 180/180 150/150 449/449
f 448/448 452/452 453/453
f 449/449 448/448 453/453
f 153/153 452/452 448/448
f 152/152 153/153 448/448
f 355/355 456/456 452/452
f 153/153 355/355 452/452
f 419/419 420/420 356/356
f 416/416 419/419 356/356
f 389/389 416/416 356/356
f 354/354 389/389 356/356
f 47/47 418/418 1135/1135
f 1136/1136 47/47 1135/1135
f 1137/1137 417/417 47/47
f 1136/1136 1137/1137 47/47
f 47/47 417/417 1205/1205
f 1182/1182 47/47 1205/1205
f 418/418 47/47 1182/1182
f 1183/1183 418/418 1182/1182
f 359/359 1194/1194 1195/1195
f 427/427 359/359 1195/1195
f 1193/1193 1194/1194 359/359
f 358/358 1193/1193 359/359
f 1149/1149 358/358 359/359
f 1148/1148 1149/1149 359/359
f 359/359 427/427 1147/1147
f 1148/1148 359/359 1147/1147
f 1149/1149 1148/1148 433/433
f 360/360 1149/1149 433/433
f 433/433 371/371 367/367
f 360/360 433/433 367/367
f 1147/1147 387/387 433/433
f 1148/1148 1147/1147 433/433
f 372/372 371/371 50/50
f 161/161 372/372 50/50
f 387/387 50/50 371/371
f 433/433 387/387 371/371
f 161/161 136/136 369/369
f 372/372 161/161 369/369
f 371/371 372/372 368/368
f 367/367 371/371 368/368
f 370/370 369/369 136/136
f 137/137 370/370 136/136
f 368/368 372/372 369/369
f 362/362 368/368 369/369
f 369/369 370/370 365/365
f 362/362 369/369 365/365
f 447/447 370/370 137/137
f 300/300 447/447 137/137
f 300/300 302/302 446/446
f 447/447 300/300 446/446
f 365/365 370/370 447/447
f 366/366 365/365 447/447
f 302/302 138/138 445/445
f 446/446 302/302 445/445
f 366/366 447/447 446/446
f 364/364 366/366 446/446
f 138/138 142/142 374/374
f 445/445 138/138 374/374
f 446/446 445/445 363/363
f 364/364 446/446 363/363
f 143/143 83/83 142/142
f 141/141 143/143 142/142
f 374/374 142/142 83/83
f 375/375 374/374 83/83
f 445/445 374/374 373/373
f 363/363 445/445 373/373
f 129/129 373/373 374/374
f 375/375 129/129 374/374
f 202/202 201/201 235/235
f 167/167 202/202 235/235
f 356/356 376/376 179/179
f 354/354 356/356 179/179
f 179/179 391/391 390/390
f 354/354 179/179 390/390
f 390/390 391/391 355/355
f 156/156 390/390 355/355
f 459/459 460/460 179/179
f 376/376 459/459 179/179
f 391/391 457/457 456/456
f 355/355 391/391 456/456
f 460/460 464/464 391/391
f 179/179 460/460 391/391
f 464/464 470/470 457/457
f 391/391 464/464 457/457
f 235/235 236/236 420/420
f 167/167 235/235 420/420
f 475/475 476/476 236/236
f 235/235 475/475 236/236
f 420/420 236/236 376/376
f 356/356 420/420 376/376
f 376/376 236/236 476/476
f 459/459 376/376 476/476
f 201/201 228/228 475/475
f 235/235 201/201 475/475
f 470/470 471/471 458/458
f 457/457 470/470 458/458
f 404/404 450/450 451/451
f 178/178 404/404 451/451
f 178/178 451/451 415/415
f 414/414 178/178 415/415
f 415/415 451/451 480/480
f 479/479 415/415 480/480
f 453/453 454/454 450/450
f 449/449 453/453 450/450
f 450/450 454/454 480/480
f 451/451 450/450 480/480
f 457/457 458/458 455/455
f 456/456 457/457 455/455
f 456/456 455/455 453/453
f 452/452 456/456 453/453
f 480/480 482/482 481/481
f 479/479 480/480 481/481
f 458/458 477/477 484/484
f 455/455 458/458 484/484
f 471/471 461/461 477/477
f 458/458 471/471 477/477
f 481/481 482/482 485/485
f 483/483 481/481 485/485
f 480/480 454/454 484/484
f 482/482 480/480 484/484
f 482/482 484/484 477/477
f 485/485 482/482 477/477
f 453/453 455/455 484/484
f 454/454 453/453 484/484
f 483/483 485/485 477/477
f 461/461 483/483 477/477
f 68/68 70/70 80/80
f 81/81 68/68 80/80
f 81/81 82/82 83/83
f 143/143 81/81 83/83
f 375/375 83/83 82/82
f 72/72 375/375 82/82
f 72/72 82/82 444/444
f 73/73 72/72 444/444
f 81/81 80/80 444/444
f 82/82 81/81 444/444
f 4/4 5/5 325/325
f 324/324 4/4 325/325
f 38/38 429/429 125/125
f 6/6 38/38 125/125
f 125/125 486/486 39/39
f 6/6 125/125 39/39
f 39/39 486/486 325/325
f 5/5 39/39 325/325
f 429/429 430/430 76/76
f 125/125 429/429 76/76
f 324/324 325/325 77/77
f 308/308 324/324 77/77
f 325/325 486/486 487/487
f 77/77 325/325 487/487
f 125/125 76/76 487/487
f 486/486 125/125 487/487
f 430/430 431/431 74/74
f 76/76 430/430 74/74
f 308/308 77/77 78/78
f 442/442 308/308 78/78
f 77/77 487/487 488/488
f 78/78 77/77 488/488
f 76/76 74/74 488/488
f 487/487 76/76 488/488
f 431/431 432/432 75/75
f 74/74 431/431 75/75
f 442/442 78/78 79/79
f 443/443 442/442 79/79
f 78/78 488/488 489/489
f 79/79 78/78 489/489
f 74/74 75/75 489/489
f 488/488 74/74 489/489
f 475/475 237/237 474/474
f 476/476 475/475 474/474
f 237/237 215/215 467/467
f 474/474 237/237 467/467
f 40/40 468/468 946/946
f 947/947 40/40 946/946
f 168/168 949/949 950/950
f 214/214 168/168 950/950
f 223/223 224/224 218/218
f 217/217 223/223 218/218
f 229/229 230/230 224/224
f 223/223 229/229 224/224
f 331/331 951/951 952/952
f 213/213 331/331 952/952
f 231/231 225/225 333/333
f 334/334 231/231 333/333
f 214/214 950/950 951/951
f 331/331 214/214 951/951
f 224/224 333/333 332/332
f 218/218 224/224 332/332
f 219/219 332/332 333/333
f 225/225 219/219 333/333
f 230/230 334/334 333/333
f 224/224 230/230 333/333
f 233/233 234/234 351/351
f 227/227 233/233 351/351
f 227/227 351/351 352/352
f 221/221 227/227 352/352
f 954/954 955/955 353/353
f 132/132 954/954 353/353
f 414/414 415/415 61/61
f 60/60 414/414 61/61
f 423/423 424/424 351/351
f 234/234 423/423 351/351
f 353/353 955/955 956/956
f 426/426 353/353 956/956
f 20/20 1042/1042 424/424
f 423/423 20/20 424/424
f 424/424 1042/1042 1023/1023
f 425/425 424/424 1023/1023
f 351/351 424/424 425/425
f 352/352 351/351 425/425
f 21/21 426/426 956/956
f 957/957 21/21 956/956
f 392/392 462/462 483/483
f 461/461 392/392 483/483
f 929/929 906/906 463/463
f 928/928 929/929 463/463
f 929/929 928/928 936/936
f 937/937 929/929 936/936
f 481/481 483/483 462/462
f 62/62 481/481 462/462
f 927/927 928/928 463/463
f 393/393 927/927 463/463
f 969/969 946/946 468/468
f 58/58 969/969 468/468
f 946/946 969/969 1024/1024
f 467/467 946/946 1024/1024
f 474/474 473/473 459/459
f 476/476 474/474 459/459
f 473/473 472/472 460/460
f 459/459 473/473 460/460
f 932/932 296/296 209/209
f 931/931 932/932 209/209
f 464/464 465/465 466/466
f 470/470 464/464 466/466
f 932/932 931/931 939/939
f 940/940 932/932 939/939
f 472/472 465/465 464/464
f 460/460 472/472 464/464
f 923/923 919/919 918/918
f 999/999 923/923 918/918
f 999/999 918/918 917/917
f 998/998 999/999 917/917
f 916/916 997/997 998/998
f 917/917 916/916 998/998
f 40/40 947/947 948/948
f 131/131 40/40 948/948
f 228/228 222/222 237/237
f 475/475 228/228 237/237
f 168/168 131/131 948/948
f 949/949 168/168 948/948
f 217/217 216/216 222/222
f 223/223 217/217 222/222
f 222/222 216/216 215/215
f 237/237 222/222 215/215
f 229/229 223/223 222/222
f 228/228 229/229 222/222
f 212/212 953/953 954/954
f 132/132 212/212 954/954
f 233/233 227/227 226/226
f 232/232 233/233 226/226
f 952/952 953/953 212/212
f 213/213 952/952 212/212
f 225/225 226/226 220/220
f 219/219 225/225 220/220
f 221/221 220/220 226/226
f 227/227 221/221 226/226
f 231/231 232/232 226/226
f 225/225 231/231 226/226
f 924/924 920/920 919/919
f 923/923 924/924 919/919
f 923/923 989/989 990/990
f 924/924 923/923 990/990
f 925/925 921/921 920/920
f 924/924 925/925 920/920
f 930/930 931/931 209/209
f 905/905 930/930 209/209
f 466/466 469/469 471/471
f 470/470 466/466 471/471
f 929/929 930/930 905/905
f 906/906 929/929 905/905
f 929/929 937/937 938/938
f 930/930 929/929 938/938
f 931/931 930/930 938/938
f 939/939 931/931 938/938
f 461/461 471/471 469/469
f 392/392 461/461 469/469
f 915/915 996/996 997/997
f 916/916 915/915 997/997
f 926/926 927/927 393/393
f 922/922 926/926 393/393
f 481/481 62/62 478/478
f 479/479 481/481 478/478
f 925/925 926/926 922/922
f 921/921 925/925 922/922
f 925/925 933/933 934/934
f 926/926 925/925 934/934
f 927/927 926/926 934/934
f 935/935 927/927 934/934
f 415/415 479/479 478/478
f 61/61 415/415 478/478
f 968/968 377/377 296/296
f 932/932 968/968 296/296
f 969/969 58/58 377/377
f 968/968 969/969 377/377
f 1095/1095 1094/1094 1190/1190
f 1189/1189 1095/1095 1190/1190
f 1087/1087 1197/1197 1196/1196
f 1088/1088 1087/1087 1196/1196
f 1087/1087 1086/1086 1198/1198
f 1197/1197 1087/1087 1198/1198
f 1086/1086 1109/1109 1199/1199
f 1198/1198 1086/1086 1199/1199
f 1108/1108 1200/1200 1199/1199
f 1109/1109 1108/1108 1199/1199
f 1107/1107 1201/1201 1200/1200
f 1108/1108 1107/1107 1200/1200
f 1107/1107 1106/1106 1202/1202
f 1201/1201 1107/1107 1202/1202
f 1106/1106 1105/1105 1203/1203
f 1202/1202 1106/1106 1203/1203
f 1105/1105 1104/1104 1204/1204
f 1203/1203 1105/1105 1204/1204
f 1104/1104 1103/1103 1205/1205
f 1204/1204 1104/1104 1205/1205
f 1103/1103 1102/1102 1182/1182
f 1205/1205 1103/1103 1182/1182
f 1101/1101 1183/1183 1182/1182
f 1102/1102 1101/1101 1182/1182
f 1100/1100 1184/1184 1183/1183
f 1101/1101 1100/1100 1183/1183
f 1097/1097 1187/1187 1186/1186
f 1098/1098 1097/1097 1186/1186
f 491/491 1165/1165 1166/1166
f 498/498 491/491 1166/1166
f 499/499 498/498 1166/1166
f 1167/1167 499/499 1166/1166
f 495/495 1161/1161 1162/1162
f 496/496 495/495 1162/1162
f 493/493 496/496 1162/1162
f 1163/1163 493/493 1162/1162
f 504/504 1177/1177 1178/1178
f 506/506 504/504 1178/1178
f 1180/1180 848/848 507/507
f 1179/1179 1180/1180 507/507
f 507/507 506/506 1178/1178
f 1179/1179 507/507 1178/1178
f 503/503 1173/1173 1174/1174
f 502/502 503/503 1174/1174
f 1172/1172 1173/1173 503/503
f 619/619 1172/1172 503/503
f 1126/1126 503/503 502/502
f 1127/1127 1126/1126 502/502
f 1131/1131 506/506 507/507
f 1132/1132 1131/1131 507/507
f 540/540 533/533 1/1
f 2/2 540/540 1/1
f 550/550 534/534 535/535
f 549/549 550/550 535/535
f 552/552 551/551 534/534
f 550/550 552/552 534/534
f 641/641 562/562 508/508
f 559/559 641/641 508/508
f 30/30 31/31 696/696
f 697/697 30/30 696/696
f 595/595 596/596 584/584
f 583/583 595/595 584/584
f 588/588 595/595 583/583
f 594/594 588/588 583/583
f 515/515 514/514 598/598
f 597/597 515/515 598/598
f 607/607 608/608 14/14
f 13/13 607/607 14/14
f 1125/1125 619/619 503/503
f 1126/1126 1125/1125 503/503
f 840/840 623/623 622/622
f 839/839 840/840 622/622
f 841/841 624/624 623/623
f 840/840 841/841 623/623
f 842/842 625/625 624/624
f 841/841 842/842 624/624
f 626/626 625/625 842/842
f 843/843 626/626 842/842
f 631/631 630/630 598/598
f 514/514 631/631 598/598
f 631/631 832/832 833/833
f 630/630 631/631 833/833
f 632/632 631/631 514/514
f 513/513 632/632 514/514
f 632/632 831/831 832/832
f 631/631 632/632 832/832
f 633/633 830/830 831/831
f 632/632 633/633 831/831
f 512/512 633/633 632/632
f 513/513 512/512 632/632
f 634/634 829/829 830/830
f 633/633 634/634 830/830
f 635/635 828/828 829/829
f 634/634 635/635 829/829
f 695/695 696/696 31/31
f 32/32 695/695 31/31
f 1210/1210 1208/1208 568/568
f 839/839 1210/1210 568/568
f 565/565 560/560 568/568
f 569/569 565/565 568/568
f 641/641 559/559 561/561
f 642/642 641/641 561/561
f 642/642 561/561 560/560
f 565/565 642/642 560/560
f 644/644 565/565 569/569
f 566/566 644/644 569/569
f 645/645 642/642 565/565
f 644/644 645/645 565/565
f 643/643 641/641 642/642
f 645/645 643/643 642/642
f 697/697 696/696 705/705
f 706/706 697/697 705/705
f 715/715 716/716 566/566
f 573/573 715/715 566/566
f 648/648 614/614 615/615
f 651/651 648/648 615/615
f 647/647 648/648 649/649
f 612/612 647/647 649/649
f 650/650 649/649 648/648
f 651/651 650/650 648/648
f 651/651 615/615 582/582
f 616/616 651/651 582/582
f 857/857 576/576 7/7
f 38/38 857/857 7/7
f 858/858 575/575 576/576
f 857/857 858/858 576/576
f 859/859 521/521 575/575
f 858/858 859/859 575/575
f 860/860 522/522 521/521
f 859/859 860/860 521/521
f 621/621 1171/1171 1172/1172
f 619/619 621/621 1172/1172
f 635/635 634/634 551/551
f 552/552 635/635 551/551
f 727/727 534/534 551/551
f 512/512 727/727 551/551
f 512/512 551/551 634/634
f 633/633 512/512 634/634
f 655/655 513/513 514/514
f 515/515 655/655 514/514
f 663/663 664/664 649/649
f 650/650 663/663 649/649
f 665/665 612/612 649/649
f 664/664 665/665 649/649
f 658/658 659/659 666/666
f 667/667 658/658 666/666
f 672/672 23/23 24/24
f 543/543 672/672 24/24
f 673/673 545/545 547/547
f 674/674 673/673 547/547
f 675/675 674/674 547/547
f 555/555 675/675 547/547
f 676/676 675/675 555/555
f 556/556 676/676 555/555
f 677/677 676/676 556/556
f 553/553 677/677 556/556
f 678/678 677/677 553/553
f 637/637 678/678 553/553
f 826/826 678/678 637/637
f 825/825 826/826 637/637
f 1218/1218 571/571 682/682
f 681/681 1218/1218 682/682
f 713/713 682/682 571/571
f 712/712 713/713 571/571
f 708/708 724/724 725/725
f 709/709 708/708 725/725
f 699/699 708/708 709/709
f 700/700 699/699 709/709
f 699/699 700/700 27/27
f 28/28 699/699 27/27
f 700/700 701/701 26/26
f 27/27 700/700 26/26
f 700/700 709/709 710/710
f 701/701 700/700 710/710
f 709/709 725/725 726/726
f 710/710 709/709 726/726
f 571/571 683/683 711/711
f 712/712 571/571 711/711
f 689/689 688/688 556/556
f 555/555 689/689 556/556
f 690/690 689/689 555/555
f 547/547 690/690 555/555
f 545/545 691/691 690/690
f 547/547 545/545 690/690
f 543/543 24/24 25/25
f 692/692 543/543 25/25
f 725/725 712/712 711/711
f 726/726 725/725 711/711
f 724/724 713/713 712/712
f 725/725 724/724 712/712
f 722/722 721/721 716/716
f 715/715 722/722 716/716
f 508/508 562/562 563/563
f 509/509 508/508 563/563
f 653/653 592/592 530/530
f 517/517 653/653 530/530
f 1132/1132 582/582 615/615
f 1131/1131 1132/1132 615/615
f 1130/1130 1131/1131 615/615
f 614/614 1130/1130 615/615
f 1130/1130 504/504 506/506
f 1131/1131 1130/1130 506/506
f 657/657 1126/1126 1127/1127
f 611/611 657/657 1127/1127
f 620/620 1125/1125 1126/1126
f 657/657 620/620 1126/1126
f 1119/1119 498/498 499/499
f 1120/1120 1119/1119 499/499
f 816/816 1119/1119 1120/1120
f 817/817 816/816 1120/1120
f 1118/1118 491/491 498/498
f 1119/1119 1118/1118 498/498
f 815/815 1118/1118 1119/1119
f 816/816 815/815 1119/1119
f 1115/1115 496/496 493/493
f 1116/1116 1115/1115 493/493
f 812/812 1115/1115 1116/1116
f 813/813 812/812 1116/1116
f 1114/1114 495/495 496/496
f 1115/1115 1114/1114 496/496
f 811/811 1114/1114 1115/1115
f 812/812 811/811 1115/1115
f 1113/1113 494/494 495/495
f 1114/1114 1113/1113 495/495
f 734/734 593/593 590/590
f 730/730 734/734 590/590
f 591/591 590/590 593/593
f 587/587 591/591 593/593
f 11/11 10/10 606/606
f 738/738 11/11 606/606
f 610/610 585/585 594/594
f 583/583 610/610 594/594
f 500/500 610/610 583/583
f 584/584 500/500 583/583
f 727/727 512/512 513/513
f 655/655 727/727 513/513
f 732/732 535/535 534/534
f 727/727 732/732 534/534
f 548/548 539/539 520/520
f 541/541 548/548 520/520
f 730/730 590/590 592/592
f 653/653 730/730 592/592
f 541/541 520/520 533/533
f 540/540 541/541 533/533
f 543/543 545/545 673/673
f 672/672 543/543 673/673
f 692/692 691/691 545/545
f 543/543 692/692 545/545
f 1218/1218 742/742 741/741
f 684/684 1218/1218 741/741
f 680/680 742/742 1218/1218
f 681/681 680/680 1218/1218
f 837/837 679/679 639/639
f 836/836 837/837 639/639
f 639/639 685/685 835/835
f 836/836 639/639 835/835
f 686/686 824/824 825/825
f 637/637 686/686 825/825
f 687/687 686/686 637/637
f 553/553 687/687 637/637
f 688/688 687/687 553/553
f 556/556 688/688 553/553
f 542/542 22/22 23/23
f 672/672 542/542 23/23
f 542/542 540/540 2/2
f 22/22 542/542 2/2
f 544/544 542/542 672/672
f 673/673 544/544 672/672
f 544/544 541/541 540/540
f 542/542 544/544 540/540
f 546/546 544/544 673/673
f 674/674 546/546 673/673
f 546/546 548/548 541/541
f 544/544 546/546 541/541
f 558/558 546/546 674/674
f 675/675 558/558 674/674
f 535/535 539/539 548/548
f 549/549 535/535 548/548
f 548/548 546/546 558/558
f 549/549 548/548 558/558
f 557/557 558/558 675/675
f 676/676 557/557 675/675
f 550/550 549/549 558/558
f 557/557 550/550 558/558
f 554/554 557/557 676/676
f 677/677 554/554 676/676
f 552/552 550/550 557/557
f 554/554 552/552 557/557
f 635/635 552/552 554/554
f 636/636 635/635 554/554
f 636/636 554/554 677/677
f 678/678 636/636 677/677
f 827/827 636/636 678/678
f 826/826 827/827 678/678
f 828/828 635/635 636/636
f 827/827 828/828 636/636
f 838/838 640/640 679/679
f 837/837 838/838 679/679
f 1210/1210 839/839 622/622
f 638/638 1210/1210 622/622
f 1210/1210 638/638 640/640
f 838/838 1210/1210 640/640
f 570/570 567/567 680/680
f 681/681 570/570 680/680
f 838/838 567/567 1208/1208
f 1210/1210 838/838 1208/1208
f 572/572 570/570 681/681
f 682/682 572/572 681/681
f 714/714 572/572 682/682
f 713/713 714/714 682/682
f 715/715 573/573 572/572
f 714/714 715/715 572/572
f 723/723 714/714 713/713
f 724/724 723/723 713/713
f 722/722 715/715 714/714
f 723/723 722/722 714/714
f 705/705 721/721 722/722
f 706/706 705/705 722/722
f 707/707 723/723 724/724
f 708/708 707/707 724/724
f 706/706 722/722 723/723
f 707/707 706/706 723/723
f 698/698 707/707 708/708
f 699/699 698/698 708/708
f 698/698 697/697 706/706
f 707/707 698/698 706/706
f 29/29 698/698 699/699
f 28/28 29/29 699/699
f 30/30 697/697 698/698
f 29/29 30/30 698/698
f 538/538 520/520 539/539
f 536/536 538/538 539/539
f 729/729 533/533 520/520
f 538/538 729/729 520/520
f 3/3 1/1 533/533
f 729/729 3/3 533/533
f 732/732 536/536 539/539
f 535/535 732/732 539/539
f 732/732 727/727 655/655
f 745/745 732/732 655/655
f 745/745 655/655 515/515
f 746/746 745/745 515/515
f 747/747 746/746 515/515
f 597/597 747/747 515/515
f 756/756 747/747 597/597
f 600/600 756/756 597/597
f 867/867 745/745 746/746
f 866/866 867/867 746/746
f 869/869 536/536 732/732
f 868/868 869/869 732/732
f 732/732 745/745 867/867
f 868/868 732/732 867/867
f 744/744 748/748 654/654
f 733/733 744/744 654/654
f 588/588 594/594 740/740
f 717/717 588/588 740/740
f 739/739 752/752 751/751
f 589/589 739/739 751/751
f 753/753 588/588 717/717
f 750/750 753/753 717/717
f 587/587 593/593 752/752
f 737/737 587/587 752/752
f 750/750 717/717 589/589
f 749/749 750/750 589/589
f 747/747 865/865 866/866
f 746/746 747/747 866/866
f 589/589 717/717 740/740
f 739/739 589/589 740/740
f 586/586 740/740 594/594
f 585/585 586/586 594/594
f 735/735 737/737 752/752
f 739/739 735/735 752/752
f 739/739 740/740 586/586
f 735/735 739/739 586/586
f 797/797 736/736 738/738
f 795/795 797/797 738/738
f 13/13 12/12 736/736
f 607/607 13/13 736/736
f 736/736 12/12 11/11
f 738/738 736/736 11/11
f 516/516 733/733 656/656
f 518/518 516/516 656/656
f 518/518 656/656 653/653
f 517/517 518/518 653/653
f 537/537 744/744 733/733
f 516/516 537/537 733/733
f 743/743 538/538 536/536
f 869/869 743/743 536/536
f 756/756 864/864 865/865
f 747/747 756/756 865/865
f 754/754 595/595 588/588
f 753/753 754/754 588/588
f 755/755 596/596 595/595
f 754/754 755/755 595/595
f 814/814 1117/1117 1118/1118
f 815/815 814/814 1118/1118
f 1164/1164 1165/1165 491/491
f 492/492 1164/1164 491/491
f 864/864 756/756 757/757
f 863/863 864/864 757/757
f 863/863 757/757 758/758
f 862/862 863/863 758/758
f 814/814 813/813 1116/1116
f 1117/1117 814/814 1116/1116
f 1163/1163 1164/1164 492/492
f 493/493 1163/1163 492/492
f 759/759 729/729 538/538
f 743/743 759/759 538/538
f 759/759 4/4 3/3
f 729/729 759/759 3/3
f 734/734 751/751 752/752
f 593/593 734/734 752/752
f 728/728 749/749 589/589
f 751/751 728/728 589/589
f 652/652 730/730 653/653
f 656/656 652/652 653/653
f 654/654 652/652 656/656
f 733/733 654/654 656/656
f 761/761 652/652 654/654
f 728/728 761/761 654/654
f 652/652 761/761 734/734
f 730/730 652/652 734/734
f 749/749 728/728 654/654
f 748/748 749/749 654/654
f 734/734 761/761 728/728
f 751/751 734/734 728/728
f 501/501 1175/1175 1176/1176
f 505/505 501/501 1176/1176
f 501/501 502/502 1174/1174
f 1175/1175 501/501 1174/1174
f 1129/1129 1130/1130 614/614
f 762/762 1129/1129 614/614
f 762/762 614/614 648/648
f 647/647 762/762 648/648
f 1128/1128 501/501 505/505
f 1129/1129 1128/1128 505/505
f 1128/1128 1127/1127 502/502
f 501/501 1128/1128 502/502
f 613/613 611/611 1127/1127
f 1128/1128 613/613 1127/1127
f 764/764 657/657 611/611
f 763/763 764/764 611/611
f 609/609 658/658 667/667
f 668/668 609/609 667/667
f 764/764 763/763 659/659
f 658/658 764/764 659/659
f 768/768 612/612 665/665
f 767/767 768/768 665/665
f 768/768 767/767 666/666
f 659/659 768/768 666/666
f 769/769 647/647 612/612
f 768/768 769/769 612/612
f 763/763 769/769 768/768
f 659/659 763/763 768/768
f 613/613 769/769 763/763
f 611/611 613/613 763/763
f 1129/1129 762/762 613/613
f 1128/1128 1129/1129 613/613
f 613/613 762/762 647/647
f 769/769 613/613 647/647
f 1176/1176 1177/1177 504/504
f 505/505 1176/1176 504/504
f 643/643 646/646 562/562
f 641/641 643/643 562/562
f 646/646 564/564 563/563
f 562/562 646/646 563/563
f 35/35 36/36 778/778
f 693/693 35/35 778/778
f 704/704 695/695 694/694
f 703/703 704/704 694/694
f 32/32 33/33 694/694
f 695/695 32/32 694/694
f 34/34 780/780 694/694
f 33/33 34/34 694/694
f 34/34 35/35 693/693
f 780/780 34/34 693/693
f 703/703 694/694 780/780
f 779/779 703/703 780/780
f 720/720 770/770 716/716
f 721/721 720/720 716/716
f 566/566 716/716 770/770
f 644/644 566/566 770/770
f 771/771 645/645 644/644
f 770/770 771/771 644/644
f 772/772 643/643 645/645
f 771/771 772/772 645/645
f 774/774 775/775 564/564
f 646/646 774/774 564/564
f 772/772 774/774 646/646
f 643/643 772/772 646/646
f 719/719 771/771 770/770
f 720/720 719/719 770/770
f 773/773 772/772 771/771
f 719/719 773/773 771/771
f 718/718 774/774 772/772
f 773/773 718/718 772/772
f 776/776 775/775 774/774
f 718/718 776/776 774/774
f 704/704 720/720 721/721
f 705/705 704/704 721/721
f 704/704 705/705 696/696
f 695/695 704/704 696/696
f 703/703 719/719 720/720
f 704/704 703/703 720/720
f 773/773 719/719 703/703
f 779/779 773/773 703/703
f 702/702 779/779 780/780
f 693/693 702/702 780/780
f 702/702 718/718 773/773
f 779/779 702/702 773/773
f 777/777 702/702 693/693
f 778/778 777/777 693/693
f 777/777 776/776 718/718
f 702/702 777/777 718/718
f 1124/1124 621/621 619/619
f 1125/1125 1124/1124 619/619
f 618/618 1124/1124 1125/1125
f 620/620 618/618 1125/1125
f 1168/1168 855/855 499/499
f 1167/1167 1168/1168 499/499
f 818/818 817/817 1120/1120
f 1121/1121 818/818 1120/1120
f 810/810 1113/1113 1114/1114
f 811/811 810/810 1114/1114
f 1160/1160 1161/1161 495/495
f 494/494 1160/1160 495/495
f 789/789 1170/1170 1171/1171
f 621/621 789/789 1171/1171
f 1123/1123 1124/1124 618/618
f 791/791 1123/1123 618/618
f 809/809 1112/1112 1113/1113
f 810/810 809/809 1113/1113
f 1133/1133 1132/1132 507/507
f 848/848 1133/1133 507/507
f 1160/1160 494/494 788/788
f 1159/1159 1160/1160 788/788
f 796/796 793/793 608/608
f 607/607 796/796 608/608
f 794/794 795/795 738/738
f 606/606 794/794 738/738
f 797/797 796/796 607/607
f 736/736 797/797 607/607
f 579/579 804/804 794/794
f 606/606 579/579 794/794
f 578/578 575/575 521/521
f 806/806 578/578 521/521
f 577/577 576/576 575/575
f 578/578 577/577 575/575
f 577/577 578/578 804/804
f 579/579 577/577 804/804
f 9/9 579/579 606/606
f 10/10 9/9 606/606
f 8/8 7/7 576/576
f 577/577 8/8 576/576
f 8/8 577/577 579/579
f 9/9 8/8 579/579
f 603/603 605/605 810/810
f 811/811 603/603 810/810
f 604/604 603/603 811/811
f 812/812 604/604 811/811
f 758/758 604/604 812/812
f 813/813 758/758 812/812
f 814/814 862/862 758/758
f 813/813 814/814 758/758
f 816/816 596/596 755/755
f 815/815 816/816 755/755
f 609/609 668/668 669/669
f 783/783 609/609 669/669
f 15/15 14/14 608/608
f 819/819 15/15 608/608
f 819/819 856/856 37/37
f 15/15 819/819 37/37
f 799/799 819/819 608/608
f 793/793 799/799 608/608
f 765/765 620/620 657/657
f 764/764 765/765 657/657
f 781/781 792/792 791/791
f 618/618 781/781 791/791
f 856/856 819/819 799/799
f 798/798 856/856 799/799
f 765/765 764/764 658/658
f 609/609 765/765 658/658
f 851/851 781/781 618/618
f 782/782 851/851 618/618
f 19/19 852/852 853/853
f 20/20 19/19 853/853
f 16/16 792/792 781/781
f 17/17 16/16 781/781
f 783/783 782/782 765/765
f 609/609 783/783 765/765
f 18/18 17/17 781/781
f 851/851 18/18 781/781
f 18/18 851/851 852/852
f 19/19 18/18 852/852
f 820/820 1111/1111 1112/1112
f 809/809 820/820 1112/1112
f 821/821 785/785 820/820
f 809/809 821/821 820/820
f 810/810 605/605 821/821
f 809/809 810/810 821/821
f 824/824 685/685 639/639
f 825/825 824/824 639/639
f 679/679 826/826 825/825
f 639/639 679/679 825/825
f 640/640 827/827 826/826
f 679/679 640/640 826/826
f 638/638 828/828 827/827
f 640/640 638/638 827/827
f 638/638 622/622 829/829
f 828/828 638/638 829/829
f 829/829 622/622 623/623
f 830/830 829/829 623/623
f 830/830 623/623 624/624
f 831/831 830/830 624/624
f 831/831 624/624 625/625
f 832/832 831/831 625/625
f 832/832 625/625 626/626
f 833/833 832/832 626/626
f 742/742 836/836 835/835
f 741/741 742/742 835/835
f 680/680 837/837 836/836
f 742/742 680/680 836/836
f 567/567 838/838 837/837
f 680/680 567/567 837/837
f 560/560 840/840 839/839
f 568/568 560/560 839/839
f 561/561 841/841 840/840
f 560/560 561/561 840/840
f 559/559 842/842 841/841
f 561/561 559/559 841/841
f 508/508 843/843 842/842
f 559/559 508/508 842/842
f 509/509 844/844 843/843
f 508/508 509/509 843/843
f 850/850 616/616 582/582
f 849/849 850/850 582/582
f 1133/1133 849/849 582/582
f 1132/1132 1133/1133 582/582
f 847/847 1158/1158 1159/1159
f 788/788 847/847 1159/1159
f 782/782 618/618 620/620
f 765/765 782/782 620/620
f 852/852 783/783 669/669
f 853/853 852/852 669/669
f 851/851 782/782 783/783
f 852/852 851/851 783/783
f 792/792 856/856 798/798
f 791/791 792/792 798/798
f 792/792 16/16 37/37
f 856/856 792/792 37/37
f 815/815 755/755 862/862
f 814/814 815/815 862/862
f 754/754 863/863 862/862
f 755/755 754/754 862/862
f 753/753 864/864 863/863
f 754/754 753/753 863/863
f 864/864 753/753 750/750
f 865/865 864/864 750/750
f 865/865 750/750 749/749
f 866/866 865/865 749/749
f 748/748 867/867 866/866
f 749/749 748/748 866/866
f 744/744 868/868 867/867
f 748/748 744/744 867/867
f 537/537 869/869 868/868
f 744/744 537/537 868/868
f 870/870 743/743 869/869
f 537/537 870/870 869/869
f 870/870 537/537 516/516
f 871/871 870/870 516/516
f 584/584 817/817 818/818
f 500/500 584/584 818/818
f 817/817 584/584 596/596
f 816/816 817/817 596/596
f 601/601 757/757 756/756
f 600/600 601/601 756/756
f 757/757 601/601 604/604
f 758/758 757/757 604/604
f 599/599 600/600 597/597
f 598/598 599/599 597/597
f 629/629 599/599 598/598
f 630/630 629/629 598/598
f 833/833 834/834 629/629
f 630/630 833/833 629/629
f 627/627 626/626 843/843
f 844/844 627/627 843/843
f 627/627 834/834 833/833
f 626/626 627/627 833/833
f 602/602 603/603 604/604
f 601/601 602/602 604/604
f 876/876 601/601 600/600
f 599/599 876/876 600/600
f 786/786 605/605 603/603
f 602/602 786/786 603/603
f 878/878 877/877 629/629
f 834/834 878/878 629/629
f 877/877 876/876 599/599
f 629/629 877/877 599/599
f 881/881 880/880 876/876
f 877/877 881/881 876/876
f 876/876 880/880 602/602
f 601/601 876/876 602/602
f 880/880 884/884 786/786
f 602/602 880/880 786/786
f 787/787 850/850 849/849
f 846/846 787/787 849/849
f 1110/1110 846/846 849/849
f 1133/1133 1110/1110 849/849
f 787/787 846/846 820/820
f 785/785 787/787 820/820
f 1110/1110 1111/1111 820/820
f 846/846 1110/1110 820/820
f 1110/1110 1133/1133 848/848
f 497/497 1110/1110 848/848
f 1181/1181 1158/1158 847/847
f 497/497 1181/1181 847/847
f 1181/1181 497/497 848/848
f 1180/1180 1181/1181 848/848
f 790/790 1169/1169 1170/1170
f 789/789 790/790 1170/1170
f 1168/1168 1169/1169 790/790
f 855/855 1168/1168 790/790
f 1122/1122 1121/1121 855/855
f 790/790 1122/1122 855/855
f 861/861 1122/1122 1123/1123
f 791/791 861/861 1123/1123
f 861/861 818/818 1121/1121
f 1122/1122 861/861 1121/1121
f 798/798 802/802 861/861
f 791/791 798/798 861/861
f 500/500 802/802 803/803
f 610/610 500/500 803/803
f 802/802 500/500 818/818
f 861/861 802/802 818/818
f 800/800 585/585 610/610
f 803/803 800/800 610/610
f 799/799 803/803 802/802
f 798/798 799/799 802/802
f 585/585 800/800 801/801
f 586/586 585/585 801/801
f 800/800 803/803 799/799
f 793/793 800/800 799/799
f 796/796 801/801 800/800
f 793/793 796/796 800/800
f 586/586 801/801 875/875
f 735/735 586/586 875/875
f 874/874 737/737 735/735
f 875/875 874/874 735/735
f 875/875 801/801 796/796
f 797/797 875/875 796/796
f 873/873 587/587 737/737
f 874/874 873/873 737/737
f 874/874 875/875 797/797
f 795/795 874/874 797/797
f 805/805 591/591 587/587
f 873/873 805/805 587/587
f 794/794 873/873 874/874
f 795/795 794/794 874/874
f 591/591 532/532 592/592
f 590/590 591/591 592/592
f 532/532 591/591 805/805
f 806/806 532/532 805/805
f 804/804 805/805 873/873
f 794/794 804/804 873/873
f 805/805 804/804 578/578
f 806/806 805/805 578/578
f 670/670 650/650 651/651
f 616/616 670/670 651/651
f 628/628 807/807 787/787
f 785/785 628/628 787/787
f 821/821 822/822 628/628
f 785/785 821/821 628/628
f 786/786 822/822 821/821
f 605/605 786/786 821/821
f 628/628 1046/1046 1047/1047
f 807/807 628/628 1047/1047
f 884/884 885/885 822/822
f 786/786 884/884 822/822
f 822/822 1045/1045 1046/1046
f 628/628 822/822 1046/1046
f 885/885 1044/1044 1045/1045
f 822/822 885/885 1045/1045
f 850/850 671/671 670/670
f 616/616 850/850 670/670
f 671/671 891/891 890/890
f 670/670 671/671 890/890
f 807/807 671/671 850/850
f 787/787 807/807 850/850
f 671/671 807/807 1047/1047
f 891/891 671/671 1047/1047
f 890/890 663/663 650/650
f 670/670 890/890 650/650
f 886/886 1043/1043 1044/1044
f 885/885 886/886 1044/1044
f 879/879 878/878 834/834
f 627/627 879/879 834/834
f 845/845 879/879 627/627
f 844/844 845/845 627/627
f 895/895 879/879 845/845
f 894/894 895/895 845/845
f 878/878 882/882 881/881
f 877/877 878/878 881/881
f 895/895 882/882 878/878
f 879/879 895/895 878/878
f 883/883 886/886 885/885
f 884/884 883/883 885/885
f 881/881 883/883 884/884
f 880/880 881/881 884/884
f 896/896 897/897 895/895
f 894/894 896/896 895/895
f 899/899 892/892 886/886
f 883/883 899/899 886/886
f 892/892 887/887 1043/1043
f 886/886 892/892 1043/1043
f 900/900 897/897 896/896
f 898/898 900/900 896/896
f 899/899 882/882 895/895
f 897/897 899/899 895/895
f 892/892 899/899 897/897
f 900/900 892/892 897/897
f 899/899 883/883 881/881
f 882/882 899/899 881/881
f 892/892 900/900 898/898
f 887/887 892/892 898/898
f 529/529 519/519 517/517
f 530/530 529/529 517/517
f 532/532 531/531 530/530
f 592/592 532/532 530/530
f 531/531 532/532 806/806
f 521/521 531/531 806/806
f 872/872 531/531 521/521
f 522/522 872/872 521/521
f 872/872 529/529 530/530
f 531/531 872/872 530/530
f 760/760 5/5 4/4
f 759/759 760/760 4/4
f 574/574 857/857 38/38
f 6/6 574/574 38/38
f 39/39 901/901 574/574
f 6/6 39/39 574/574
f 760/760 901/901 39/39
f 5/5 760/760 39/39
f 525/525 858/858 857/857
f 574/574 525/525 857/857
f 526/526 760/760 759/759
f 743/743 526/526 759/759
f 902/902 901/901 760/760
f 526/526 902/902 760/760
f 902/902 525/525 574/574
f 901/901 902/902 574/574
f 523/523 859/859 858/858
f 525/525 523/523 858/858
f 527/527 526/526 743/743
f 870/870 527/527 743/743
f 903/903 902/902 526/526
f 527/527 903/903 526/526
f 903/903 523/523 525/525
f 902/902 903/903 525/525
f 524/524 860/860 859/859
f 523/523 524/524 859/859
f 528/528 527/527 870/870
f 871/871 528/528 870/870
f 904/904 903/903 527/527
f 528/528 904/904 527/527
f 904/904 524/524 523/523
f 903/903 904/904 523/523
f 891/891 1031/1031 1032/1032
f 890/890 891/891 1032/1032
f 944/944 889/889 490/490
f 943/943 944/944 490/490
f 964/964 965/965 617/617
f 662/662 964/964 617/617
f 1034/1034 1015/1015 1016/1016
f 1035/1035 1034/1034 1016/1016
f 1035/1035 665/665 664/664
f 1034/1034 1035/1035 664/664
f 962/962 963/963 766/766
f 661/661 962/962 766/766
f 767/767 1036/1036 1037/1037
f 666/666 767/767 1037/1037
f 963/963 964/964 662/662
f 766/766 963/963 662/662
f 1036/1036 1035/1035 1016/1016
f 1017/1017 1036/1036 1016/1016
f 1036/1036 767/767 665/665
f 1035/1035 1036/1036 665/665
f 1040/1040 669/669 668/668
f 1039/1039 1040/1040 668/668
f 784/784 959/959 960/960
f 581/581 784/784 960/960
f 510/510 845/845 844/844
f 509/509 510/510 844/844
f 669/669 1040/1040 1041/1041
f 853/853 669/669 1041/1041
f 958/958 959/959 784/784
f 854/854 958/958 784/784
f 853/853 1041/1041 1042/1042
f 20/20 853/853 1042/1042
f 958/958 854/854 21/21
f 957/957 958/958 21/21
f 898/898 888/888 1025/1025
f 887/887 898/898 1025/1025
f 888/888 1058/1058 1059/1059
f 1025/1025 888/888 1059/1059
f 888/888 898/898 896/896
f 511/511 888/888 896/896
f 1030/1030 1011/1011 1012/1012
f 1031/1031 1030/1030 1012/1012
f 1029/1029 1010/1010 1011/1011
f 1030/1030 1029/1029 1011/1011
f 1029/1029 1028/1028 1009/1009
f 1010/1010 1029/1029 1009/1009
f 972/972 1052/1052 1053/1053
f 971/971 972/972 1053/1053
f 974/974 983/983 1051/1051
f 973/973 974/974 1051/1051
f 942/942 943/943 490/490
f 580/580 942/942 490/490
f 890/890 1032/1032 1033/1033
f 663/663 890/890 1033/1033
f 942/942 580/580 617/617
f 965/965 942/942 617/617
f 1034/1034 1033/1033 1014/1014
f 1015/1015 1034/1034 1014/1014
f 663/663 1033/1033 1034/1034
f 664/664 663/663 1034/1034
f 960/960 961/961 660/660
f 581/581 960/960 660/660
f 667/667 1038/1038 1039/1039
f 668/668 667/667 1039/1039
f 660/660 961/961 962/962
f 661/661 660/660 962/962
f 1038/1038 1037/1037 1018/1018
f 1019/1019 1038/1038 1018/1018
f 1038/1038 667/667 666/666
f 1037/1037 1038/1038 666/666
f 970/970 971/971 1053/1053
f 1054/1054 970/970 1053/1053
f 1026/1026 1025/1025 1059/1059
f 1060/1060 1026/1026 1059/1059
f 984/984 983/983 974/974
f 975/975 984/984 974/974
f 995/995 994/994 983/983
f 984/984 995/995 983/983
f 511/511 893/893 1056/1056
f 1057/1057 511/511 1056/1056
f 893/893 511/511 896/896
f 894/894 893/893 896/896
f 1056/1056 893/893 510/510
f 1055/1055 1056/1056 510/510
f 893/893 894/894 845/845
f 510/510 893/893 845/845
f 823/823 1006/1006 1007/1007
f 907/907 823/823 1007/1007
f 1008/1008 908/908 907/907
f 1007/1007 1008/1008 907/907
f 991/991 909/909 908/908
f 1008/1008 991/991 908/908
f 992/992 910/910 909/909
f 991/991 992/992 909/909
f 993/993 911/911 910/910
f 992/992 993/993 910/910
f 993/993 945/945 912/912
f 911/911 993/993 912/912
f 912/912 945/945 994/994
f 913/913 912/912 994/994
f 913/913 994/994 995/995
f 914/914 913/913 995/995
f 1001/1001 731/731 808/808
f 1000/1000 1001/1001 808/808
f 990/990 933/933 925/925
f 924/924 990/990 925/925
f 936/936 928/928 927/927
f 935/935 936/936 927/927
f 973/973 1051/1051 1052/1052
f 972/972 973/973 1052/1052
f 511/511 1057/1057 1058/1058
f 888/888 511/511 1058/1058
f 61/61 478/478 934/934
f 933/933 61/61 934/934
f 62/62 935/935 934/934
f 478/478 62/62 934/934
f 935/935 62/62 462/462
f 936/936 935/935 462/462
f 936/936 462/462 392/392
f 937/937 936/936 392/392
f 392/392 469/469 938/938
f 937/937 392/392 938/938
f 466/466 939/939 938/938
f 469/469 466/466 938/938
f 465/465 940/940 939/939
f 466/466 465/465 939/939
f 472/472 941/941 940/940
f 465/465 472/472 940/940
f 1014/1014 1013/1013 943/943
f 942/942 1014/1014 943/943
f 215/215 947/947 946/946
f 467/467 215/215 946/946
f 947/947 215/215 216/216
f 948/948 947/947 216/216
f 217/217 949/949 948/948
f 216/216 217/217 948/948
f 949/949 217/217 218/218
f 950/950 949/949 218/218
f 950/950 218/218 332/332
f 951/951 950/950 332/332
f 951/951 332/332 219/219
f 952/952 951/951 219/219
f 219/219 220/220 953/953
f 952/952 219/219 953/953
f 953/953 220/220 221/221
f 954/954 953/953 221/221
f 221/221 352/352 955/955
f 954/954 221/221 955/955
f 955/955 352/352 425/425
f 956/956 955/955 425/425
f 425/425 1023/1023 957/957
f 956/956 425/425 957/957
f 1022/1022 1021/1021 959/959
f 958/958 1022/1022 959/959
f 1019/1019 961/961 960/960
f 1020/1020 1019/1019 960/960
f 1019/1019 1018/1018 962/962
f 961/961 1019/1019 962/962
f 1017/1017 963/963 962/962
f 1018/1018 1017/1017 962/962
f 1017/1017 1016/1016 964/964
f 963/963 1017/1017 964/964
f 1015/1015 965/965 964/964
f 1016/1016 1015/1015 964/964
f 1014/1014 942/942 965/965
f 1015/1015 1014/1014 965/965
f 1011/1011 966/966 944/944
f 1012/1012 1011/1011 944/944
f 966/966 967/967 889/889
f 944/944 966/966 889/889
f 1000/1000 808/808 967/967
f 966/966 1000/1000 967/967
f 940/940 941/941 968/968
f 932/932 940/940 968/968
f 1024/1024 969/969 968/968
f 941/941 1024/1024 968/968
f 970/970 510/510 509/509
f 563/563 970/970 509/509
f 564/564 971/971 970/970
f 563/563 564/564 970/970
f 775/775 972/972 971/971
f 564/564 775/775 971/971
f 776/776 973/973 972/972
f 775/775 776/776 972/972
f 777/777 974/974 973/973
f 776/776 777/777 973/973
f 778/778 975/975 974/974
f 777/777 778/778 974/974
f 36/36 976/976 975/975
f 778/778 36/36 975/975
f 345/345 977/977 976/976
f 36/36 345/345 976/976
f 344/344 978/978 977/977
f 345/345 344/344 977/977
f 343/343 979/979 978/978
f 344/344 343/343 978/978
f 342/342 980/980 979/979
f 343/343 342/342 979/979
f 115/115 981/981 980/980
f 342/342 115/115 980/980
f 114/114 982/982 981/981
f 115/115 114/114 981/981
f 60/60 61/61 982/982
f 114/114 60/60 982/982
f 978/978 986/986 985/985
f 977/977 978/978 985/985
f 979/979 987/987 986/986
f 978/978 979/979 986/986
f 980/980 988/988 987/987
f 979/979 980/980 987/987
f 980/980 981/981 989/989
f 988/988 980/980 989/989
f 981/981 982/982 990/990
f 989/989 981/981 990/990
f 61/61 933/933 990/990
f 982/982 61/61 990/990
f 986/986 997/997 996/996
f 985/985 986/986 996/996
f 987/987 998/998 997/997
f 986/986 987/987 997/997
f 988/988 999/999 998/998
f 987/987 988/988 998/998
f 989/989 923/923 999/999
f 988/988 989/989 999/999
f 1010/1010 1000/1000 966/966
f 1011/1011 1010/1010 966/966
f 1009/1009 1001/1001 1000/1000
f 1010/1010 1009/1009 1000/1000
f 510/510 970/970 1054/1054
f 1055/1055 510/510 1054/1054
f 943/943 1013/1013 1012/1012
f 944/944 943/943 1012/1012
f 959/959 1021/1021 1020/1020
f 960/960 959/959 1020/1020
f 957/957 1023/1023 1022/1022
f 958/958 957/957 1022/1022
f 473/473 1024/1024 941/941
f 472/472 473/473 941/941
f 473/473 474/474 467/467
f 1024/1024 473/473 467/467
f 1060/1060 1061/1061 1027/1027
f 1026/1026 1060/1060 1027/1027
f 1061/1061 1009/1009 1028/1028
f 1027/1027 1061/1061 1028/1028
f 1013/1013 1032/1032 1031/1031
f 1012/1012 1013/1013 1031/1031
f 1014/1014 1033/1033 1032/1032
f 1013/1013 1014/1014 1032/1032
f 1018/1018 1037/1037 1036/1036
f 1017/1017 1018/1018 1036/1036
f 1019/1019 1020/1020 1039/1039
f 1038/1038 1019/1019 1039/1039
f 1021/1021 1040/1040 1039/1039
f 1020/1020 1021/1021 1039/1039
f 1022/1022 1041/1041 1040/1040
f 1021/1021 1022/1022 1040/1040
f 1023/1023 1042/1042 1041/1041
f 1022/1022 1023/1023 1041/1041
f 1025/1025 1026/1026 1043/1043
f 887/887 1025/1025 1043/1043
f 1026/1026 1027/1027 1044/1044
f 1043/1043 1026/1026 1044/1044
f 1027/1027 1028/1028 1045/1045
f 1044/1044 1027/1027 1045/1045
f 1028/1028 1029/1029 1046/1046
f 1045/1045 1028/1028 1046/1046
f 1030/1030 1047/1047 1046/1046
f 1029/1029 1030/1030 1046/1046
f 1031/1031 891/891 1047/1047
f 1030/1030 1031/1031 1047/1047
f 1049/1049 1048/1048 914/914
f 995/995 1049/1049 914/914
f 996/996 915/915 1048/1048
f 1049/1049 996/996 1048/1048
f 1050/1050 1049/1049 995/995
f 984/984 1050/1050 995/995
f 985/985 996/996 1049/1049
f 1050/1050 985/985 1049/1049
f 976/976 1050/1050 984/984
f 975/975 976/976 984/984
f 977/977 985/985 1050/1050
f 976/976 977/977 1050/1050
f 994/994 945/945 1051/1051
f 983/983 994/994 1051/1051
f 945/945 993/993 1052/1052
f 1051/1051 945/945 1052/1052
f 992/992 1053/1053 1052/1052
f 993/993 992/992 1052/1052
f 991/991 1054/1054 1053/1053
f 992/992 991/991 1053/1053
f 1054/1054 991/991 1008/1008
f 1055/1055 1054/1054 1008/1008
f 1007/1007 1056/1056 1055/1055
f 1008/1008 1007/1007 1055/1055
f 1007/1007 1006/1006 1057/1057
f 1056/1056 1007/1007 1057/1057
f 1005/1005 1058/1058 1057/1057
f 1006/1006 1005/1005 1057/1057
f 1004/1004 1059/1059 1058/1058
f 1005/1005 1004/1004 1058/1058
f 1003/1003 1060/1060 1059/1059
f 1004/1004 1003/1003 1059/1059
f 1003/1003 1002/1002 1061/1061
f 1060/1060 1003/1003 1061/1061
f 1002/1002 1001/1001 1009/1009
f 1061/1061 1002/1002 1009/1009
f 1165/1165 1164/1164 1063/1063
f 1062/1062 1165/1165 1063/1063
f 1164/1164 1163/1163 1064/1064
f 1063/1063 1164/1164 1064/1064
f 1163/1163 1162/1162 1065/1065
f 1064/1064 1163/1163 1065/1065
f 1162/1162 1161/1161 1066/1066
f 1065/1065 1162/1162 1066/1066
f 1161/1161 1160/1160 1067/1067
f 1066/1066 1161/1161 1067/1067
f 1160/1160 1159/1159 1068/1068
f 1067/1067 1160/1160 1068/1068
f 1158/1158 1069/1069 1068/1068
f 1159/1159 1158/1158 1068/1068
f 1181/1181 1070/1070 1069/1069
f 1158/1158 1181/1181 1069/1069
f 1181/1181 1180/1180 1071/1071
f 1070/1070 1181/1181 1071/1071
f 1180/1180 1179/1179 1072/1072
f 1071/1071 1180/1180 1072/1072
f 1179/1179 1178/1178 1073/1073
f 1072/1072 1179/1179 1073/1073
f 1177/1177 1074/1074 1073/1073
f 1178/1178 1177/1177 1073/1073
f 1177/1177 1176/1176 1075/1075
f 1074/1074 1177/1177 1075/1075
f 1175/1175 1076/1076 1075/1075
f 1176/1176 1175/1175 1075/1075
f 1175/1175 1174/1174 1077/1077
f 1076/1076 1175/1175 1077/1077
f 1174/1174 1173/1173 1078/1078
f 1077/1077 1174/1174 1078/1078
f 1172/1172 1079/1079 1078/1078
f 1173/1173 1172/1172 1078/1078
f 1171/1171 1080/1080 1079/1079
f 1172/1172 1171/1171 1079/1079
f 1170/1170 1081/1081 1080/1080
f 1171/1171 1170/1170 1080/1080
f 1169/1169 1082/1082 1081/1081
f 1170/1170 1169/1169 1081/1081
f 1169/1169 1168/1168 1083/1083
f 1082/1082 1169/1169 1083/1083
f 1168/1168 1167/1167 1084/1084
f 1083/1083 1168/1168 1084/1084
f 1167/1167 1166/1166 1085/1085
f 1084/1084 1167/1167 1085/1085
f 1166/1166 1165/1165 1062/1062
f 1085/1085 1166/1166 1062/1062
f 497/497 847/847 1111/1111
f 1110/1110 497/497 1111/1111
f 847/847 788/788 1112/1112
f 1111/1111 847/847 1112/1112
f 788/788 494/494 1113/1113
f 1112/1112 788/788 1113/1113
f 493/493 492/492 1117/1117
f 1116/1116 493/493 1117/1117
f 492/492 491/491 1118/1118
f 1117/1117 492/492 1118/1118
f 855/855 1121/1121 1120/1120
f 499/499 855/855 1120/1120
f 790/790 789/789 1123/1123
f 1122/1122 790/790 1123/1123
f 789/789 621/621 1124/1124
f 1123/1123 789/789 1124/1124
f 505/505 504/504 1130/1130
f 1129/1129 505/505 1130/1130
f 133/133 419/419 1135/1135
f 1134/1134 133/133 1135/1135
f 419/419 416/416 1136/1136
f 1135/1135 419/419 1136/1136
f 416/416 389/389 1137/1137
f 1136/1136 416/416 1137/1137
f 360/360 169/169 1150/1150
f 1149/1149 360/360 1150/1150
f 164/164 327/327 1155/1155
f 1154/1154 164/164 1155/1155
f 327/327 165/165 1156/1156
f 1155/1155 327/327 1156/1156
f 165/165 166/166 1157/1157
f 1156/1156 165/165 1157/1157
f 166/166 133/133 1134/1134
f 1157/1157 166/166 1134/1134
f 1099/1099 1185/1185 1184/1184
f 1100/1100 1099/1099 1184/1184
f 1099/1099 1098/1098 1186/1186
f 1185/1185 1099/1099 1186/1186
f 1097/1097 1096/1096 1188/1188
f 1187/1187 1097/1097 1188/1188
f 1095/1095 1189/1189 1188/1188
f 1096/1096 1095/1095 1188/1188
f 1094/1094 1093/1093 1191/1191
f 1190/1190 1094/1094 1191/1191
f 1093/1093 1092/1092 1192/1192
f 1191/1191 1093/1093 1192/1192
f 1092/1092 1091/1091 1193/1193
f 1192/1192 1092/1092 1193/1193
f 1091/1091 1090/1090 1194/1194
f 1193/1193 1091/1091 1194/1194
f 1089/1089 1195/1195 1194/1194
f 1090/1090 1089/1089 1194/1194
f 1088/1088 1196/1196 1195/1195
f 1089/1089 1088/1088 1195/1195
f 871/871 516/516 518/518
f 1207/1207 871/871 518/518
f 518/518 517/517 519/519
f 1207/1207 518/518 519/519
f 80/80 489/489 75/75
f 444/444 80/80 75/75
f 860/860 524/524 872/872
f 522/522 860/860 872/872
f 73/73 444/444 75/75
f 432/432 73/73 75/75
f 443/443 79/79 70/70
f 1206/1206 443/443 70/70
f 79/79 489/489 80/80
f 70/70 79/79 80/80
f 528/528 519/519 529/529
f 904/904 528/528 529/529
f 524/524 904/904 529/529
f 872/872 524/524 529/529
f 1207/1207 519/519 528/528
f 871/871 1207/1207 528/528
f 570/570 1209/1209 1208/1208
f 567/567 570/570 1208/1208
f 1209/1209 569/569 568/568
f 1208/1208 1209/1209 568/568
f 573/573 1209/1209 570/570
f 572/572 573/573 570/570
f 573/573 566/566 569/569
f 1209/1209 573/573 569/569
f 191/191 189/189 1211/1211
f 408/408 191/191 1211/1211
f 173/173 409/409 1211/1211
f 189/189 173/173 1211/1211
f 1212/1212 1213/1213 121/121
f 118/118 1212/1212 121/121
f 119/119 120/120 1213/1213
f 1212/1212 119/119 1213/1213
f 731/731 1001/1001 1002/1002
f 1214/1214 731/731 1002/1002
f 1214/1214 1002/1002 1003/1003
f 1215/1215 1214/1214 1003/1003
f 1004/1004 1216/1216 1215/1215
f 1003/1003 1004/1004 1215/1215
f 1216/1216 1004/1004 1005/1005
f 1217/1217 1216/1216 1005/1005
f 1217/1217 1005/1005 1006/1006
f 823/823 1217/1217 1006/1006
f 683/683 571/571 1218/1218
f 684/684 683/683 1218/1218
f 246/246 118/118 121/121
f 1220/1220 246/246 121/121
f 1220/1220 121/121 123/123
f 247/247 1220/1220 123/123
