ply
format ascii 1.0
comment flutter_face_scan face-local vertices (metres)
element vertex 1220
property float x
property float y
property float z
element face 2304
property list uchar int vertex_indices
end_header
0.0002622285974211991 -0.028293568640947342 0.0588325560092926
0.00029433806776069105 -0.03126223012804985 0.05931856855750084
0.00022311133216135204 -0.024922756478190422 0.059082284569740295
0.00019428387167863548 -0.022189300507307053 0.0600946843624115
0.0001742325403029099 -0.01992228627204895 0.06159457191824913
0.0001518495992058888 -0.01765047013759613 0.0664188340306282
0.00013136463530827314 -0.014631192199885845 0.07256515324115753
0.00011673733388306573 -0.010601275600492954 0.07523952424526215
0.00009658099588705227 -0.00474389735609293 0.07568380236625671
0.0000773884094087407 0.0007265324820764363 0.07336631417274475
0.000063111430790741 0.005343577824532986 0.07062427699565887
0.000051299699407536536 0.009575641714036465 0.06789696961641312
0.00004249072662787512 0.013744788244366646 0.06506682187318802
0.000034214921470265836 0.018054760992527008 0.06234284117817879
0.000024153110643965192 0.022006729617714882 0.05955932289361954
0.000003283110800111899 0.030012967064976692 0.054092973470687866
-0.0000036318313050287543 0.03408445790410042 0.05320626124739647
-0.00000918533442018088 0.041646938771009445 0.05366291478276253
-0.000012382123713905457 0.050097279250621796 0.053536057472229004
-0.000014179629943100736 0.058680228888988495 0.0516652837395668
-0.00002088456130877603 0.08881799876689911 0.03881575167179108
0.0003136286395601928 -0.03387342393398285 0.05978916212916374
0.0003080814203713089 -0.03644496947526932 0.05876852571964264
0.00030560328741557896 -0.038468874990940094 0.056206151843070984
0.0003091247344855219 -0.039140958338975906 0.05274422839283943
0.00011017136421287432 -0.039317090064287186 0.05429378151893616
0.00011929714673897251 -0.041524358093738556 0.05578620731830597
0.00011075485235778615 -0.04405539855360985 0.0563240610063076
0.00009077026334125549 -0.04715541750192642 0.055989015847444534
0.00006175350426929072 -0.04939797520637512 0.054078664630651474
0.00003898732757079415 -0.051406096667051315 0.0525365024805069
0.0000075969173849443905 -0.053674519062042236 0.050655532628297806
-0.000020354527805466205 -0.05673879757523537 0.0494500994682312
-0.000041688144847285 -0.05978601798415184 0.04915838688611984
-0.00007155899947974831 -0.06392665952444077 0.04909930005669594
-0.0001114965052693151 -0.06985823810100555 0.04866625741124153
0.000013790006960334722 0.025915326550602913 0.056682102382183075
0.00014361640205606818 -0.016628660261631012 0.06932821869850159
0.00016232287453021854 -0.018609270453453064 0.06386015564203262
-0.07400946319103241 0.036200299859046936 -0.017508503049612045
-0.02612878568470478 0.019220776855945587 0.039291590452194214
-0.029704488813877106 0.01847807504236698 0.03928175941109657
-0.03345293179154396 0.01829153671860695 0.03904206305742264
-0.04288312792778015 0.018625086173415184 0.03433149307966232
-0.040768831968307495 0.018314151093363762 0.0361710861325264
-0.03732592985033989 0.018268423154950142 0.0380069836974144
-0.04674270376563072 0.022419799119234085 0.030869869515299797
-0.02308202162384987 0.02007930725812912 0.039338577538728714
-0.020516308024525642 0.021134544163942337 0.03949190676212311
-0.014445706270635128 0.014582933858036995 0.04653717204928398
-0.03497239947319031 0.028774725273251534 0.04139099642634392
-0.031162604689598083 0.02893254905939102 0.04189382120966911
-0.027691274881362915 0.02892543561756611 0.041407085955142975
-0.04126856476068497 0.027790743857622147 0.03846472129225731
-0.03823953494429588 0.028344005346298218 0.04024595022201538
-0.043496664613485336 0.026927920058369637 0.0366213396191597
-0.045596443116664886 0.025593474507331848 0.03390032425522804
-0.07277204841375351 0.011211798526346684 -0.02595413476228714
-0.03482106700539589 -0.0503435954451561 0.038189467042684555
-0.03878157213330269 -0.051626380532979965 0.03515709564089775
-0.044056203216314316 -0.05346296355128288 0.029404880478978157
-0.05658493936061859 -0.04394981265068054 0.016080889850854874
-0.02506396919488907 -0.033005814999341965 0.04786805808544159
-0.027688585221767426 -0.029914118349552155 0.0466141439974308
-0.031104039400815964 -0.02664661779999733 0.045305315405130386
-0.027545100077986717 -0.021923702210187912 0.046166930347681046
-0.010654617100954056 -0.015474934130907059 0.057015009224414825
-0.012238096445798874 -0.013353108428418636 0.05888901278376579
-0.011191428638994694 -0.014339378103613853 0.05736783146858215
-0.011217729188501835 -0.011730389669537544 0.05752398818731308
-0.007918931543827057 -0.028254039585590363 0.057833123952150345
-0.007756379432976246 -0.01185443066060543 0.0671294555068016
-0.0058119031600654125 -0.010349391959607601 0.0654035285115242
-0.004146263934671879 -0.01423129066824913 0.06397020071744919
-0.004210664890706539 -0.01301360409706831 0.06264034658670425
-0.0036992558743804693 -0.015638522803783417 0.06500396877527237
-0.004769754130393267 -0.018236476927995682 0.06002431735396385
-0.006319920066744089 -0.016160322353243828 0.05965357646346092
-0.006663420703262091 -0.014432678930461407 0.0587235726416111
-0.010706882923841476 -0.01114741712808609 0.06078462675213814
-0.011903656646609306 -0.012332103215157986 0.06180049851536751
-0.009912500157952309 -0.011824841611087322 0.06420080363750458
-0.012726067565381527 -0.010157575830817223 0.06460319459438324
-0.003777610370889306 -0.028139308094978333 0.05906779319047928
-0.02026914246380329 -0.03325847163796425 0.05083141848444939
-0.016557397320866585 -0.03074776940047741 0.05326823517680168
-0.011827986687421799 -0.0249702837318182 0.0549841970205307
-0.01011781208217144 -0.01713574305176735 0.05589314177632332
-0.007413458079099655 -0.024536900222301483 0.05743388086557388
-0.012368511408567429 -0.029314883053302765 0.0557035468518734
-0.003828882472589612 -0.030597560107707977 0.05939342454075813
-0.008042894303798676 -0.03099239058792591 0.05815153941512108
-0.003738724859431386 -0.03304649516940117 0.0595494844019413
-0.0038094946648925543 -0.0382651686668396 0.05555134639143944
-0.008080152794718742 -0.03358028084039688 0.05788903310894966
-0.0070152729749679565 -0.03823947161436081 0.054396405816078186
-0.012061082758009434 -0.03476952016353607 0.05566210672259331
-0.010460855439305305 -0.03848716989159584 0.05228077620267868
-0.012210501357913017 -0.03225170075893402 0.056000884622335434
-0.016124628484249115 -0.033742621541023254 0.053453512489795685
-0.019505033269524574 -0.035619284957647324 0.05075734108686447
-0.023649655282497406 -0.0355081669986248 0.04817608743906021
-0.022139746695756912 -0.037135157734155655 0.048268575221300125
-0.01810743845999241 -0.03999544307589531 0.046060945838689804
-0.020694630220532417 -0.03876442462205887 0.04787324368953705
-0.013428833335638046 -0.03900757059454918 0.050376046448946
-0.015864567831158638 -0.03964885696768761 0.048191916197538376
-0.0184869933873415 -0.03756917268037796 0.05022675544023514
-0.015606092289090157 -0.03629176318645477 0.0529012456536293
-0.031083770096302032 -0.049006298184394836 0.04012731462717056
-0.025583799928426743 -0.04622632637619972 0.04336562007665634
-0.02810739539563656 -0.04769120365381241 0.041805900633335114
-0.030707579106092453 -0.054068468511104584 0.03878572955727577
-0.033790070563554764 -0.05679498240351677 0.03596955165266991
-0.028759174048900604 -0.06089895963668823 0.03775537759065628
-0.023256996646523476 -0.04798252880573273 0.04444411024451256
-0.019189193844795227 -0.04749300330877304 0.04720666632056236
-0.020508376881480217 -0.04193047806620598 0.04640227556228638
-0.023559628054499626 -0.04477342218160629 0.04466872662305832
-0.021621527150273323 -0.04622321203351021 0.04576301947236061
-0.019239287823438644 -0.04258394241333008 0.047649070620536804
-0.01584140583872795 -0.03984736278653145 0.04898083955049515
-0.01756938174366951 -0.04318926855921745 0.04911166802048683
-0.018311692401766777 -0.04531820863485336 0.04849780723452568
-0.0023024086840450764 -0.016990697011351585 0.06594134867191315
-0.0064491042867302895 -0.012695611454546452 0.06963701546192169
-0.0038136071525514126 -0.014030049555003643 0.07156836986541748
-0.004849392455071211 -0.010487185791134834 0.07379403710365295
-0.008056020364165306 -0.009952863678336143 0.07092843949794769
-0.00529520446434617 -0.004845800343900919 0.07407701015472412
-0.07203229516744614 0.04646987095475197 -0.009864779189229012
-0.0343334935605526 0.08453720808029175 0.031112056225538254
-0.05312912166118622 0.02855980210006237 0.027932502329349518
-0.017100363969802856 0.008437355048954487 0.04712267220020294
-0.017477117478847504 0.01162232831120491 0.04479825496673584
-0.013889540918171406 0.00790800154209137 0.05167548730969429
-0.013454868458211422 0.0042631179094314575 0.05389849841594696
-0.014491290785372257 -0.005133179947733879 0.06070229038596153
-0.019054226577281952 0.0019037757301703095 0.04714205861091614
-0.016758158802986145 -0.004188499879091978 0.05021236091852188
-0.01627012901008129 -0.009242050349712372 0.05933032184839249
-0.014327311888337135 -0.007590469438582659 0.06287454068660736
-0.01446533016860485 -0.011720049194991589 0.06094963848590851
-0.016177373006939888 -0.006551812868565321 0.0578373558819294
-0.016452359035611153 0.004847957286983728 0.049100112169981
-0.019902560859918594 0.005587245337665081 0.04555360972881317
-0.020432403311133385 0.009181592613458633 0.04363885521888733
-0.03143686801195145 -0.017868289723992348 0.04549771547317505
-0.03510286659002304 -0.023289937525987625 0.04427296668291092
-0.03942155838012695 -0.01956801488995552 0.04248739778995514
-0.03556513413786888 -0.013256248086690903 0.04413587972521782
-0.04013103246688843 -0.006966769695281982 0.04096744954586029
-0.047420017421245575 -0.005324966739863157 0.03629413619637489
-0.04489406570792198 0.0020672637037932873 0.036264222115278244
-0.03889546915888786 0.0015863303560763597 0.0391036719083786
-0.050326332449913025 0.0037656978238373995 0.03236004337668419
-0.005033885594457388 0.00006050194861018099 0.07189824432134628
-0.004913562908768654 0.012557798065245152 0.06365928053855896
-0.004983329679816961 0.016762979328632355 0.06091122701764107
-0.024961577728390694 0.05031823739409447 0.05029100552201271
-0.014302914030849934 0.011481119319796562 0.04921604320406914
-0.034032706171274185 0.03821690008044243 0.04482090845704079
-0.05182262137532234 0.04483260214328766 0.03441811725497246
-0.03904011845588684 0.03741864860057831 0.043060045689344406
-0.048053208738565445 0.03422453999519348 0.03645892068743706
-0.05123036727309227 0.03185359016060829 0.032207783311605453
-0.05605122819542885 0.029011184349656105 0.024914970621466637
-0.06859719008207321 0.056554585695266724 -0.002842050977051258
-0.013169004581868649 0.03427240625023842 0.047501202672719955
-0.023909159004688263 0.028351569548249245 0.040724072605371475
-0.02157791145145893 0.037154197692871094 0.046686846762895584
-0.0209418423473835 0.027571434155106544 0.039851926267147064
-0.027424490079283714 -0.04192518815398216 0.043404314666986465
-0.029329778626561165 -0.04198343679308891 0.042987845838069916
-0.03156541660428047 -0.041886117309331894 0.042382340878248215
-0.035539377480745316 -0.04132525250315666 0.04090440273284912
-0.039294708520174026 -0.04041025787591934 0.038989607244729996
-0.04303744435310364 -0.038684453815221786 0.036614757031202316
-0.0619414821267128 0.007993685081601143 0.018959855660796165
-0.04210479184985161 -0.02624211274087429 0.04019476845860481
-0.038094762712717056 -0.029132865369319916 0.04222951829433441
-0.03343948349356651 -0.03250201418995857 0.04384566843509674
-0.030269678682088852 -0.03414042294025421 0.04498005285859108
-0.027740532532334328 -0.03616717830300331 0.04594249278306961
-0.026086794212460518 -0.037504665553569794 0.04613787308335304
-0.024243813008069992 -0.03881361708045006 0.04611814767122269
-0.02263615094125271 -0.03977734595537186 0.04592161998152733
-0.01992766000330448 -0.04047689959406853 0.04468320310115814
-0.025963136926293373 -0.041764579713344574 0.04379439726471901
-0.02141598053276539 -0.04067656397819519 0.04399298503994942
-0.024189291521906853 -0.04145025834441185 0.04430711641907692
-0.02775568887591362 -0.05186065286397934 0.04098077490925789
-0.025294633582234383 -0.04977545514702797 0.042825303971767426
-0.02401476353406906 -0.0541219487786293 0.04251602664589882
-0.020439285784959793 -0.04954879358410835 0.045860033482313156
-0.022060854360461235 -0.051621925085783005 0.044293783605098724
-0.026313235983252525 -0.057090844959020615 0.040454380214214325
-0.04847399890422821 0.04071563109755516 0.038212139159440994
-0.052565623074769974 0.03782768175005913 0.03367218002676964
-0.055680278688669205 0.04052966088056564 0.02911524660885334
-0.05801502987742424 0.03560708835721016 0.024260859936475754
-0.055007949471473694 0.03406446427106857 0.028922881931066513
-0.01688329502940178 -0.011812695302069187 0.05464449152350426
-0.015187403187155724 -0.012836907058954239 0.058133721351623535
-0.01660791039466858 -0.012998692691326141 0.05227424576878548
-0.02421390265226364 -0.02593253366649151 0.04775208979845047
-0.014833427965641022 -0.014125345274806023 0.056392837315797806
-0.027946891263127327 0.03842925652861595 0.04615725204348564
-0.07052043825387955 -0.02206367813050747 -0.024794403463602066
-0.032536838203668594 0.05004574730992317 0.04723646864295006
-0.03988343104720116 0.049411699175834656 0.043518632650375366
-0.04367375746369362 0.08090261369943619 0.02557363361120224
-0.051895033568143845 0.07627636194229126 0.019226839765906334
-0.06439608335494995 0.06297674030065536 0.005130751524120569
-0.06971093267202377 0.03207888454198837 -0.0007577483193017542
-0.06697499006986618 0.04034697264432907 0.004948826041072607
-0.06407230347394943 0.04999207332730293 0.010425159707665443
-0.05938772112131119 0.05630059912800789 0.01796102523803711
-0.04708481952548027 0.0659511610865593 0.030127566307783127
-0.039083726704120636 0.06898169219493866 0.03599133715033531
-0.03042352758347988 0.07144854962825775 0.040619730949401855
-0.06412407755851746 0.03967350721359253 0.01172601617872715
-0.06098338961601257 0.04635416716337204 0.017480000853538513
-0.05686397850513458 0.05264192819595337 0.02341938018798828
-0.0444456972181797 0.06066513434052467 0.03503924980759621
-0.03675411269068718 0.06296639144420624 0.040315210819244385
-0.02850332111120224 0.06459124386310577 0.044439032673835754
-0.06130334734916687 0.03792537376284599 0.017749331891536713
-0.05848217383027077 0.04387645423412323 0.02299313060939312
-0.05446045473217964 0.04931269586086273 0.028705265372991562
-0.042427629232406616 0.05573355406522751 0.03911636024713516
-0.03502034395933151 0.05748113617300987 0.04378863051533699
-0.027073604986071587 0.05857463553547859 0.0475725419819355
-0.01820390112698078 0.05890709161758423 0.05023191124200821
-0.05960485339164734 0.029326098039746284 0.020089874044060707
-0.060778699815273285 0.023197108879685402 0.01710224337875843
-0.06653611361980438 0.03079807013273239 0.007387096527963877
-0.0037418962456285954 -0.03633442893624306 0.05800672993063927
-0.0075413016602396965 -0.0365276113152504 0.056498266756534576
-0.011358987540006638 -0.0371459536254406 0.054283224046230316
-0.014307514764368534 -0.038244687020778656 0.05153400078415871
-0.017037179321050644 -0.03918372467160225 0.04905770719051361
-0.01892794668674469 -0.03997200354933739 0.04699501022696495
-0.020799122750759125 -0.040461212396621704 0.045613858848810196
-0.02240140177309513 -0.04100668430328369 0.04464343190193176
-0.019501375034451485 -0.04075625166296959 0.04665783420205116
-0.01668461784720421 -0.04113098978996277 0.049239568412303925
-0.01516063790768385 -0.03951018676161766 0.048086732625961304
-0.01695527881383896 -0.04000059887766838 0.0464499406516552
-0.02107839472591877 -0.04049402102828026 0.042805809527635574
-0.019994428381323814 -0.03978978842496872 0.04278064891695976
-0.01820399984717369 -0.0394086129963398 0.04435792937874794
-0.0158012006431818 -0.03907129541039467 0.0462416335940361
-0.01283949427306652 -0.03885951638221741 0.04831359535455704
-0.009617558680474758 -0.038718532770872116 0.05012159049510956
-0.006372412666678429 -0.03887051343917847 0.05156892538070679
-0.0030078517738729715 -0.0389004610478878 0.052497684955596924
-0.00565083185210824 -0.06399305909872055 0.04853722080588341
-0.004555938765406609 -0.05672004446387291 0.04916831851005554
-0.00423652958124876 -0.05392895266413689 0.05036851018667221
-0.003991363570094109 -0.05127786099910736 0.052364666014909744
-0.003920598421245813 -0.049211010336875916 0.053929321467876434
-0.003919499926269054 -0.04677841067314148 0.05563037842512131
-0.00368992006406188 -0.04382901266217232 0.05601998046040535
-0.0035230417270213366 -0.041187990456819534 0.05564255267381668
-0.0032824149820953608 -0.03904198482632637 0.05406579747796059
-0.011285156942903996 -0.06341239809989929 0.04688585177063942
-0.009381945244967937 -0.056241657584905624 0.04842256009578705
-0.008753949776291847 -0.05341775715351105 0.04982279986143112
-0.008266196586191654 -0.05095139518380165 0.05164305120706558
-0.008006837218999863 -0.04878338798880577 0.053252268582582474
-0.008075502701103687 -0.04638577997684479 0.05468052998185158
-0.007816646248102188 -0.04336373507976532 0.054902661591768265
-0.0075770178809762 -0.040736936032772064 0.05456584692001343
-0.006781081669032574 -0.038970738649368286 0.053257428109645844
-0.01302243396639824 -0.03911106288433075 0.0499979592859745
-0.013834595680236816 -0.039887819439172745 0.050727587193250656
-0.014522134326398373 -0.04165886715054512 0.05105895176529884
-0.015263398177921772 -0.04402586817741394 0.05102711543440819
-0.015573130920529366 -0.046522852033376694 0.05039107799530029
-0.016184315085411072 -0.048868995159864426 0.048906296491622925
-0.017873600125312805 -0.001617124304175377 0.048418380320072174
-0.01663239859044552 -0.061983413994312286 0.0446767657995224
-0.0141043895855546 -0.055097054690122604 0.047317780554294586
-0.013212366960942745 -0.05248454585671425 0.04880676791071892
-0.012535580433905125 -0.05019485950469971 0.05040444806218147
-0.012085017748177052 -0.04785247519612312 0.05207839980721474
-0.012073694728314877 -0.04539663717150688 0.05308724567294121
-0.01157296821475029 -0.042483117431402206 0.05309997871518135
-0.011201507411897182 -0.04021803289651871 0.05272309109568596
-0.010205893777310848 -0.03894476220011711 0.05185992270708084
-0.021736398339271545 -0.029678499326109886 0.049791693687438965
-0.017161553725600243 -0.009389985352754593 0.05107308179140091
-0.0034518169704824686 -0.0249294675886631 0.05897056683897972
-0.016843440011143684 -0.010442335158586502 0.05693831294775009
-0.07158934324979782 -0.012187404558062553 -0.02426430583000183
-0.01697627641260624 -0.025562837719917297 0.05180862545967102
-0.01396933663636446 -0.01567227765917778 0.05485183745622635
-0.017129523679614067 -0.007971692830324173 0.05531376972794533
-0.013301726430654526 0.0006197167094796896 0.05614497512578964
-0.004846575669944286 0.008386382833123207 0.06636440753936768
-0.013832217082381248 -0.0026835049502551556 0.05857103690505028
-0.004919275641441345 0.004353612195700407 0.06916601210832596
-0.01536232978105545 -0.001691357814706862 0.05269385874271393
-0.015732329338788986 0.0013992729363963008 0.050886936485767365
-0.01840861327946186 -0.04023696854710579 0.04498213157057762
-0.018662799149751663 -0.04013398289680481 0.046162351965904236
-0.006629614625126123 -0.0202155914157629 0.05768995359539986
-0.013307811692357063 -0.01702289469540119 0.05293009802699089
-0.02049933560192585 -0.02150663547217846 0.04835658520460129
-0.02384004555642605 -0.01743769459426403 0.04641106724739075
-0.027298884466290474 -0.013116019777953625 0.04593885689973831
-0.01653728447854519 -0.013922804966568947 0.05029800906777382
-0.0178694985806942 -0.009098353795707226 0.04879465699195862
-0.020176338031888008 -0.005322844721376896 0.04692186415195465
-0.016632964834570885 -0.006130732595920563 0.052774589508771896
-0.01562359556555748 -0.00433392683044076 0.055349837988615036
-0.022020533680915833 -0.0012842165306210518 0.04581041634082794
-0.02328776940703392 0.0028494882863014936 0.044368889182806015
-0.023875221610069275 0.0068398332223296165 0.04254927858710289
-0.03054066002368927 -0.008422785438597202 0.04500678554177284
-0.032888829708099365 -0.0029734789859503508 0.043084315955638885
-0.033090900629758835 0.002884170040488243 0.04071928933262825
-0.0031379072461277246 -0.02180895209312439 0.059545621275901794
-0.002592857228592038 -0.019367055967450142 0.0610106885433197
-0.01732918620109558 -0.009532149881124496 0.05380723252892494
-0.043983325362205505 0.036258265376091 0.04022887349128723
-0.037007614970207214 0.04371948540210724 0.045564327389001846
-0.030078982934355736 0.04375683516263962 0.048047419637441635
-0.02297414280474186 0.04347818344831467 0.050307877361774445
-0.05861617997288704 0.07084616273641586 0.01258872076869011
-0.05395140498876572 0.061788409948349 0.024070702493190765
-0.05127844959497452 0.05708121508359909 0.029556959867477417
-0.04899992421269417 0.05292808637022972 0.03426182642579079
-0.04644053801894188 0.047502271831035614 0.03916434571146965
-0.043214086443185806 0.04250717908143997 0.04230833426117897
-0.017131393775343895 -0.05108879879117012 0.04739222303032875
-0.018403220921754837 -0.053455453366041183 0.04585857689380646
-0.019905975088477135 -0.056119225919246674 0.04438529908657074
-0.015218500979244709 -0.05814390629529953 0.046043772250413895
-0.021646754816174507 -0.05957679823040962 0.04250933974981308
-0.02379024401307106 -0.06409328430891037 0.04033041000366211
-0.018442196771502495 -0.0668507069349289 0.043130647391080856
-0.012844168581068516 -0.0687088668346405 0.04596323519945145
-0.006670936476439238 -0.06970344483852386 0.04817177355289459
-0.010094163939356804 -0.059529975056648254 0.04758987948298454
-0.004954764619469643 -0.05984635651111603 0.04874512180685997
-0.00635999022051692 0.034330349415540695 0.05154186487197876
-0.015358888544142246 0.042048994451761246 0.05173202604055405
-0.016814881935715675 0.04994828626513481 0.052347078919410706
-0.019240528345108032 0.06497973203659058 0.04755162447690964
-0.020583905279636383 0.07236731052398682 0.04416770860552788
-0.023578837513923645 0.08719043433666229 0.03527915105223656
-0.05652093142271042 0.011920816265046597 0.023934559896588326
-0.05378008261322975 -0.003618052462115884 0.030540917068719864
-0.057053595781326294 0.017983054742217064 0.02134777046740055
-0.04484555870294571 0.019247248768806458 0.032332852482795715
-0.017950061708688736 0.026007715612649918 0.039416778832674026
-0.01651734672486782 0.02372577227652073 0.039489664137363434
-0.009382989257574081 0.027567226439714432 0.04725620895624161
-0.005294608883559704 0.029352739453315735 0.0523359440267086
-0.008428472094237804 0.014114600606262684 0.05794190242886543
-0.008882307447493076 -0.0014690653188154101 0.06866806745529175
-0.008651714771986008 0.0023344813380390406 0.06610850989818573
-0.008303884416818619 0.010133331641554832 0.06059842184185982
-0.008416199125349522 0.006181454751640558 0.06335475295782089
-0.008160470984876156 0.022310053929686546 0.0514451339840889
-0.008369761519134045 0.018129995092749596 0.0548391118645668
-0.011223746463656425 0.01103835180401802 0.05464216321706772
-0.010956088081002235 0.007191837765276432 0.05723082274198532
-0.011008266359567642 0.018088223412632942 0.04864490404725075
-0.011283841915428638 0.0147751085460186 0.05193832889199257
-0.008943612687289715 -0.005467831157147884 0.07062245905399323
-0.011753935366868973 -0.006340363062918186 0.06650801748037338
-0.010640849359333515 -0.00926980096846819 0.06754156202077866
-0.06210136413574219 0.01604459434747696 0.016597431153059006
-0.07234687358140945 -0.0020706348586827517 -0.024416981264948845
-0.05029842257499695 0.011490440927445889 0.029423851519823074
-0.04685595631599426 0.008942726999521255 0.03271742910146713
-0.04244135692715645 0.007597287651151419 0.03553197532892227
-0.03748068958520889 0.0072155422531068325 0.03753487020730972
-0.0326259545981884 0.007848118431866169 0.038942933082580566
-0.02810371108353138 0.009197098203003407 0.03993209823966026
-0.0242181196808815 0.010723238810896873 0.04080021753907204
-0.020989350974559784 0.012506995350122452 0.04165752977132797
-0.018025794997811317 0.014554494060575962 0.04257325083017349
-0.014808915555477142 0.017130177468061447 0.04384173825383186
-0.005034182220697403 0.021040545776486397 0.05758585408329964
-0.05202412232756615 0.015205780044198036 0.026367273181676865
-0.05473972484469414 0.0066439006477594376 0.02779405750334263
-0.06021929159760475 -0.0009459375287406147 0.02308456413447857
-0.06354235857725143 -0.03191836178302765 0.008064104244112968
-0.05479112267494202 -0.06242891401052475 -0.003725371789187193
-0.02121354267001152 -0.04044659808278084 0.042160339653491974
-0.0212483499199152 -0.04074183106422424 0.04378468915820122
-0.022453617304563522 -0.04083078354597092 0.04467339068651199
-0.024319084361195564 -0.04063843935728073 0.04483328387141228
-0.02578219398856163 -0.04029157757759094 0.044819146394729614
-0.027448715642094612 -0.039860643446445465 0.044518668204545975
-0.02938792109489441 -0.03912144526839256 0.04426479712128639
-0.031870342791080475 -0.038128986954689026 0.043461233377456665
-0.03506335988640785 -0.036734163761138916 0.04219858720898628
-0.03967652469873428 -0.035267241299152374 0.04007323458790779
-0.043329812586307526 -0.032893624156713486 0.03794335946440697
-0.0197132658213377 -0.04045158997178078 0.044000398367643356
-0.019923148676753044 -0.04043851047754288 0.045046042650938034
-0.020954711362719536 -0.04103643074631691 0.045564815402030945
-0.022255931049585342 -0.041718270629644394 0.04512428119778633
-0.02566547878086567 -0.04345724359154701 0.04352518916130066
-0.027309568598866463 -0.044172368943691254 0.042849231511354446
-0.030240477994084358 -0.0450703464448452 0.04160427674651146
-0.03385056555271149 -0.045664891600608826 0.040233027189970016
-0.03776650130748749 -0.04563622921705246 0.03831098973751068
-0.04178721830248833 -0.045240603387355804 0.035550035536289215
-0.046685218811035156 -0.04422095790505409 0.0310869999229908
-0.053066447377204895 0.019675016403198242 0.024483583867549896
-0.046078458428382874 0.020793722942471504 0.031185176223516464
-0.04639483615756035 0.024462543427944183 0.0323314443230629
-0.05349636450409889 0.02422844059765339 0.02504126913845539
-0.057019054889678955 0.02388892136514187 0.021463382989168167
-0.0076222168281674385 0.04158012941479683 0.053037527948617935
-0.00838150829076767 0.05017702654004097 0.05331861600279808
-0.009039796888828278 0.05893820524215698 0.05136239156126976
-0.009548881091177464 0.06465643644332886 0.049179159104824066
-0.01023895014077425 0.07234383374452591 0.046127788722515106
-0.011825271882116795 0.0884852185845375 0.03792393207550049
-0.01880227029323578 0.022316720336675644 0.0395309180021286
-0.004831288475543261 0.024853672832250595 0.05498664453625679
-0.0028603842947632074 -0.015858065336942673 0.06876059621572495
-0.004564803559333086 -0.014220164157450199 0.06748012453317642
-0.0047368500381708145 -0.012604459188878536 0.06674135476350784
-0.004122836980968714 -0.011152130551636219 0.06560676544904709
-0.011250600218772888 0.021394524723291397 0.04514361545443535
-0.02807820960879326 0.004729670472443104 0.041658610105514526
-0.027566570788621902 0.00008104598236968741 0.0436641126871109
-0.02596721611917019 -0.004546009935438633 0.045250702649354935
-0.023417796939611435 -0.009021700359880924 0.04618801176548004
-0.020582931116223335 -0.013415618799626827 0.0468304380774498
-0.01746814139187336 -0.017272189259529114 0.04866616427898407
-0.014296932145953178 -0.020060686394572258 0.05170672759413719
-0.010467994026839733 -0.020570335909724236 0.0547550730407238
-0.008051826618611813 -0.016643021255731583 0.05797852203249931
-0.008464416489005089 -0.0149628771468997 0.057587265968322754
-0.00920252874493599 -0.010627959854900837 0.0629480704665184
-0.011871174909174442 -0.003331157611683011 0.06465636193752289
-0.011337102390825748 -0.00017777415632735938 0.062382277101278305
-0.011009608395397663 0.0034271972253918648 0.05981697887182236
-0.04379786550998688 -0.01567142643034458 0.039610132575035095
-0.04658111557364464 -0.023267444223165512 0.03706034645438194
-0.04752304404973984 -0.030074091628193855 0.03473832085728645
-0.04740577191114426 -0.03690880164504051 0.032829079777002335
-0.04994867742061615 -0.013634039089083672 0.03442520275712013
-0.0511147566139698 -0.0211182814091444 0.032724592834711075
-0.05152176693081856 -0.027764081954956055 0.030624432489275932
-0.0558471754193306 -0.02041618712246418 0.02725873701274395
-0.05530427768826485 -0.012462676502764225 0.028733566403388977
-0.060536060482263565 -0.01207740604877472 0.021938221529126167
-0.05998758599162102 -0.02051166072487831 0.021046895533800125
-0.06642363220453262 0.013825304806232452 0.009755123406648636
-0.0663885623216629 0.005133477039635181 0.011148791760206223
-0.061605304479599 -0.029056552797555923 0.01469102967530489
-0.060090772807598114 -0.03945078328251839 0.01169539988040924
-0.06057737022638321 -0.054526183754205704 -0.01250211987644434
-0.0658382773399353 -0.00415938813239336 0.012571413069963455
-0.06870517134666443 -0.006805738899856806 0.0034407994244247675
-0.06741930544376373 -0.01583360880613327 0.004450446926057339
-0.07122480124235153 0.022329658269882202 -0.003606624435633421
-0.07411383837461472 0.024450791999697685 -0.02280602604150772
-0.06567572057247162 -0.024309733882546425 0.005810676608234644
-0.06470897793769836 -0.013625734485685825 0.013321670703589916
-0.06325746327638626 -0.022019794210791588 0.013780610635876656
-0.06946895271539688 0.003041741903871298 0.002836235798895359
-0.06957399100065231 0.012511883862316608 0.0032478279899805784
-0.06840978562831879 0.022295750677585602 0.004248954355716705
-0.06346806138753891 0.030187077820301056 0.013477790169417858
-0.0655544176697731 0.02212395705282688 0.010490557178854942
-0.058949876576662064 -0.027164801955223083 0.020602036267518997
-0.05147053301334381 -0.04824377968907356 0.022591205313801765
-0.05166972428560257 -0.04136249050498009 0.025671755895018578
-0.05178460478782654 -0.03493555635213852 0.028232784941792488
-0.056058745831251144 -0.03840033710002899 0.02001297101378441
-0.055592238903045654 -0.03306777775287628 0.023870786651968956
-0.05920225754380226 -0.034535255283117294 0.017123792320489883
-0.055711664259433746 -0.02699502930045128 0.025478191673755646
-0.05806076526641846 -0.0316011905670166 0.020503168925642967
-0.0021549020893871784 -0.017982350662350655 0.06328759342432022
-0.0038878426421433687 -0.016855860128998756 0.06247810646891594
-0.005180845037102699 -0.015285434201359749 0.06157340481877327
-0.005391181446611881 -0.013617169111967087 0.06064506620168686
0.0739871934056282 0.03615177050232887 -0.017533140257000923
0.023610778152942657 0.01932447962462902 0.039005979895591736
0.02685716561973095 0.01868899166584015 0.039434388279914856
0.03030545450747013 0.018605591729283333 0.03977310284972191
0.04077942669391632 0.019106149673461914 0.03556814789772034
0.038139041513204575 0.018832586705684662 0.037416111677885056
0.03429295867681503 0.018685702234506607 0.0390855073928833
0.04569213092327118 0.02262449637055397 0.03199534863233566
0.02103782258927822 0.02012738399207592 0.03898370638489723
0.01898507960140705 0.02114594541490078 0.03934111446142197
0.014399036765098572 0.014781860634684563 0.046437282115221024
0.031763289123773575 0.029048968106508255 0.04222322255373001
0.027817653492093086 0.028942909091711044 0.04206647723913193
0.024440987035632133 0.02872782200574875 0.04096110165119171
0.03934343904256821 0.02816806733608246 0.03975152596831322
0.035591162741184235 0.028737397864460945 0.04144181311130524
0.042048659175634384 0.027192125096917152 0.0377570241689682
0.044515375047922134 0.02573719434440136 0.03493443503975868
0.03481311351060867 -0.05007530376315117 0.03787526115775108
0.03874776139855385 -0.051385343074798584 0.03488469868898392
0.04397093132138252 -0.05320295691490173 0.029137970879673958
0.05662597343325615 -0.043790481984615326 0.015910949558019638
0.025429032742977142 -0.0325985923409462 0.04768245667219162
0.028049707412719727 -0.029489174485206604 0.046417709439992905
0.03146238252520561 -0.026235094293951988 0.04510117322206497
0.027881024405360222 -0.021531959995627403 0.04596937075257301
0.010954649187624454 -0.015294335782527924 0.05683525651693344
0.012503787875175476 -0.013206053525209427 0.05870576202869415
0.011474612168967724 -0.014167756773531437 0.05718560889363289
0.01148118358105421 -0.01158985961228609 0.05736042559146881
0.008405747823417187 -0.028065284714102745 0.05773911625146866
0.007994641549885273 -0.011798547580838203 0.06704694032669067
0.0060670324601233006 -0.010288558900356293 0.06531613320112228
0.00443753506988287 -0.014174317009747028 0.063887819647789
0.004507498815655708 -0.01294927392154932 0.06254854798316956
0.003995109815150499 -0.0155790401622653 0.0649370402097702
0.0051050567999482155 -0.018161747604608536 0.05993437394499779
0.006640535779297352 -0.01605389639735222 0.059543024748563766
0.006972459610551596 -0.01431801076978445 0.05860620737075806
0.01097617857158184 -0.011052197776734829 0.06064191088080406
0.012163260020315647 -0.012230266816914082 0.06165000796318054
0.01015782542526722 -0.011754780076444149 0.06408890336751938
0.01295186672359705 -0.010076457634568214 0.06448046863079071
0.004300542175769806 -0.028065405786037445 0.05901442468166351
0.020690934732556343 -0.03290631249547005 0.050645358860492706
0.016993656754493713 -0.03042156994342804 0.05314132198691368
0.012203297577798367 -0.02469106949865818 0.05486462637782097
0.010432969778776169 -0.016951769590377808 0.05570540949702263
0.007831824943423271 -0.024370776489377022 0.057326748967170715
0.012825414538383484 -0.029035573825240135 0.055596835911273956
0.004407219123095274 -0.03050953894853592 0.059350404888391495
0.008589746430516243 -0.03080160915851593 0.05806544050574303
0.004365027882158756 -0.0329616442322731 0.05949341133236885
0.004428167827427387 -0.03819228708744049 0.0554550364613533
0.0086690504103899 -0.03340728580951691 0.05776650086045265
0.007636388763785362 -0.038107730448246 0.0542275570333004
0.01262110285460949 -0.034533776342868805 0.055455707013607025
0.011060548946261406 -0.038288649171590805 0.05202798917889595
0.01272456906735897 -0.03199237212538719 0.055871423333883286
0.01660809852182865 -0.03343117609620094 0.05325993895530701
0.019959261640906334 -0.035254623740911484 0.050493355840444565
0.024041490629315376 -0.03509080410003662 0.04792894423007965
0.022567905485630035 -0.036704011261463165 0.047951120883226395
0.018547549843788147 -0.0396183580160141 0.045601386576890945
0.021159987896680832 -0.03833181783556938 0.047486811876297
0.013992867432534695 -0.03875017538666725 0.05002908781170845
0.01638117991387844 -0.03933329880237579 0.047763220965862274
0.0189796332269907 -0.03720409795641899 0.049877118319272995
0.016131635755300522 -0.0359962172806263 0.052607227116823196
0.031136948615312576 -0.04870840162038803 0.039802081882953644
0.025784485042095184 -0.0458468534052372 0.04306618124246597
0.028225000947713852 -0.04735128954052925 0.04150402173399925
0.0306521225720644 -0.05381166189908981 0.03851573169231415
0.03369962424039841 -0.05656716227531433 0.03576097637414932
0.02862711064517498 -0.06069078668951988 0.037613481283187866
0.023414423689246178 -0.0476347841322422 0.0441930890083313
0.019367258995771408 -0.04719454422593117 0.04698134958744049
0.020800989121198654 -0.041559480130672455 0.04611591622233391
0.023817501962184906 -0.04438351094722748 0.044371988624334335
0.02183067984879017 -0.04588397964835167 0.04550623148679733
0.019511763006448746 -0.04226064682006836 0.04737203195691109
0.016065998002886772 -0.03956011310219765 0.048716578632593155
0.017817864194512367 -0.042906589806079865 0.04885271564126015
0.01854250580072403 -0.04503603279590607 0.04825770854949951
0.0026138625107705593 -0.016946284100413322 0.06589598208665848
0.006696585565805435 -0.01264206226915121 0.06956955790519714
0.0040726554580032825 -0.013991354033350945 0.07152699679136276
0.005078836809843779 -0.010457317344844341 0.07375598698854446
0.008275279775261879 -0.009907860308885574 0.07086645811796188
0.005480789579451084 -0.004824234172701836 0.07404505461454391
0.07199406623840332 0.046412575989961624 -0.009889948181807995
0.03428184986114502 0.08449546247720718 0.031053589656949043
0.05271957442164421 0.02853667177259922 0.028479116037487984
0.017095541581511497 0.008740602061152458 0.047018397599458694
0.017381560057401657 0.011975916102528572 0.04464572295546532
0.01395515725016594 0.008058018051087856 0.05158631131052971
0.013543601147830486 0.004375857766717672 0.05381138250231743
0.01465892419219017 -0.005045708268880844 0.06057329475879669
0.019091544672846794 0.0021768459118902683 0.04704466462135315
0.01688922941684723 -0.004029965493828058 0.050054244697093964
0.016484832391142845 -0.009106520563364029 0.059149086475372314
0.01452579628676176 -0.007502865511924028 0.06274481117725372
0.014716839417815208 -0.011591869406402111 0.060774751007556915
0.01635599136352539 -0.006424642633646727 0.05766318738460541
0.01651867665350437 0.005073187872767448 0.04899733513593674
0.019837714731693268 0.0059494925662875175 0.04546397924423218
0.020224077627062798 0.009597737342119217 0.043493080884218216
0.03172808140516281 -0.01752544939517975 0.045385219156742096
0.035438645631074905 -0.02293391153216362 0.04414255917072296
0.03975024074316025 -0.019218988716602325 0.04238704591989517
0.035797614604234695 -0.012905756942927837 0.0440627858042717
0.04018055647611618 -0.006538543850183487 0.04091891646385193
0.047422632575035095 -0.004875657614320517 0.03627259284257889
0.044734761118888855 0.002513364888727665 0.03628794848918915
0.038718048483133316 0.0020442544482648373 0.03908887133002281
0.0501302145421505 0.0041826386004686356 0.03247513249516487
0.005184723995625973 0.00007864013605285436 0.07187385112047195
0.004992187488824129 0.012567155994474888 0.06364849954843521
0.005042846314609051 0.016765739768743515 0.06090405583381653
0.02490626834332943 0.050235550850629807 0.05024923011660576
0.014313210733234882 0.011679618619382381 0.04913128539919853
0.03364889696240425 0.03813931718468666 0.044799353927373886
0.05176210030913353 0.04473043605685234 0.03436601907014847
0.03869674727320671 0.03734682872891426 0.04310479387640953
0.04767218232154846 0.034174684435129166 0.03676067665219307
0.050826869904994965 0.03180263563990593 0.03265049308538437
0.05581895262002945 0.028981508687138557 0.025209560990333557
0.06854744255542755 0.05649296194314957 -0.002874575322493911
0.012782829813659191 0.034207720309495926 0.047344546765089035
0.021217485889792442 0.028236085548996925 0.04002745449542999
0.02110178954899311 0.03707541897892952 0.046564072370529175
0.01900438778102398 0.02762564830482006 0.03925848752260208
0.02777455747127533 -0.041457876563072205 0.04303409904241562
0.029640592634677887 -0.04154529049992561 0.04261571541428566
0.03182879462838173 -0.04148607701063156 0.04200943559408188
0.03573094680905342 -0.040968962013721466 0.04050903767347336
0.03947215899825096 -0.04013098403811455 0.03871963545680046
0.04323958605527878 -0.03842068463563919 0.03635933995246887
0.061882928013801575 0.008228950202465057 0.019046613946557045
0.04245822876691818 -0.02592363953590393 0.0400380976498127
0.03843601047992706 -0.028800075873732567 0.04205557331442833
0.03379664570093155 -0.03207928687334061 0.043559592217206955
0.030618442222476006 -0.03368614614009857 0.04472080618143082
0.028098493814468384 -0.03570556640625 0.04566793516278267
0.02647596411406994 -0.03702917322516441 0.04582025110721588
0.024668172001838684 -0.038325533270835876 0.04574393108487129
0.02307884581387043 -0.039288364350795746 0.045508209615945816
0.020302506163716316 -0.04004313051700592 0.044237419962882996
0.02632514387369156 -0.04128217697143555 0.04343513399362564
0.0216975100338459 -0.04022485017776489 0.04366495832800865
0.02454676479101181 -0.04096115380525589 0.04396405443549156
0.027766333892941475 -0.051569174975156784 0.04071315377950668
0.02538427710533142 -0.049435000866651535 0.04257896542549133
0.024017728865146637 -0.05383354425430298 0.04232406988739967
0.020565468817949295 -0.04924245923757553 0.045648761093616486
0.02212919108569622 -0.05131236091256142 0.0440969243645668
0.026250312104821205 -0.05684829130768776 0.04026225954294205
0.04831923916935921 0.04063297063112259 0.038233596831560135
0.05241718888282776 0.03774215653538704 0.0337124802172184
0.05559277907013893 0.04043581709265709 0.029098158702254295
0.05792349576950073 0.0355311781167984 0.024286853149533272
0.05480676889419556 0.033996663987636566 0.02908778190612793
0.01712392456829548 -0.011624610051512718 0.05442049726843834
0.015448651276528835 -0.0126679427921772 0.057925958186388016
0.01686219871044159 -0.012790918350219727 0.05203544721007347
0.02455695904791355 -0.025527043268084526 0.04757840558886528
0.015108991414308548 -0.013930237852036953 0.05617203563451767
0.027490537613630295 0.03834538161754608 0.04607405513525009
0.03248043730854988 0.0499647781252861 0.04718460142612457
0.039833106100559235 0.04932737722992897 0.043460115790367126
0.04361598193645477 0.08085506409406662 0.025509491562843323
0.05183318257331848 0.07622029632329941 0.0191651564091444
0.06433815509080887 0.06290643662214279 0.005090821534395218
0.06124396622180939 0.03784225508570671 0.01772904396057129
0.05841600149869919 0.043777622282505035 0.022960510104894638
0.054395921528339386 0.049213867634534836 0.02865966595709324
0.0423726923763752 0.05565309524536133 0.039054933935403824
0.034962549805641174 0.0574151836335659 0.043734610080718994
0.02702312171459198 0.058515407145023346 0.04752712696790695
0.018160520121455193 0.05885184928774834 0.0502043180167675
0.05951426923274994 0.029276471585035324 0.0201740562915802
0.06069043651223183 0.023176057264208794 0.017244888469576836
0.0043583521619439125 -0.036259401589632034 0.057916466146707535
0.008150806650519371 -0.03638114407658577 0.05632554367184639
0.011942066252231598 -0.03693241626024246 0.05401455983519554
0.014859088696539402 -0.03797054663300514 0.051173970103263855
0.017540590837597847 -0.0388411246240139 0.04864019900560379
0.019382093101739883 -0.03957733139395714 0.046566832810640335
0.02121928706765175 -0.040007635951042175 0.045188985764980316
0.022728081792593002 -0.04053308442234993 0.04433683305978775
0.019779786467552185 -0.04037889465689659 0.046378280967473984
0.018580924719572067 -0.04066239297389984 0.04755399003624916
0.016929468140006065 -0.0408424437046051 0.048970095813274384
0.015366688370704651 -0.03924514353275299 0.04784129559993744
0.017174534499645233 -0.03969801589846611 0.046181127429008484
0.02131647616624832 -0.04009193927049637 0.04244925081729889
0.02030620537698269 -0.03938302397727966 0.0422888919711113
0.018606780096888542 -0.03903482109308243 0.04385358467698097
0.016295848414301872 -0.03876635804772377 0.04578455537557602
0.013401537202298641 -0.03862905502319336 0.04798625409603119
0.010214891284704208 -0.038552191108465195 0.04989621788263321
0.006986815482378006 -0.03876463696360588 0.0514233373105526
0.0036274990998208523 -0.038860708475112915 0.05242306366562843
0.005514503922313452 -0.06391799449920654 0.048535820096731186
0.004522968083620071 -0.056654561311006546 0.04915366694331169
0.004256164189428091 -0.053862038999795914 0.05034911632537842
0.004077914636582136 -0.05120937526226044 0.05233823135495186
0.004055923316627741 -0.049141764640808105 0.05389074236154556
0.0041068303398787975 -0.046702317893505096 0.0555696077644825
0.003911413252353668 -0.04375136271119118 0.05594641715288162
0.0037557396572083235 -0.041118230670690536 0.0555611290037632
0.003496786579489708 -0.03899364173412323 0.05398835986852646
0.01116530317813158 -0.0632772296667099 0.04687146097421646
0.009368869476020336 -0.056108709424734116 0.048387445509433746
0.008795278146862984 -0.05328356847167015 0.04977605491876602
0.008367152884602547 -0.0508149228990078 0.05157900229096413
0.008159701712429523 -0.04864594712853432 0.05316660553216934
0.008271452970802784 -0.04624049738049507 0.05456238612532616
0.008038700558245182 -0.04321638494729996 0.054759420454502106
0.007800302468240261 -0.0405985563993454 0.05441240966320038
0.0069798557087779045 -0.03886305168271065 0.05312071740627289
0.01321660727262497 -0.038890473544597626 0.0497807078063488
0.014049043878912926 -0.03964584320783615 0.05048208311200142
0.014753380790352821 -0.04141460731625557 0.05081239715218544
0.01549568772315979 -0.043779853731393814 0.05079646408557892
0.01578119955956936 -0.04627281427383423 0.05019175633788109
0.016334541141986847 -0.04861373454332352 0.04872596636414528
0.01798112317919731 -0.0014119946863502264 0.04828694835305214
0.016537560150027275 -0.06180596724152565 0.04463313892483711
0.014117441140115261 -0.054902881383895874 0.047239284962415695
0.013279187493026257 -0.052284397184848785 0.04871031641960144
0.0126580111682415 -0.049993231892585754 0.050285704433918
0.012264320626854897 -0.04765063524246216 0.05193440988659859
0.01228488702327013 -0.045192133635282516 0.05290503054857254
0.011796296574175358 -0.04228271171450615 0.05289311707019806
0.011417370289564133 -0.04002533107995987 0.052512191236019135
0.010398398153483868 -0.03878083825111389 0.05167700722813606
0.022099776193499565 -0.02930944599211216 0.04965736344456673
0.017357200384140015 -0.009207901544868946 0.05084796994924545
0.003900752170011401 -0.02487451210618019 0.05891329422593117
0.017069660127162933 -0.01027835626155138 0.05673003941774368
0.07159942388534546 -0.012220744043588638 -0.024252617731690407
0.017313098534941673 -0.025215893983840942 0.051679786294698715
0.014264928176999092 -0.015461700968444347 0.05462469905614853
0.017321472987532616 -0.007816013880074024 0.05510614812374115
0.013410386629402637 0.0007049976265989244 0.05604992434382439
0.0049450332298874855 0.008400484919548035 0.06634987145662308
0.013969695195555687 -0.0026012721937149763 0.05845486745238304
0.005042637698352337 0.004369883332401514 0.06914741545915604
0.015479679219424725 -0.0015527341747656465 0.05255920812487602
0.015836231410503387 0.001582725322805345 0.05076570436358452
0.0186309777200222 -0.03990098088979721 0.04468978941440582
0.01891428604722023 -0.03976552188396454 0.045871444046497345
0.006993803195655346 -0.020089253783226013 0.05756619572639465
0.013617129065096378 -0.0168004147708416 0.052692946046590805
0.02081100456416607 -0.02114267461001873 0.04814697802066803
0.024124424904584885 -0.017105059698224068 0.046193163841962814
0.02751295454800129 -0.01281324028968811 0.04580841585993767
0.01679992862045765 -0.01369599997997284 0.05004560202360153
0.01805533841252327 -0.008905916474759579 0.04857679083943367
0.02029372565448284 -0.005103881936520338 0.04677686467766762
0.016790783032774925 -0.005980657413601875 0.05258605629205704
0.015765061601996422 -0.004216364119201899 0.05519342049956322
0.022041622549295425 -0.0009790003532543778 0.04570860043168068
0.023169605061411858 0.0032523241825401783 0.044285647571086884
0.023596199229359627 0.007296871859580278 0.04243701696395874
0.030655797570943832 -0.008090201765298843 0.04492376744747162
0.03284420445561409 -0.002548655029386282 0.043024785816669464
0.03284106031060219 0.0033569172956049442 0.040656838566064835
0.0035275686532258987 -0.0217633955180645 0.05948878452181816
0.002940188394859433 -0.019331665709614754 0.060961320996284485
0.017536234110593796 -0.009357900358736515 0.05358709394931793
0.04363502189517021 0.036200329661369324 0.04038451239466667
0.03687960281968117 0.04363861680030823 0.045518022030591965
0.02994176372885704 0.04367135465145111 0.0479968786239624
0.02286609821021557 0.043382253497838974 0.05026337876915932
0.05855398625135422 0.07078006863594055 0.012536007910966873
0.048940423876047134 0.0528310127556324 0.03420519083738327
0.04637177288532257 0.04741062596440315 0.03911292925477028
0.04308677464723587 0.04242508485913277 0.0422808900475502
0.017226753756403923 -0.05083111301064491 0.04722988232970238
0.018447890877723694 -0.05319923534989357 0.04572052136063576
0.01989719830453396 -0.055871911346912384 0.04426660016179085
0.015178149566054344 -0.05795648321509361 0.045984357595443726
0.021576086059212685 -0.059361446648836136 0.04240377992391586
0.023648684844374657 -0.0639101192355156 0.040256861597299576
0.018276140093803406 -0.06668942421674728 0.04311099275946617
0.012658073566854 -0.06857527792453766 0.045978277921676636
0.006466280203312635 -0.0696224495768547 0.048194337636232376
0.01002739928662777 -0.059397339820861816 0.04756559804081917
0.0048737842589616776 -0.05977771803736687 0.04873482510447502
0.006298813037574291 0.034251902252435684 0.05152059346437454
0.015260289423167706 0.04194498434662819 0.05169733986258507
0.016764452680945396 0.04986092820763588 0.052322715520858765
0.023533053696155548 0.08715899288654327 0.03523356094956398
0.056354865431785583 0.012190507724881172 0.02428230457007885
0.053765036165714264 -0.00317933177575469 0.030547328293323517
0.056845225393772125 0.018102670088410378 0.02177615277469158
0.04330272972583771 0.019640900194644928 0.0335463248193264
0.01692410744726658 0.02617698162794113 0.039206769317388535
0.015894990414381027 0.023792369291186333 0.03957637771964073
0.00928774755448103 0.027524568140506744 0.04721364006400108
0.0052841342985630035 0.029301833361387253 0.052336953580379486
0.008479880169034004 0.014124758541584015 0.05792786926031113
0.009032916277647018 -0.00143811060115695 0.06862235069274902
0.008772735483944416 0.0023656359408050776 0.0660700723528862
0.008377185091376305 0.010151530615985394 0.06057841703295708
0.008509908802807331 0.006206580437719822 0.06332741677761078
0.008177753537893295 0.022292038425803185 0.05143721029162407
0.008397429250180721 0.018131976947188377 0.05483115091919899
0.011277205310761929 0.011092026717960835 0.05460109934210777
0.011034168303012848 0.007235183380544186 0.057186055928468704
0.011010340414941311 0.018131526187062263 0.04862417280673981
0.011302436701953411 0.014831971377134323 0.05191369354724884
0.009124577976763248 -0.005434473045170307 0.07056785374879837
0.011938050389289856 -0.006288615521043539 0.06642386317253113
0.0108525725081563 -0.009214256890118122 0.06745525449514389
0.06202781945466995 0.016130663454532623 0.016717778518795967
0.07235454022884369 -0.0021088391076773405 -0.024416349828243256
0.049853794276714325 0.011826791800558567 0.02996714599430561
0.04637809842824936 0.009309390559792519 0.03307245671749115
0.041989315301179886 0.007990839891135693 0.035739947110414505
0.03703190013766289 0.007640644907951355 0.03762625902891159
0.032124750316143036 0.008304882794618607 0.03893444687128067
0.027513975277543068 0.009659522213041782 0.03977927565574646
0.023666344583034515 0.01116958074271679 0.04057693108916283
0.020538508892059326 0.012917190790176392 0.04137169569730759
0.01768164522945881 0.014854147098958492 0.04230727255344391
0.014637710526585579 0.017273886129260063 0.04371911659836769
0.005077111069113016 0.02103087492287159 0.05758232995867729
0.05164221674203873 0.015470434911549091 0.027098048478364944
0.054583195596933365 0.0070129805244505405 0.027986813336610794
0.060206733644008636 -0.0005802558735013008 0.023113403469324112
0.05475394055247307 -0.06243269518017769 -0.003714471822604537
0.021446242928504944 -0.04003237932920456 0.04174536466598511
0.02154570445418358 -0.040271591395139694 0.043410979211330414
0.022829249501228333 -0.0403359979391098 0.04430459067225456
0.024731721729040146 -0.04013080149888992 0.04443272575736046
0.026194317266345024 -0.03978504613041878 0.04442337155342102
0.027834711596369743 -0.03937235474586487 0.044136643409729004
0.02973715029656887 -0.03865475207567215 0.04391230270266533
0.03218230977654457 -0.03769551217556 0.043128713965415955
0.03535580262541771 -0.03634067252278328 0.041856829077005386
0.03994722664356232 -0.034980472177267075 0.039849378168582916
0.04362405836582184 -0.03261285275220871 0.03772196173667908
0.019947074353694916 -0.04008626565337181 0.043681368231773376
0.020185770466923714 -0.04003686085343361 0.04473995789885521
0.021250929683446884 -0.04061371088027954 0.04527398943901062
0.0225736852735281 -0.04128599911928177 0.044811755418777466
0.025965603068470955 -0.04301675036549568 0.043182119727134705
0.027570528909564018 -0.04375468194484711 0.04249744862318039
0.030427590012550354 -0.04471117630600929 0.04125646501779556
0.033966414630413055 -0.04534774273633957 0.03985477611422539
0.037843186408281326 -0.04536670818924904 0.03800394758582115
0.04186752066016197 -0.04499252885580063 0.03527028113603592
0.0467483252286911 -0.04396466538310051 0.030800098553299904
0.052662115544080734 0.019807513803243637 0.025276731699705124
0.04485047608613968 0.02109316550195217 0.03235934302210808
0.04540702700614929 0.024590548127889633 0.03337815776467323
0.05306939780712128 0.024259431287646294 0.025744382292032242
0.05679204314947128 0.02391406148672104 0.021850798279047012
0.0075825974345207214 0.04148821160197258 0.05302266404032707
0.008344401605427265 0.05010494217276573 0.05331331863999367
0.009004888124763966 0.0588967464864254 0.051353126764297485
0.011780536733567715 0.08846865594387054 0.03789887577295303
0.017645064741373062 0.022324027493596077 0.03959967568516731
0.0048586176708340645 0.024830587208271027 0.054988838732242584
0.00314575107768178 -0.01581336371600628 0.06871800124645233
0.0048288386315107346 -0.014165522530674934 0.06741685420274734
0.004996960051357746 -0.012548370286822319 0.06666873395442963
0.004387650638818741 -0.01109412219375372 0.06552650779485703
0.011249965988099575 0.021412616595625877 0.04513539746403694
0.02779068425297737 0.005205618683248758 0.04156431928277016
0.027458159253001213 0.0004958499921485782 0.04358360916376114
0.02601069025695324 -0.0042259846813976765 0.045152947306632996
0.023569978773593903 -0.008770420216023922 0.046038124710321426
0.02081969380378723 -0.01316084060817957 0.046593308448791504
0.017763614654541016 -0.01697133108973503 0.048400018364191055
0.014602527022361755 -0.01977461390197277 0.05150051787495613
0.01080270204693079 -0.02034693770110607 0.05458970367908478
0.008368459530174732 -0.0164923258125782 0.05783063545823097
0.008772367611527443 -0.014810082502663136 0.05744098126888275
0.009458568878471851 -0.010557874105870724 0.06283598393201828
0.012028427794575691 -0.0032812957651913166 0.06457807868719101
0.011465547606348991 -0.0001292231900151819 0.06231260672211647
0.01111140102148056 0.003468644106760621 0.05976388603448868
0.044023267924785614 -0.01528907846659422 0.03952993080019951
0.04688703641295433 -0.022933080792427063 0.03692635893821716
0.04778412729501724 -0.029783178120851517 0.03452195227146149
0.047595538198947906 -0.03664371371269226 0.032565467059612274
0.05009530484676361 -0.013226816430687904 0.034368813037872314
0.051347386091947556 -0.020759472623467445 0.032619595527648926
0.05173424258828163 -0.0274598877876997 0.03043510392308235
0.05604330077767372 -0.020068954676389694 0.027197493240237236
0.055414434522390366 -0.012059670872986317 0.028708096593618393
0.060635920614004135 -0.011730078607797623 0.0219395961612463
0.060136664658784866 -0.02021055854856968 0.02101065404713154
0.06172173470258713 -0.02886870503425598 0.014616655185818672
0.06013265252113342 -0.03931606933474541 0.011606083251535892
0.07410731166601181 0.02440660446882248 -0.022829031571745872
0.06341320276260376 0.030135417357087135 0.013480578549206257
0.06550400704145432 0.02211179956793785 0.010510001331567764
0.05909387022256851 -0.026905810460448265 0.020505378022789955
0.051480408757925034 -0.0480286180973053 0.02234244905412197
0.051764070987701416 -0.04112749546766281 0.02541077695786953
0.051956385374069214 -0.03467929735779762 0.027981912717223167
0.05616012215614319 -0.03819707781076431 0.019819488748908043
0.05574794486165047 -0.03281983360648155 0.023653317242860794
0.0593053475022316 -0.03434218093752861 0.01698926091194153
0.05588764324784279 -0.02670159563422203 0.025337746366858482
0.05819883197546005 -0.03137228637933731 0.020347144454717636
0.002485191449522972 -0.017946342006325722 0.06324172019958496
0.004207823891192675 -0.016792388632893562 0.06240013614296913
0.00549861416220665 -0.0152050219476223 0.061480093747377396
0.005701981019228697 -0.013529160991311073 0.06054357439279556
-0.06913483142852783 -0.029915833845734596 -0.023815277963876724
-0.06632763892412186 -0.04153713956475258 -0.021054934710264206
0.048329487442970276 -0.06868712604045868 0.004635037388652563
0.04157682880759239 -0.07343505322933197 0.01175754051655531
0.03415730223059654 -0.0778009295463562 0.018060708418488503
0.027933841571211815 -0.08127189427614212 0.02364519238471985
0.02267402596771717 -0.08351046591997147 0.02817314676940441
0.018785400316119194 -0.08497358858585358 0.030886419117450714
0.014190372079610825 -0.08619949221611023 0.033369582146406174
0.007468824274837971 -0.08738961815834045 0.03535490110516548
-0.007825721986591816 -0.08740971237421036 0.035284776240587234
-0.01452588103711605 -0.08624131977558136 0.03327324613928795
-0.01910618133842945 -0.08502534031867981 0.030795594677329063
-0.022976405918598175 -0.08356362581253052 0.028099587187170982
-0.02821182645857334 -0.08131823688745499 0.023593509569764137
-0.034388743340969086 -0.07785060256719589 0.018028607591986656
-0.041746195405721664 -0.07347261160612106 0.011748944409191608
-0.048431362956762314 -0.06870473921298981 0.004629543051123619
-0.030446896329522133 -0.07638388127088547 0.027730360627174377
-0.03671376779675484 -0.07246222347021103 0.02287263795733452
-0.04378145560622215 -0.06789366155862808 0.01772213727235794
-0.05062012001872063 -0.0626794770359993 0.011438705958425999
-0.05663475766777992 -0.0555667020380497 0.00428430549800396
-0.062036823481321335 -0.04865409806370735 -0.003652923507615924
-0.06619145721197128 -0.0393914133310318 -0.009854915551841259
-0.06903205811977386 -0.029158297926187515 -0.013525739312171936
-0.07060687243938446 -0.02080453746020794 -0.015854209661483765
-0.07206033915281296 -0.009980677627027035 -0.016678016632795334
-0.04470984637737274 -0.06018289923667908 0.02353879064321518
-0.0510229617357254 -0.05513985455036163 0.018056221306324005
-0.05714954808354378 -0.049736443907022476 0.011423478834331036
-0.06176742538809776 -0.04331523925065994 0.004553722217679024
-0.06521094590425491 -0.03575709089636803 0.00010780960292322561
-0.06771267205476761 -0.02748691663146019 -0.0027849574107676744
-0.06952030956745148 -0.018566034734249115 -0.004473238717764616
-0.0708121582865715 -0.008617936633527279 -0.004964216146618128
-0.07186012715101242 0.0010906378738582134 -0.006299045402556658
0.06963706761598587 0.044011086225509644 -0.002560272580012679
0.07169845700263977 0.034022923558950424 -0.008008362725377083
0.07300650328397751 0.023488719016313553 -0.013456540182232857
0.020106203854084015 -0.0816727951169014 0.03508690372109413
-0.07302050292491913 0.02352975495159626 -0.013459889218211174
-0.07172688096761703 0.03407500311732292 -0.008003353141248226
-0.0696806013584137 0.044070031493902206 -0.002545444993302226
-0.06654580682516098 0.052447475492954254 0.0041806953959167
-0.06265889108181 0.059470612555742264 0.01056482084095478
-0.05647871270775795 0.06632311642169952 0.018510209396481514
-0.04966510459780693 0.07110632210969925 0.025008929893374443
-0.041532259434461594 0.07494132220745087 0.031224537640810013
-0.032435137778520584 0.0778176337480545 0.03663310781121254
-0.022118467837572098 0.07953297346830368 0.040533605962991714
-0.011090630665421486 0.0799732431769371 0.04287465289235115
-0.000019844415874104016 0.0798100084066391 0.04387877136468887
0.01104914490133524 0.07995504140853882 0.042848531156778336
0.02207215316593647 0.07949737459421158 0.04048537835478783
0.032381732016801834 0.07777024060487747 0.0365724079310894
0.04147142171859741 0.07488752156496048 0.031159497797489166
0.04960017278790474 0.07104266434907913 0.024946121498942375
0.05641256272792816 0.06624548137187958 0.0184564720839262
0.06259623914957047 0.05938910320401192 0.010524651035666466
0.06649075448513031 0.05237407982349396 0.00415346072986722
0.07328170537948608 0.011408725753426552 -0.016130337491631508
0.07277901470661163 0.011167015880346298 -0.025966664776206017
-0.07276007533073425 -0.00002284766742377542 -0.016697639599442482
-0.07328615337610245 0.01143117155879736 -0.01614854857325554
0.036273252218961716 -0.060261841863393784 0.03218875080347061
0.030337383970618248 -0.06484638154506683 0.03492787107825279
0.0250394344329834 -0.06859365105628967 0.03798287734389305
0.019812557846307755 -0.07200587540864944 0.041404590010643005
0.013952670618891716 -0.07440353184938431 0.044423431158065796
0.0072029284201562405 -0.0758017972111702 0.04660807549953461
-0.0001556071947561577 -0.07603102177381516 0.04728076979517937
-0.00749538280069828 -0.07586616277694702 0.04655255377292633
-0.014219376258552074 -0.07452352344989777 0.044363606721162796
-0.02005356177687645 -0.07214424014091492 0.04138241335749626
-0.025256343185901642 -0.06874489039182663 0.038009896874427795
-0.030527828261256218 -0.0650247111916542 0.03502054512500763
-0.03642845153808594 -0.060466963797807693 0.03237040713429451
0.01459959801286459 -0.07986477017402649 0.04155624657869339
0.007636036723852158 -0.08131472766399384 0.04348080977797508
-0.007981055416166782 -0.08135908097028732 0.043405089527368546
-0.01491636410355568 -0.07994943112134933 0.04146542772650719
-0.020838305354118347 -0.07735805958509445 0.038725726306438446
-0.025845808908343315 -0.07412397116422653 0.035634368658065796
-0.031209178268909454 -0.07042759656906128 0.03178669512271881
-0.037346016615629196 -0.06604573875665665 0.028005091473460197
0.03648815676569939 -0.0723705068230629 0.022860759869217873
0.03017418086528778 -0.07630407810211182 0.02775656245648861
0.024927731603384018 -0.07936257869005203 0.031907860189676285
0.014390489086508751 -0.08369539678096771 0.037743691354990005
0.007564264815300703 -0.0848182961344719 0.039700161665678024
-0.007924061268568039 -0.08484821021556854 0.0396234355866909
-0.014726268127560616 -0.08375062793493271 0.03764321655035019
-0.02042139321565628 -0.08174476027488708 0.03500290587544441
-0.02522619441151619 -0.079435795545578 0.03185103461146355
0.0727408230304718 -0.000019047363821300678 -0.01665358990430832
0.07200895994901657 -0.00995821412652731 -0.016624556854367256
0.07053875923156738 -0.020795948803424835 -0.015777479857206345
0.06897195428609848 -0.029155973345041275 -0.013453947380185127
0.06615906208753586 -0.03939688578248024 -0.009805850684642792
0.062020786106586456 -0.048648688942193985 -0.0036479549016803503
0.056602343916893005 -0.05552142485976219 0.004234579857438803
0.05052976310253143 -0.06260620802640915 0.011364049278199673
0.04363061115145683 -0.06780052185058594 0.017657998949289322
0.07079391181468964 -0.008569610305130482 -0.004916585981845856
0.0718396008014679 0.00110546441283077 -0.006255957297980785
0.07169155031442642 0.012904079630970955 -0.005164030008018017
0.0712045282125473 0.022299086675047874 -0.0035958755761384964
0.06967620551586151 0.032032545655965805 -0.0007583199185319245
0.06692632287740707 0.04027779772877693 0.004935384728014469
0.06401288509368896 0.0498940609395504 0.010394391603767872
0.05931984633207321 0.05620303004980087 0.017916666343808174
0.05388287827372551 0.06170039251446724 0.02401617355644703
0.04702020063996315 0.06588049978017807 0.030064642429351807
0.03902319073677063 0.06892409920692444 0.03592894598841667
0.03037058748304844 0.07139800488948822 0.04056167975068092
0.020539160817861557 0.07233057171106339 0.0441213957965374
0.010199874639511108 0.07232315093278885 0.0461045578122139
-0.000017885085981106386 0.07203664630651474 0.04688470438122749
-0.07170609384775162 0.012915589846670628 -0.005188916344195604
0.06361304223537445 -0.03179438039660454 0.00803382694721222
0.06574223190546036 -0.024187931790947914 0.005817599128931761
0.06747408211231232 -0.01570901833474636 0.004479657858610153
0.0687212124466896 -0.006698549259454012 0.0034777463879436255
0.06945639103651047 0.0030986573547124863 0.0028695878572762012
0.0695435106754303 0.012526249513030052 0.0032754004932940006
0.06837518513202667 0.02226976677775383 0.004256585147231817
0.06649065762758255 0.030743766576051712 0.007379910908639431
0.06407009065151215 0.039579130709171295 0.011705313809216022
0.06092071533203125 0.046249985694885254 0.01744716241955757
0.05679694190621376 0.052541688084602356 0.023374829441308975
0.051212944090366364 0.05698494240641594 0.029501497745513916
0.04438447952270508 0.060588542371988297 0.03497667983174324
0.0366947278380394 0.06290531903505325 0.04025734215974808
0.02845226228237152 0.0645381361246109 0.04438778758049011
0.01919889822602272 0.06493943929672241 0.04751328006386757
0.009513446129858494 0.06462882459163666 0.049162037670612335
-0.000015581837942590937 0.06425883620977402 0.04965924099087715
0.06336630135774612 -0.021807271987199783 0.013768540695309639
0.06478869915008545 -0.013389388099312782 0.013342090882360935
0.06586495041847229 -0.0039377715438604355 0.012603413313627243
0.06636473536491394 0.005279110744595528 0.011183205991983414
0.066380575299263 0.013872428797185421 0.009793599136173725
-0.00018772830662783235 -0.08789598941802979 0.036065250635147095
-0.00019086698011960834 -0.08542152494192123 0.04021411016583443
-0.00018471243674866855 -0.08196290582418442 0.044041186571121216
0.020545287057757378 -0.07725480198860168 0.03878685459494591
0.02557433769106865 -0.0740097165107727 0.0356549471616745
0.03096775710582733 -0.07029447704553604 0.03175833448767662
0.03714485466480255 -0.06588469445705414 0.027898376807570457
0.04458274319767952 -0.05998595058917999 0.023364510387182236
0.05097993090748787 -0.05497560277581215 0.01787944883108139
0.05713135749101639 -0.049629803746938705 0.011298509314656258
0.06177628040313721 -0.043246302753686905 0.004505063407123089
0.06521765887737274 -0.03570479899644852 0.00010070389544125646
0.06770581752061844 -0.027438374236226082 -0.002763821044936776
0.06949921697378159 -0.018519530072808266 -0.004433120600879192
0.02366643212735653 0.02239897847175598 0.03995232284069061
0.026620803400874138 0.021574974060058594 0.04092845320701599
0.03027837537229061 0.02137761004269123 0.04145243018865585
0.03413649648427963 0.021725844591856003 0.04102633148431778
0.03730551525950432 0.022372907027602196 0.039964351803064346
0.040043335407972336 0.022931795567274094 0.038368187844753265
0.0412442646920681 0.02323024719953537 0.037368614226579666
0.04219033569097519 0.02343565784394741 0.03653663396835327
0.042941976338624954 0.023789217695593834 0.03608662635087967
0.041900262236595154 0.023923952132463455 0.03704703599214554
0.04071592539548874 0.024131545796990395 0.038152825087308884
0.03935348615050316 0.024365851655602455 0.03916691988706589
0.036972351372241974 0.02478271909058094 0.04055080935359001
0.03381362929940224 0.025147924199700356 0.04177914932370186
0.03047100640833378 0.025257619097828865 0.04228053614497185
0.027050619944930077 0.025389693677425385 0.04168592765927315
0.02427687495946884 0.02543136291205883 0.040435150265693665
0.022175317630171776 0.02541937306523323 0.039630141109228134
0.020738037303090096 0.025604696944355965 0.03888123854994774
0.018986644223332405 0.02513926848769188 0.03877132013440132
0.01708035171031952 0.023989640176296234 0.03798889368772507
0.01841863803565502 0.024162286892533302 0.038617607206106186
0.01977325789630413 0.023971904069185257 0.03896499425172806
0.0213755015283823 0.023351376876235008 0.0393400639295578
-0.026742715388536453 0.022312559187412262 0.03990985080599785
-0.02393973059952259 0.023249220103025436 0.03938901424407959
-0.021670794114470482 0.023866429924964905 0.03887046501040459
-0.019751442596316338 0.024083901196718216 0.03841825947165489
-0.017888834699988365 0.02393455058336258 0.03782939910888672
-0.020429765805602074 0.025018084794282913 0.039093729108572006
-0.023625385016202927 0.025607533752918243 0.03967776894569397
-0.02618812955915928 0.025528963655233383 0.040427397936582565
-0.029242195188999176 0.02553706429898739 0.04077285900712013
-0.03253903239965439 0.02519727684557438 0.04110470414161682
-0.035842303186655045 0.024646690115332603 0.04067573323845863
-0.03857771307229996 0.024409372359514236 0.039501890540122986
-0.04084063693881035 0.024156566709280014 0.038079097867012024
-0.042471420019865036 0.023874839767813683 0.03697574883699417
-0.04340609908103943 0.023729262873530388 0.03619024530053139
-0.044190820306539536 0.023583795875310898 0.03527623414993286
-0.04501720890402794 0.023461490869522095 0.0342736691236496
-0.04446599632501602 0.02302086167037487 0.03478233516216278
-0.0438627228140831 0.022716522216796875 0.035509608685970306
-0.042935214936733246 0.022349508479237556 0.03639678284525871
-0.040681883692741394 0.02176174893975258 0.038066066801548004
-0.03782567009329796 0.021245718002319336 0.03938166797161102
-0.034125957638025284 0.021058863028883934 0.04023432359099388
-0.030178546905517578 0.021407483145594597 0.04039176180958748
0.049059610813856125 0.021327072754502296 0.02871582843363285
0.047853004187345505 0.01836329512298107 0.029659250751137733
0.04586518183350563 0.01608806662261486 0.03171103075146675
0.04281669855117798 0.014555900357663631 0.03385801985859871
0.03926531597971916 0.014149284921586514 0.03556930273771286
0.035298801958560944 0.013979978859424591 0.036913152784109116
0.03111753799021244 0.014289338141679764 0.037875305861234665
0.02705107256770134 0.014939227141439915 0.03844566270709038
0.02369314432144165 0.015975598245859146 0.03876650333404541
0.02092328853905201 0.017001498490571976 0.03916267305612564
0.018376240506768227 0.018171347677707672 0.039882492274045944
0.016139240935444832 0.01963127963244915 0.04062075912952423
0.01335748191922903 0.0229535810649395 0.040952906012535095
0.013095999136567116 0.027440741658210754 0.041875194758176804
0.01568286493420601 0.03105366975069046 0.042293302714824677
0.021107204258441925 0.03221658244729042 0.04225445166230202
0.02547435835003853 0.03296063467860222 0.04296369105577469
0.030277341604232788 0.033402685075998306 0.04349810257554054
0.0354936420917511 0.03335900977253914 0.0429513044655323
0.040189411491155624 0.032760828733444214 0.04116613417863846
0.043948180973529816 0.031380027532577515 0.03842766582965851
0.046286266297101974 0.02950737066566944 0.03534583002328873
0.04767528176307678 0.02694849856197834 0.0325189046561718
0.04890381172299385 0.02420644462108612 0.02970503643155098
-0.048307642340660095 0.02695421129465103 0.031645867973566055
-0.04955921322107315 0.024162719026207924 0.028709694743156433
-0.04969072714447975 0.02120097354054451 0.027683496475219727
-0.048574235290288925 0.018128570169210434 0.028623975813388824
-0.04682190343737602 0.015775421634316444 0.0307513065636158
-0.044074445962905884 0.014220915734767914 0.03306250274181366
-0.040707867592573166 0.013804824091494083 0.03492405265569687
-0.036827605217695236 0.013642770238220692 0.03646034374833107
-0.03269850090146065 0.013974577188491821 0.03770514577627182
-0.02862929366528988 0.014640145935118198 0.03862037509679794
-0.02517627738416195 0.015681838616728783 0.039217811077833176
-0.02220766991376877 0.016761312261223793 0.03965990990400314
-0.019315628334879875 0.018001915886998177 0.04019778594374657
-0.01675712876021862 0.0195727851241827 0.04073820635676384
-0.01359111163765192 0.022922702133655548 0.04090483859181404
-0.013404406607151031 0.027382967993617058 0.04196825996041298
-0.01636180281639099 0.03104165382683277 0.04258336126804352
-0.022339042276144028 0.032323017716407776 0.042600370943546295
-0.026738129556179047 0.03309600427746773 0.04315805062651634
-0.03135283291339874 0.03349115699529648 0.04345596209168434
-0.03630844131112099 0.03337804228067398 0.04269781708717346
-0.040831126272678375 0.03273973613977432 0.040763430297374725
-0.04454423114657402 0.03135112300515175 0.0378711111843586
-0.046875547617673874 0.029498334974050522 0.03464391455054283
0.04348957911133766 0.022677771747112274 0.03488487750291824
0.042519792914390564 0.02210076153278351 0.035634078085422516
0.04045762121677399 0.021763697266578674 0.037399616092443466
0.037809308618307114 0.021189844235777855 0.03907870128750801
0.034316420555114746 0.020621277391910553 0.04036768898367882
0.030230997130274773 0.020383207127451897 0.04085598513484001
0.026633374392986298 0.020548250526189804 0.04048430919647217
0.02353633940219879 0.02135450951755047 0.03965126723051071
0.021195536479353905 0.02238437533378601 0.039341531693935394
0.01944761537015438 0.02311011590063572 0.03937002271413803
0.018040305003523827 0.023578625172376633 0.039417654275894165
0.016633344814181328 0.02389567531645298 0.03911402449011803
0.017959192395210266 0.02562541887164116 0.039426062256097794
0.019856534898281097 0.026460248976945877 0.039422281086444855
0.02162034995853901 0.026915520429611206 0.04006461799144745
0.0244583860039711 0.026993872597813606 0.04110186919569969
0.027370596304535866 0.02691875398159027 0.04198259115219116
0.03100975975394249 0.026909058913588524 0.04229629412293434
0.03481227532029152 0.026947516947984695 0.041669949889183044
0.038490455597639084 0.02670952118933201 0.04025311768054962
0.04084885120391846 0.025950275361537933 0.038523949682712555
0.04255075752735138 0.025187848135828972 0.0369037464261055
0.043817657977342606 0.024535832926630974 0.03539250046014786
0.044173214584589005 0.02356293797492981 0.034511126577854156
-0.045579057186841965 0.023318666964769363 0.033310312777757645
-0.04525838792324066 0.02431272342801094 0.034192364662885666
-0.04432102292776108 0.02488825097680092 0.03555358946323395
-0.0429806187748909 0.0255457554012537 0.03702591359615326
-0.04102010652422905 0.026199577376246452 0.0386132150888443
-0.038138438016176224 0.026403581723570824 0.04013111814856529
-0.03505342826247215 0.026496419683098793 0.04120523855090141
-0.03165079280734062 0.026834774762392044 0.0416516438126564
-0.028315873816609383 0.02715309150516987 0.04150579497218132
-0.024870339781045914 0.027038292959332466 0.04080203175544739
-0.022243326529860497 0.02642778865993023 0.04010388255119324
-0.01922600343823433 0.025466183200478554 0.039706382900476456
-0.01738654263317585 0.023817474022507668 0.03900305554270744
-0.019322408363223076 0.02352510392665863 0.039238426834344864
-0.02128799818456173 0.023015107959508896 0.03934253379702568
-0.023701287806034088 0.022272776812314987 0.03950227051973343
-0.026512885466217995 0.02123372256755829 0.03974936157464981
-0.02998826652765274 0.020322494208812714 0.0400858037173748
-0.03385213762521744 0.02002798765897751 0.03984944149851799
-0.03781214356422424 0.02012144774198532 0.03894362971186638
-0.040930140763521194 0.020574109628796577 0.03746017441153526
-0.04305984079837799 0.0211621206253767 0.0357862152159214
-0.044499482959508896 0.021648403257131577 0.03423120081424713
-0.045164309442043304 0.02233508601784706 0.03358845040202141
-0.009632785804569721 -0.013960929587483406 0.056756943464279175
0.009931503795087337 -0.013796106912195683 0.05659698322415352
0.022185036912560463 -0.04299476370215416 0.04529767110943794
0.020541012287139893 -0.04404280707240105 0.046694330871105194
0.02420291118323803 -0.04219501093029976 0.04401758685708046
-0.023882636800408363 -0.042631130665540695 0.04434392973780632
-0.02190057933330536 -0.04336029291152954 0.045591723173856735
-0.020286506041884422 -0.044354259967803955 0.04695871099829674
0.07050541043281555 -0.02209748513996601 -0.0247630774974823
0.06905694305896759 -0.029938094317913055 -0.023735858500003815
0.06628061830997467 -0.041569843888282776 -0.020976221188902855
0.060553889721632004 -0.054561082273721695 -0.012467234395444393
0.017604634165763855 -0.03963601961731911 0.047270260751247406
-0.017365075647830963 -0.039962947368621826 0.047547921538352966
-0.018315626308321953 -0.040988989174366 0.04783520847558975
3 1201 44 45
3 1200 1201 45
3 1200 45 42
3 1199 1200 42
3 1197 40 47
3 1196 1197 47
3 1196 47 48
3 1195 1196 48
3 1188 1189 52
3 51 1188 52
3 1185 53 55
3 1184 1185 55
3 1184 55 56
3 1183 1184 56
3 0 83 90
3 1 0 90
3 85 84 100
3 99 85 100
3 84 101 102
3 100 84 102
3 58 112 191
3 109 58 191
3 260 30 29
3 261 260 29
3 134 146 145
3 133 134 145
3 133 145 138
3 144 133 138
3 148 64 65
3 147 148 65
3 13 158 157
3 12 13 157
3 52 1189 1190
3 169 52 1190
3 172 173 409
3 408 172 409
3 173 174 410
3 409 173 410
3 174 175 411
3 410 174 411
3 411 175 176
3 412 411 176
3 148 180 181
3 64 148 181
3 402 401 181
3 180 402 181
3 64 181 182
3 63 64 182
3 401 400 182
3 181 401 182
3 400 399 183
3 182 400 183
3 182 183 62
3 63 182 62
3 399 398 184
3 183 399 184
3 398 397 185
3 184 398 185
3 30 260 259
3 31 30 259
3 118 110 115
3 119 118 115
3 119 116 123
3 1212 119 123
3 111 109 191
3 192 111 191
3 110 111 192
3 115 110 192
3 119 115 194
3 116 119 194
3 115 192 195
3 194 115 195
3 192 191 193
3 195 192 193
3 269 260 261
3 270 269 261
3 116 280 279
3 123 116 279
3 165 164 198
3 201 165 198
3 199 198 197
3 162 199 197
3 198 199 200
3 201 198 200
3 132 165 201
3 166 132 201
3 6 126 428
3 37 6 428
3 126 125 429
3 428 126 429
3 125 71 430
3 429 125 430
3 71 72 431
3 430 71 431
3 101 184 185
3 102 101 185
3 101 84 291
3 62 101 291
3 184 101 62
3 183 184 62
3 64 63 205
3 65 64 205
3 199 228 227
3 200 199 227
3 199 162 229
3 228 199 229
3 230 210 209
3 231 230 209
3 23 22 237
3 93 23 237
3 97 95 238
3 239 97 238
3 97 239 240
3 105 97 240
3 105 240 241
3 106 105 241
3 106 241 242
3 103 106 242
3 103 242 243
3 187 103 243
3 187 243 395
3 394 187 395
3 121 246 277
3 276 121 277
3 289 288 272
3 273 289 272
3 273 272 263
3 264 273 263
3 26 264 263
3 27 26 263
3 25 265 264
3 26 25 264
3 274 273 264
3 265 274 264
3 290 289 273
3 274 290 273
3 275 247 121
3 276 275 121
3 1218 121 247
3 248 1218 247
3 106 252 253
3 105 106 253
3 105 253 254
3 97 105 254
3 254 255 95
3 97 254 95
3 24 23 93
3 256 24 93
3 275 276 289
3 290 275 289
3 276 277 288
3 289 276 288
3 280 285 286
3 279 280 286
3 113 112 58
3 59 113 58
3 80 142 203
3 67 80 203
3 56 55 1156
3 1133 56 1156
3 55 53 1155
3 1156 55 1155
3 51 52 1151
3 1152 51 1151
3 1151 207 161
3 1152 1151 161
3 52 169 1150
3 1151 52 1150
3 1150 170 207
3 1151 1150 207
3 48 47 1144
3 1145 48 1144
3 47 40 1143
3 1144 47 1143
3 42 45 1140
3 1141 42 1140
3 45 44 1139
3 1140 45 1139
3 140 143 298
3 294 140 298
3 143 140 141
3 137 143 141
3 156 9 10
3 302 156 10
3 144 135 160
3 133 144 160
3 133 160 49
3 134 133 49
3 63 62 291
3 205 63 291
3 84 85 296
3 291 84 296
3 70 89 98
3 91 70 98
3 142 140 294
3 203 142 294
3 83 70 91
3 90 83 91
3 238 95 93
3 237 238 93
3 95 255 256
3 93 95 256
3 305 306 1218
3 248 305 1218
3 189 244 406
3 405 189 406
3 404 249 189
3 405 404 189
3 394 393 250
3 187 394 250
3 187 250 251
3 103 187 251
3 103 251 252
3 106 103 252
3 22 21 92
3 237 22 92
3 1 90 92
3 21 1 92
3 237 92 94
3 238 237 94
3 90 91 94
3 92 90 94
3 238 94 96
3 239 238 96
3 91 98 96
3 94 91 96
3 239 96 108
3 240 239 108
3 98 89 85
3 99 98 85
3 108 96 98
3 99 108 98
3 240 108 107
3 241 240 107
3 108 99 100
3 107 108 100
3 241 107 104
3 242 241 104
3 107 100 102
3 104 107 102
3 104 102 185
3 186 104 185
3 242 104 186
3 243 242 186
3 243 186 396
3 395 243 396
3 186 185 397
3 396 186 397
3 244 190 407
3 406 244 407
3 306 245 1219
3 1218 306 1219
3 122 120 1212
3 123 122 1212
3 121 1218 1219
3 246 121 1219
3 246 122 278
3 277 246 278
3 122 123 279
3 278 122 279
3 277 278 287
3 288 277 287
3 278 279 286
3 287 278 286
3 286 285 269
3 270 286 269
3 288 287 271
3 272 288 271
3 287 286 270
3 271 287 270
3 272 271 262
3 263 272 262
3 270 261 262
3 271 270 262
3 263 262 28
3 27 263 28
3 262 261 29
3 28 262 29
3 89 70 88
3 86 89 88
3 70 83 293
3 88 70 293
3 83 0 2
3 293 83 2
3 89 86 296
3 85 89 296
3 205 291 296
3 309 205 296
3 65 205 309
3 310 65 309
3 65 310 311
3 147 65 311
3 147 311 320
3 150 147 320
3 310 309 438
3 437 310 438
3 296 86 440
3 439 296 440
3 438 309 296
3 439 438 296
3 204 312 308
3 297 204 308
3 304 144 138
3 281 304 138
3 315 316 303
3 139 315 303
3 281 138 317
3 314 281 317
3 316 143 137
3 301 316 137
3 139 281 314
3 313 139 314
3 437 436 311
3 310 437 311
3 304 281 139
3 303 304 139
3 144 304 136
3 135 144 136
3 316 301 299
3 303 316 299
3 136 304 303
3 299 136 303
3 302 300 365
3 363 302 365
3 300 11 12
3 157 300 12
3 10 11 300
3 302 10 300
3 206 297 66
3 68 206 66
3 203 206 68
3 67 203 68
3 69 67 68
3 1205 69 68
3 297 308 87
3 66 297 87
3 86 88 307
3 440 86 307
3 436 435 320
3 311 436 320
3 138 145 318
3 317 138 318
3 145 146 319
3 318 145 319
3 1143 40 41
3 1142 1143 41
3 41 40 1197
3 1198 41 1197
3 321 320 435
3 434 321 435
3 322 321 434
3 433 322 434
3 1142 41 42
3 1141 1142 42
3 88 293 323
3 307 88 323
3 2 3 323
3 293 2 323
3 316 315 298
3 143 316 298
3 139 313 292
3 315 139 292
3 203 294 202
3 206 203 202
3 206 202 204
3 297 206 204
3 204 202 325
3 292 204 325
3 298 325 202
3 294 298 202
3 204 292 313
3 312 204 313
3 292 325 298
3 315 292 298
3 42 41 1198
3 1199 42 1198
3 1188 51 50
3 1187 1188 50
3 1186 1187 50
3 54 1186 50
3 198 164 326
3 197 198 326
3 50 51 1152
3 1153 50 1152
3 1152 161 163
3 1153 1152 163
3 161 207 328
3 327 161 328
3 231 209 159
3 232 231 159
3 210 327 328
3 209 210 328
3 229 162 334
3 333 229 334
3 230 333 334
3 210 230 334
3 162 197 335
3 334 162 335
3 334 335 327
3 210 334 327
3 327 335 163
3 161 327 163
3 1155 53 54
3 1154 1155 54
3 54 50 1153
3 1154 54 1153
3 197 326 163
3 335 197 163
3 54 53 1185
3 1186 54 1185
3 112 196 193
3 191 112 193
3 113 114 196
3 112 113 196
3 344 35 34
3 257 344 34
3 258 259 268
3 267 258 268
3 258 32 31
3 259 258 31
3 258 346 33
3 32 258 33
3 257 34 33
3 346 257 33
3 346 258 267
3 345 346 267
3 280 336 284
3 285 280 284
3 336 280 116
3 194 336 116
3 194 195 337
3 336 194 337
3 195 193 338
3 337 195 338
3 114 341 340
3 196 114 340
3 196 340 338
3 193 196 338
3 336 337 283
3 284 336 283
3 337 338 339
3 283 337 339
3 338 340 282
3 339 338 282
3 340 341 342
3 282 340 342
3 285 284 268
3 269 285 268
3 260 269 268
3 259 260 268
3 284 283 267
3 268 284 267
3 267 283 339
3 345 267 339
3 346 345 266
3 257 346 266
3 339 282 266
3 345 339 266
3 257 266 343
3 344 257 343
3 282 342 343
3 266 282 343
3 169 171 1149
3 1150 169 1149
3 1149 168 170
3 1150 1149 170
3 1191 171 169
3 1190 1191 169
3 1146 426 48
3 1145 1146 48
3 44 43 1138
3 1139 44 1138
3 1192 357 171
3 1191 1192 171
3 1138 43 356
3 1137 1138 356
3 1149 171 357
3 1148 1149 357
3 158 361 364
3 157 158 364
3 302 363 362
3 156 302 362
3 157 364 365
3 300 157 365
3 362 372 129
3 156 362 129
3 71 125 128
3 374 71 128
3 125 126 127
3 128 125 127
3 372 128 127
3 129 372 127
3 156 129 8
3 9 156 8
3 126 6 7
3 127 126 7
3 129 127 7
3 8 129 7
3 1137 377 378
3 1138 1137 378
3 1139 1138 378
3 379 1139 378
3 1140 1139 379
3 380 1140 379
3 1141 1140 380
3 381 1141 380
3 1141 381 382
3 1142 1141 382
3 1143 1142 382
3 383 1143 382
3 1144 1143 383
3 384 1144 383
3 1145 1144 384
3 385 1145 384
3 1145 385 386
3 1146 1145 386
3 378 155 153
3 379 378 153
3 379 153 154
3 380 379 154
3 380 154 322
3 381 380 322
3 322 433 382
3 381 322 382
3 319 146 384
3 383 319 384
3 233 232 159
3 349 233 159
3 158 13 14
3 387 158 14
3 36 427 387
3 14 36 387
3 158 387 367
3 361 158 367
3 207 170 329
3 328 207 329
3 359 360 347
3 168 359 347
3 367 387 427
3 366 367 427
3 209 328 329
3 159 209 329
3 168 347 420
3 348 168 420
3 422 421 18
3 19 422 18
3 347 360 15
3 16 347 15
3 329 348 349
3 159 329 349
3 347 16 17
3 420 347 17
3 421 420 17
3 18 421 17
3 43 44 1201
3 1202 43 1201
3 1136 388 377
3 1137 1136 377
3 388 353 389
3 377 388 389
3 389 155 378
3 377 389 378
3 189 249 393
3 394 189 393
3 394 395 244
3 189 394 244
3 395 396 190
3 244 395 190
3 396 397 188
3 190 396 188
3 398 172 188
3 397 398 188
3 173 172 398
3 399 173 398
3 174 173 399
3 400 174 399
3 175 174 400
3 401 175 400
3 176 175 401
3 402 176 401
3 404 405 306
3 305 404 306
3 405 406 245
3 306 405 245
3 406 407 117
3 245 406 117
3 1211 117 407
3 1210 1211 407
3 118 1211 1210
3 408 118 1210
3 408 409 110
3 118 408 110
3 409 410 111
3 110 409 111
3 410 411 109
3 111 410 109
3 411 412 58
3 109 411 58
3 412 413 59
3 58 412 59
3 132 166 419
3 418 132 419
3 417 56 1133
3 1134 417 1133
3 356 43 1202
3 1203 356 1202
3 1204 416 356
3 1203 1204 356
3 1137 356 416
3 1136 1137 416
3 56 417 1182
3 1183 56 1182
3 48 426 1194
3 1195 48 1194
3 170 168 348
3 329 170 348
3 233 349 421
3 422 233 421
3 349 348 420
3 421 349 420
3 366 427 360
3 359 366 360
3 36 15 360
3 427 36 360
3 433 319 383
3 382 433 383
3 433 434 318
3 319 433 318
3 434 435 317
3 318 434 317
3 314 317 435
3 436 314 435
3 313 314 436
3 437 313 436
3 437 438 312
3 313 437 312
3 438 439 308
3 312 438 308
3 439 440 87
3 308 439 87
3 440 307 441
3 87 440 441
3 66 87 441
3 442 66 441
3 68 66 442
3 1205 68 442
3 386 385 134
3 49 386 134
3 146 134 385
3 384 146 385
3 320 321 151
3 150 320 151
3 154 151 321
3 322 154 321
3 147 150 149
3 148 147 149
3 148 149 179
3 180 148 179
3 179 403 402
3 180 179 402
3 412 176 177
3 413 412 177
3 402 403 177
3 176 402 177
3 154 153 152
3 151 154 152
3 150 151 447
3 149 150 447
3 153 155 354
3 152 153 354
3 179 448 449
3 403 179 449
3 149 447 448
3 179 149 448
3 447 451 452
3 448 447 452
3 152 451 447
3 151 152 447
3 354 455 451
3 152 354 451
3 418 419 355
3 415 418 355
3 388 415 355
3 353 388 355
3 46 417 1134
3 1135 46 1134
3 1136 416 46
3 1135 1136 46
3 46 416 1204
3 1181 46 1204
3 417 46 1181
3 1182 417 1181
3 358 1193 1194
3 426 358 1194
3 1192 1193 358
3 357 1192 358
3 1148 357 358
3 1147 1148 358
3 358 426 1146
3 1147 358 1146
3 1148 1147 432
3 359 1148 432
3 432 370 366
3 359 432 366
3 1146 386 432
3 1147 1146 432
3 371 370 49
3 160 371 49
3 386 49 370
3 432 386 370
3 160 135 368
3 371 160 368
3 370 371 367
3 366 370 367
3 369 368 135
3 136 369 135
3 367 371 368
3 361 367 368
3 368 369 364
3 361 368 364
3 446 369 136
3 299 446 136
3 299 301 445
3 446 299 445
3 364 369 446
3 365 364 446
3 301 137 444
3 445 301 444
3 365 446 445
3 363 365 445
3 137 141 373
3 444 137 373
3 445 444 362
3 363 445 362
3 142 82 141
3 140 142 141
3 373 141 82
3 374 373 82
3 444 373 372
3 362 444 372
3 128 372 373
3 374 128 373
3 201 200 234
3 166 201 234
3 355 375 178
3 353 355 178
3 178 390 389
3 353 178 389
3 389 390 354
3 155 389 354
3 458 459 178
3 375 458 178
3 390 456 455
3 354 390 455
3 459 463 390
3 178 459 390
3 463 469 456
3 390 463 456
3 234 235 419
3 166 234 419
3 474 475 235
3 234 474 235
3 419 235 375
3 355 419 375
3 375 235 475
3 458 375 475
3 200 227 474
3 234 200 474
3 469 470 457
3 456 469 457
3 403 449 450
3 177 403 450
3 177 450 414
3 413 177 414
3 414 450 479
3 478 414 479
3 452 453 449
3 448 452 449
3 449 453 479
3 450 449 479
3 456 457 454
3 455 456 454
3 455 454 452
3 451 455 452
3 479 481 480
3 478 479 480
3 457 476 483
3 454 457 483
3 470 460 476
3 457 470 476
3 480 481 484
3 482 480 484
3 479 453 483
3 481 479 483
3 481 483 476
3 484 481 476
3 452 454 483
3 453 452 483
3 482 484 476
3 460 482 476
3 67 69 79
3 80 67 79
3 80 81 82
3 142 80 82
3 374 82 81
3 71 374 81
3 71 81 443
3 72 71 443
3 80 79 443
3 81 80 443
3 3 4 324
3 323 3 324
3 37 428 124
3 5 37 124
3 124 485 38
3 5 124 38
3 38 485 324
3 4 38 324
3 428 429 75
3 124 428 75
3 323 324 76
3 307 323 76
3 324 485 486
3 76 324 486
3 124 75 486
3 485 124 486
3 429 430 73
3 75 429 73
3 307 76 77
3 441 307 77
3 76 486 487
3 77 76 487
3 75 73 487
3 486 75 487
3 430 431 74
3 73 430 74
3 441 77 78
3 442 441 78
3 77 487 488
3 78 77 488
3 73 74 488
3 487 73 488
3 474 236 473
3 475 474 473
3 236 214 466
3 473 236 466
3 39 467 945
3 946 39 945
3 167 948 949
3 213 167 949
3 222 223 217
3 216 222 217
3 228 229 223
3 222 228 223
3 330 950 951
3 212 330 951
3 230 224 332
3 333 230 332
3 213 949 950
3 330 213 950
3 223 332 331
3 217 223 331
3 218 331 332
3 224 218 332
3 229 333 332
3 223 229 332
3 232 233 350
3 226 232 350
3 226 350 351
3 220 226 351
3 953 954 352
3 131 953 352
3 413 414 60
3 59 413 60
3 422 423 350
3 233 422 350
3 352 954 955
3 425 352 955
3 19 1041 423
3 422 19 423
3 423 1041 1022
3 424 423 1022
3 350 423 424
3 351 350 424
3 20 425 955
3 956 20 955
3 391 461 482
3 460 391 482
3 928 905 462
3 927 928 462
3 928 927 935
3 936 928 935
3 480 482 461
3 61 480 461
3 926 927 462
3 392 926 462
3 968 945 467
3 57 968 467
3 945 968 1023
3 466 945 1023
3 473 472 458
3 475 473 458
3 472 471 459
3 458 472 459
3 931 295 208
3 930 931 208
3 463 464 465
3 469 463 465
3 931 930 938
3 939 931 938
3 471 464 463
3 459 471 463
3 922 918 917
3 998 922 917
3 998 917 916
3 997 998 916
3 915 996 997
3 916 915 997
3 39 946 947
3 130 39 947
3 227 221 236
3 474 227 236
3 167 130 947
3 948 167 947
3 216 215 221
3 222 216 221
3 221 215 214
3 236 221 214
3 228 222 221
3 227 228 221
3 211 952 953
3 131 211 953
3 232 226 225
3 231 232 225
3 951 952 211
3 212 951 211
3 224 225 219
3 218 224 219
3 220 219 225
3 226 220 225
3 230 231 225
3 224 230 225
3 923 919 918
3 922 923 918
3 922 988 989
3 923 922 989
3 924 920 919
3 923 924 919
3 929 930 208
3 904 929 208
3 465 468 470
3 469 465 470
3 928 929 904
3 905 928 904
3 928 936 937
3 929 928 937
3 930 929 937
3 938 930 937
3 460 470 468
3 391 460 468
3 914 995 996
3 915 914 996
3 925 926 392
3 921 925 392
3 480 61 477
3 478 480 477
3 924 925 921
3 920 924 921
3 924 932 933
3 925 924 933
3 926 925 933
3 934 926 933
3 414 478 477
3 60 414 477
3 967 376 295
3 931 967 295
3 968 57 376
3 967 968 376
3 1094 1093 1189
3 1188 1094 1189
3 1086 1196 1195
3 1087 1086 1195
3 1086 1085 1197
3 1196 1086 1197
3 1085 1108 1198
3 1197 1085 1198
3 1107 1199 1198
3 1108 1107 1198
3 1106 1200 1199
3 1107 1106 1199
3 1106 1105 1201
3 1200 1106 1201
3 1105 1104 1202
3 1201 1105 1202
3 1104 1103 1203
3 1202 1104 1203
3 1103 1102 1204
3 1203 1103 1204
3 1102 1101 1181
3 1204 1102 1181
3 1100 1182 1181
3 1101 1100 1181
3 1099 1183 1182
3 1100 1099 1182
3 1096 1186 1185
3 1097 1096 1185
3 490 1164 1165
3 497 490 1165
3 498 497 1165
3 1166 498 1165
3 494 1160 1161
3 495 494 1161
3 492 495 1161
3 1162 492 1161
3 503 1176 1177
3 505 503 1177
3 1179 847 506
3 1178 1179 506
3 506 505 1177
3 1178 506 1177
3 502 1172 1173
3 501 502 1173
3 1171 1172 502
3 618 1171 502
3 1125 502 501
3 1126 1125 501
3 1130 505 506
3 1131 1130 506
3 539 532 0
3 1 539 0
3 549 533 534
3 548 549 534
3 551 550 533
3 549 551 533
3 640 561 507
3 558 640 507
3 29 30 695
3 696 29 695
3 594 595 583
3 582 594 583
3 587 594 582
3 593 587 582
3 514 513 597
3 596 514 597
3 606 607 13
3 12 606 13
3 1124 618 502
3 1125 1124 502
3 839 622 621
3 838 839 621
3 840 623 622
3 839 840 622
3 841 624 623
3 840 841 623
3 625 624 841
3 842 625 841
3 630 629 597
3 513 630 597
3 630 831 832
3 629 630 832
3 631 630 513
3 512 631 513
3 631 830 831
3 630 631 831
3 632 829 830
3 631 632 830
3 511 632 631
3 512 511 631
3 633 828 829
3 632 633 829
3 634 827 828
3 633 634 828
3 694 695 30
3 31 694 30
3 1209 1207 567
3 838 1209 567
3 564 559 567
3 568 564 567
3 640 558 560
3 641 640 560
3 641 560 559
3 564 641 559
3 643 564 568
3 565 643 568
3 644 641 564
3 643 644 564
3 642 640 641
3 644 642 641
3 696 695 704
3 705 696 704
3 714 715 565
3 572 714 565
3 647 613 614
3 650 647 614
3 646 647 648
3 611 646 648
3 649 648 647
3 650 649 647
3 650 614 581
3 615 650 581
3 856 575 6
3 37 856 6
3 857 574 575
3 856 857 575
3 858 520 574
3 857 858 574
3 859 521 520
3 858 859 520
3 620 1170 1171
3 618 620 1171
3 634 633 550
3 551 634 550
3 726 533 550
3 511 726 550
3 511 550 633
3 632 511 633
3 654 512 513
3 514 654 513
3 662 663 648
3 649 662 648
3 664 611 648
3 663 664 648
3 657 658 665
3 666 657 665
3 671 22 23
3 542 671 23
3 672 544 546
3 673 672 546
3 674 673 546
3 554 674 546
3 675 674 554
3 555 675 554
3 676 675 555
3 552 676 555
3 677 676 552
3 636 677 552
3 825 677 636
3 824 825 636
3 1217 570 681
3 680 1217 681
3 712 681 570
3 711 712 570
3 707 723 724
3 708 707 724
3 698 707 708
3 699 698 708
3 698 699 26
3 27 698 26
3 699 700 25
3 26 699 25
3 699 708 709
3 700 699 709
3 708 724 725
3 709 708 725
3 570 682 710
3 711 570 710
3 688 687 555
3 554 688 555
3 689 688 554
3 546 689 554
3 544 690 689
3 546 544 689
3 542 23 24
3 691 542 24
3 724 711 710
3 725 724 710
3 723 712 711
3 724 723 711
3 721 720 715
3 714 721 715
3 507 561 562
3 508 507 562
3 652 591 529
3 516 652 529
3 1131 581 614
3 1130 1131 614
3 1129 1130 614
3 613 1129 614
3 1129 503 505
3 1130 1129 505
3 656 1125 1126
3 610 656 1126
3 619 1124 1125
3 656 619 1125
3 1118 497 498
3 1119 1118 498
3 815 1118 1119
3 816 815 1119
3 1117 490 497
3 1118 1117 497
3 814 1117 1118
3 815 814 1118
3 1114 495 492
3 1115 1114 492
3 811 1114 1115
3 812 811 1115
3 1113 494 495
3 1114 1113 495
3 810 1113 1114
3 811 810 1114
3 1112 493 494
3 1113 1112 494
3 733 592 589
3 729 733 589
3 590 589 592
3 586 590 592
3 10 9 605
3 737 10 605
3 609 584 593
3 582 609 593
3 499 609 582
3 583 499 582
3 726 511 512
3 654 726 512
3 731 534 533
3 726 731 533
3 547 538 519
3 540 547 519
3 729 589 591
3 652 729 591
3 540 519 532
3 539 540 532
3 542 544 672
3 671 542 672
3 691 690 544
3 542 691 544
3 1217 741 740
3 683 1217 740
3 679 741 1217
3 680 679 1217
3 836 678 638
3 835 836 638
3 638 684 834
3 835 638 834
3 685 823 824
3 636 685 824
3 686 685 636
3 552 686 636
3 687 686 552
3 555 687 552
3 541 21 22
3 671 541 22
3 541 539 1
3 21 541 1
3 543 541 671
3 672 543 671
3 543 540 539
3 541 543 539
3 545 543 672
3 673 545 672
3 545 547 540
3 543 545 540
3 557 545 673
3 674 557 673
3 534 538 547
3 548 534 547
3 547 545 557
3 548 547 557
3 556 557 674
3 675 556 674
3 549 548 557
3 556 549 557
3 553 556 675
3 676 553 675
3 551 549 556
3 553 551 556
3 634 551 553
3 635 634 553
3 635 553 676
3 677 635 676
3 826 635 677
3 825 826 677
3 827 634 635
3 826 827 635
3 837 639 678
3 836 837 678
3 1209 838 621
3 637 1209 621
3 1209 637 639
3 837 1209 639
3 569 566 679
3 680 569 679
3 837 566 1207
3 1209 837 1207
3 571 569 680
3 681 571 680
3 713 571 681
3 712 713 681
3 714 572 571
3 713 714 571
3 722 713 712
3 723 722 712
3 721 714 713
3 722 721 713
3 704 720 721
3 705 704 721
3 706 722 723
3 707 706 723
3 705 721 722
3 706 705 722
3 697 706 707
3 698 697 707
3 697 696 705
3 706 697 705
3 28 697 698
3 27 28 698
3 29 696 697
3 28 29 697
3 537 519 538
3 535 537 538
3 728 532 519
3 537 728 519
3 2 0 532
3 728 2 532
3 731 535 538
3 534 731 538
3 731 726 654
3 744 731 654
3 744 654 514
3 745 744 514
3 746 745 514
3 596 746 514
3 755 746 596
3 599 755 596
3 866 744 745
3 865 866 745
3 868 535 731
3 867 868 731
3 731 744 866
3 867 731 866
3 743 747 653
3 732 743 653
3 587 593 739
3 716 587 739
3 738 751 750
3 588 738 750
3 752 587 716
3 749 752 716
3 586 592 751
3 736 586 751
3 749 716 588
3 748 749 588
3 746 864 865
3 745 746 865
3 588 716 739
3 738 588 739
3 585 739 593
3 584 585 593
3 734 736 751
3 738 734 751
3 738 739 585
3 734 738 585
3 796 735 737
3 794 796 737
3 12 11 735
3 606 12 735
3 735 11 10
3 737 735 10
3 515 732 655
3 517 515 655
3 517 655 652
3 516 517 652
3 536 743 732
3 515 536 732
3 742 537 535
3 868 742 535
3 755 863 864
3 746 755 864
3 753 594 587
3 752 753 587
3 754 595 594
3 753 754 594
3 813 1116 1117
3 814 813 1117
3 1163 1164 490
3 491 1163 490
3 863 755 756
3 862 863 756
3 862 756 757
3 861 862 757
3 813 812 1115
3 1116 813 1115
3 1162 1163 491
3 492 1162 491
3 758 728 537
3 742 758 537
3 758 3 2
3 728 758 2
3 733 750 751
3 592 733 751
3 727 748 588
3 750 727 588
3 651 729 652
3 655 651 652
3 653 651 655
3 732 653 655
3 760 651 653
3 727 760 653
3 651 760 733
3 729 651 733
3 748 727 653
3 747 748 653
3 733 760 727
3 750 733 727
3 500 1174 1175
3 504 500 1175
3 500 501 1173
3 1174 500 1173
3 1128 1129 613
3 761 1128 613
3 761 613 647
3 646 761 647
3 1127 500 504
3 1128 1127 504
3 1127 1126 501
3 500 1127 501
3 612 610 1126
3 1127 612 1126
3 763 656 610
3 762 763 610
3 608 657 666
3 667 608 666
3 763 762 658
3 657 763 658
3 767 611 664
3 766 767 664
3 767 766 665
3 658 767 665
3 768 646 611
3 767 768 611
3 762 768 767
3 658 762 767
3 612 768 762
3 610 612 762
3 1128 761 612
3 1127 1128 612
3 612 761 646
3 768 612 646
3 1175 1176 503
3 504 1175 503
3 642 645 561
3 640 642 561
3 645 563 562
3 561 645 562
3 34 35 777
3 692 34 777
3 703 694 693
3 702 703 693
3 31 32 693
3 694 31 693
3 33 779 693
3 32 33 693
3 33 34 692
3 779 33 692
3 702 693 779
3 778 702 779
3 719 769 715
3 720 719 715
3 565 715 769
3 643 565 769
3 770 644 643
3 769 770 643
3 771 642 644
3 770 771 644
3 773 774 563
3 645 773 563
3 771 773 645
3 642 771 645
3 718 770 769
3 719 718 769
3 772 771 770
3 718 772 770
3 717 773 771
3 772 717 771
3 775 774 773
3 717 775 773
3 703 719 720
3 704 703 720
3 703 704 695
3 694 703 695
3 702 718 719
3 703 702 719
3 772 718 702
3 778 772 702
3 701 778 779
3 692 701 779
3 701 717 772
3 778 701 772
3 776 701 692
3 777 776 692
3 776 775 717
3 701 776 717
3 1123 620 618
3 1124 1123 618
3 617 1123 1124
3 619 617 1124
3 1167 854 498
3 1166 1167 498
3 817 816 1119
3 1120 817 1119
3 809 1112 1113
3 810 809 1113
3 1159 1160 494
3 493 1159 494
3 788 1169 1170
3 620 788 1170
3 1122 1123 617
3 790 1122 617
3 808 1111 1112
3 809 808 1112
3 1132 1131 506
3 847 1132 506
3 1159 493 787
3 1158 1159 787
3 795 792 607
3 606 795 607
3 793 794 737
3 605 793 737
3 796 795 606
3 735 796 606
3 578 803 793
3 605 578 793
3 577 574 520
3 805 577 520
3 576 575 574
3 577 576 574
3 576 577 803
3 578 576 803
3 8 578 605
3 9 8 605
3 7 6 575
3 576 7 575
3 7 576 578
3 8 7 578
3 602 604 809
3 810 602 809
3 603 602 810
3 811 603 810
3 757 603 811
3 812 757 811
3 813 861 757
3 812 813 757
3 815 595 754
3 814 815 754
3 608 667 668
3 782 608 668
3 14 13 607
3 818 14 607
3 818 855 36
3 14 818 36
3 798 818 607
3 792 798 607
3 764 619 656
3 763 764 656
3 780 791 790
3 617 780 790
3 855 818 798
3 797 855 798
3 764 763 657
3 608 764 657
3 850 780 617
3 781 850 617
3 18 851 852
3 19 18 852
3 15 791 780
3 16 15 780
3 782 781 764
3 608 782 764
3 17 16 780
3 850 17 780
3 17 850 851
3 18 17 851
3 819 1110 1111
3 808 819 1111
3 820 784 819
3 808 820 819
3 809 604 820
3 808 809 820
3 823 684 638
3 824 823 638
3 678 825 824
3 638 678 824
3 639 826 825
3 678 639 825
3 637 827 826
3 639 637 826
3 637 621 828
3 827 637 828
3 828 621 622
3 829 828 622
3 829 622 623
3 830 829 623
3 830 623 624
3 831 830 624
3 831 624 625
3 832 831 625
3 741 835 834
3 740 741 834
3 679 836 835
3 741 679 835
3 566 837 836
3 679 566 836
3 559 839 838
3 567 559 838
3 560 840 839
3 559 560 839
3 558 841 840
3 560 558 840
3 507 842 841
3 558 507 841
3 508 843 842
3 507 508 842
3 849 615 581
3 848 849 581
3 1132 848 581
3 1131 1132 581
3 846 1157 1158
3 787 846 1158
3 781 617 619
3 764 781 619
3 851 782 668
3 852 851 668
3 850 781 782
3 851 850 782
3 791 855 797
3 790 791 797
3 791 15 36
3 855 791 36
3 814 754 861
3 813 814 861
3 753 862 861
3 754 753 861
3 752 863 862
3 753 752 862
3 863 752 749
3 864 863 749
3 864 749 748
3 865 864 748
3 747 866 865
3 748 747 865
3 743 867 866
3 747 743 866
3 536 868 867
3 743 536 867
3 869 742 868
3 536 869 868
3 869 536 515
3 870 869 515
3 583 816 817
3 499 583 817
3 816 583 595
3 815 816 595
3 600 756 755
3 599 600 755
3 756 600 603
3 757 756 603
3 598 599 596
3 597 598 596
3 628 598 597
3 629 628 597
3 832 833 628
3 629 832 628
3 626 625 842
3 843 626 842
3 626 833 832
3 625 626 832
3 601 602 603
3 600 601 603
3 875 600 599
3 598 875 599
3 785 604 602
3 601 785 602
3 877 876 628
3 833 877 628
3 876 875 598
3 628 876 598
3 880 879 875
3 876 880 875
3 875 879 601
3 600 875 601
3 879 883 785
3 601 879 785
3 786 849 848
3 845 786 848
3 1109 845 848
3 1132 1109 848
3 786 845 819
3 784 786 819
3 1109 1110 819
3 845 1109 819
3 1109 1132 847
3 496 1109 847
3 1180 1157 846
3 496 1180 846
3 1180 496 847
3 1179 1180 847
3 789 1168 1169
3 788 789 1169
3 1167 1168 789
3 854 1167 789
3 1121 1120 854
3 789 1121 854
3 860 1121 1122
3 790 860 1122
3 860 817 1120
3 1121 860 1120
3 797 801 860
3 790 797 860
3 499 801 802
3 609 499 802
3 801 499 817
3 860 801 817
3 799 584 609
3 802 799 609
3 798 802 801
3 797 798 801
3 584 799 800
3 585 584 800
3 799 802 798
3 792 799 798
3 795 800 799
3 792 795 799
3 585 800 874
3 734 585 874
3 873 736 734
3 874 873 734
3 874 800 795
3 796 874 795
3 872 586 736
3 873 872 736
3 873 874 796
3 794 873 796
3 804 590 586
3 872 804 586
3 793 872 873
3 794 793 873
3 590 531 591
3 589 590 591
3 531 590 804
3 805 531 804
3 803 804 872
3 793 803 872
3 804 803 577
3 805 804 577
3 669 649 650
3 615 669 650
3 627 806 786
3 784 627 786
3 820 821 627
3 784 820 627
3 785 821 820
3 604 785 820
3 627 1045 1046
3 806 627 1046
3 883 884 821
3 785 883 821
3 821 1044 1045
3 627 821 1045
3 884 1043 1044
3 821 884 1044
3 849 670 669
3 615 849 669
3 670 890 889
3 669 670 889
3 806 670 849
3 786 806 849
3 670 806 1046
3 890 670 1046
3 889 662 649
3 669 889 649
3 885 1042 1043
3 884 885 1043
3 878 877 833
3 626 878 833
3 844 878 626
3 843 844 626
3 894 878 844
3 893 894 844
3 877 881 880
3 876 877 880
3 894 881 877
3 878 894 877
3 882 885 884
3 883 882 884
3 880 882 883
3 879 880 883
3 895 896 894
3 893 895 894
3 898 891 885
3 882 898 885
3 891 886 1042
3 885 891 1042
3 899 896 895
3 897 899 895
3 898 881 894
3 896 898 894
3 891 898 896
3 899 891 896
3 898 882 880
3 881 898 880
3 891 899 897
3 886 891 897
3 528 518 516
3 529 528 516
3 531 530 529
3 591 531 529
3 530 531 805
3 520 530 805
3 871 530 520
3 521 871 520
3 871 528 529
3 530 871 529
3 759 4 3
3 758 759 3
3 573 856 37
3 5 573 37
3 38 900 573
3 5 38 573
3 759 900 38
3 4 759 38
3 524 857 856
3 573 524 856
3 525 759 758
3 742 525 758
3 901 900 759
3 525 901 759
3 901 524 573
3 900 901 573
3 522 858 857
3 524 522 857
3 526 525 742
3 869 526 742
3 902 901 525
3 526 902 525
3 902 522 524
3 901 902 524
3 523 859 858
3 522 523 858
3 527 526 869
3 870 527 869
3 903 902 526
3 527 903 526
3 903 523 522
3 902 903 522
3 890 1030 1031
3 889 890 1031
3 943 888 489
3 942 943 489
3 963 964 616
3 661 963 616
3 1033 1014 1015
3 1034 1033 1015
3 1034 664 663
3 1033 1034 663
3 961 962 765
3 660 961 765
3 766 1035 1036
3 665 766 1036
3 962 963 661
3 765 962 661
3 1035 1034 1015
3 1016 1035 1015
3 1035 766 664
3 1034 1035 664
3 1039 668 667
3 1038 1039 667
3 783 958 959
3 580 783 959
3 509 844 843
3 508 509 843
3 668 1039 1040
3 852 668 1040
3 957 958 783
3 853 957 783
3 852 1040 1041
3 19 852 1041
3 957 853 20
3 956 957 20
3 897 887 1024
3 886 897 1024
3 887 1057 1058
3 1024 887 1058
3 887 897 895
3 510 887 895
3 1029 1010 1011
3 1030 1029 1011
3 1028 1009 1010
3 1029 1028 1010
3 1028 1027 1008
3 1009 1028 1008
3 971 1051 1052
3 970 971 1052
3 973 982 1050
3 972 973 1050
3 941 942 489
3 579 941 489
3 889 1031 1032
3 662 889 1032
3 941 579 616
3 964 941 616
3 1033 1032 1013
3 1014 1033 1013
3 662 1032 1033
3 663 662 1033
3 959 960 659
3 580 959 659
3 666 1037 1038
3 667 666 1038
3 659 960 961
3 660 659 961
3 1037 1036 1017
3 1018 1037 1017
3 1037 666 665
3 1036 1037 665
3 969 970 1052
3 1053 969 1052
3 1025 1024 1058
3 1059 1025 1058
3 983 982 973
3 974 983 973
3 994 993 982
3 983 994 982
3 510 892 1055
3 1056 510 1055
3 892 510 895
3 893 892 895
3 1055 892 509
3 1054 1055 509
3 892 893 844
3 509 892 844
3 822 1005 1006
3 906 822 1006
3 1007 907 906
3 1006 1007 906
3 990 908 907
3 1007 990 907
3 991 909 908
3 990 991 908
3 992 910 909
3 991 992 909
3 992 944 911
3 910 992 911
3 911 944 993
3 912 911 993
3 912 993 994
3 913 912 994
3 1000 730 807
3 999 1000 807
3 989 932 924
3 923 989 924
3 935 927 926
3 934 935 926
3 972 1050 1051
3 971 972 1051
3 510 1056 1057
3 887 510 1057
3 60 477 933
3 932 60 933
3 61 934 933
3 477 61 933
3 934 61 461
3 935 934 461
3 935 461 391
3 936 935 391
3 391 468 937
3 936 391 937
3 465 938 937
3 468 465 937
3 464 939 938
3 465 464 938
3 471 940 939
3 464 471 939
3 1013 1012 942
3 941 1013 942
3 214 946 945
3 466 214 945
3 946 214 215
3 947 946 215
3 216 948 947
3 215 216 947
3 948 216 217
3 949 948 217
3 949 217 331
3 950 949 331
3 950 331 218
3 951 950 218
3 218 219 952
3 951 218 952
3 952 219 220
3 953 952 220
3 220 351 954
3 953 220 954
3 954 351 424
3 955 954 424
3 424 1022 956
3 955 424 956
3 1021 1020 958
3 957 1021 958
3 1018 960 959
3 1019 1018 959
3 1018 1017 961
3 960 1018 961
3 1016 962 961
3 1017 1016 961
3 1016 1015 963
3 962 1016 963
3 1014 964 963
3 1015 1014 963
3 1013 941 964
3 1014 1013 964
3 1010 965 943
3 1011 1010 943
3 965 966 888
3 943 965 888
3 999 807 966
3 965 999 966
3 939 940 967
3 931 939 967
3 1023 968 967
3 940 1023 967
3 969 509 508
3 562 969 508
3 563 970 969
3 562 563 969
3 774 971 970
3 563 774 970
3 775 972 971
3 774 775 971
3 776 973 972
3 775 776 972
3 777 974 973
3 776 777 973
3 35 975 974
3 777 35 974
3 344 976 975
3 35 344 975
3 343 977 976
3 344 343 976
3 342 978 977
3 343 342 977
3 341 979 978
3 342 341 978
3 114 980 979
3 341 114 979
3 113 981 980
3 114 113 980
3 59 60 981
3 113 59 981
3 977 985 984
3 976 977 984
3 978 986 985
3 977 978 985
3 979 987 986
3 978 979 986
3 979 980 988
3 987 979 988
3 980 981 989
3 988 980 989
3 60 932 989
3 981 60 989
3 985 996 995
3 984 985 995
3 986 997 996
3 985 986 996
3 987 998 997
3 986 987 997
3 988 922 998
3 987 988 998
3 1009 999 965
3 1010 1009 965
3 1008 1000 999
3 1009 1008 999
3 509 969 1053
3 1054 509 1053
3 942 1012 1011
3 943 942 1011
3 958 1020 1019
3 959 958 1019
3 956 1022 1021
3 957 956 1021
3 472 1023 940
3 471 472 940
3 472 473 466
3 1023 472 466
3 1059 1060 1026
3 1025 1059 1026
3 1060 1008 1027
3 1026 1060 1027
3 1012 1031 1030
3 1011 1012 1030
3 1013 1032 1031
3 1012 1013 1031
3 1017 1036 1035
3 1016 1017 1035
3 1018 1019 1038
3 1037 1018 1038
3 1020 1039 1038
3 1019 1020 1038
3 1021 1040 1039
3 1020 1021 1039
3 1022 1041 1040
3 1021 1022 1040
3 1024 1025 1042
3 886 1024 1042
3 1025 1026 1043
3 1042 1025 1043
3 1026 1027 1044
3 1043 1026 1044
3 1027 1028 1045
3 1044 1027 1045
3 1029 1046 1045
3 1028 1029 1045
3 1030 890 1046
3 1029 1030 1046
3 1048 1047 913
3 994 1048 913
3 995 914 1047
3 1048 995 1047
3 1049 1048 994
3 983 1049 994
3 984 995 1048
3 1049 984 1048
3 975 1049 983
3 974 975 983
3 976 984 1049
3 975 976 1049
3 993 944 1050
3 982 993 1050
3 944 992 1051
3 1050 944 1051
3 991 1052 1051
3 992 991 1051
3 990 1053 1052
3 991 990 1052
3 1053 990 1007
3 1054 1053 1007
3 1006 1055 1054
3 1007 1006 1054
3 1006 1005 1056
3 1055 1006 1056
3 1004 1057 1056
3 1005 1004 1056
3 1003 1058 1057
3 1004 1003 1057
3 1002 1059 1058
3 1003 1002 1058
3 1002 1001 1060
3 1059 1002 1060
3 1001 1000 1008
3 1060 1001 1008
3 1164 1163 1062
3 1061 1164 1062
3 1163 1162 1063
3 1062 1163 1063
3 1162 1161 1064
3 1063 1162 1064
3 1161 1160 1065
3 1064 1161 1065
3 1160 1159 1066
3 1065 1160 1066
3 1159 1158 1067
3 1066 1159 1067
3 1157 1068 1067
3 1158 1157 1067
3 1180 1069 1068
3 1157 1180 1068
3 1180 1179 1070
3 1069 1180 1070
3 1179 1178 1071
3 1070 1179 1071
3 1178 1177 1072
3 1071 1178 1072
3 1176 1073 1072
3 1177 1176 1072
3 1176 1175 1074
3 1073 1176 1074
3 1174 1075 1074
3 1175 1174 1074
3 1174 1173 1076
3 1075 1174 1076
3 1173 1172 1077
3 1076 1173 1077
3 1171 1078 1077
3 1172 1171 1077
3 1170 1079 1078
3 1171 1170 1078
3 1169 1080 1079
3 1170 1169 1079
3 1168 1081 1080
3 1169 1168 1080
3 1168 1167 1082
3 1081 1168 1082
3 1167 1166 1083
3 1082 1167 1083
3 1166 1165 1084
3 1083 1166 1084
3 1165 1164 1061
3 1084 1165 1061
3 496 846 1110
3 1109 496 1110
3 846 787 1111
3 1110 846 1111
3 787 493 1112
3 1111 787 1112
3 492 491 1116
3 1115 492 1116
3 491 490 1117
3 1116 491 1117
3 854 1120 1119
3 498 854 1119
3 789 788 1122
3 1121 789 1122
3 788 620 1123
3 1122 788 1123
3 504 503 1129
3 1128 504 1129
3 132 418 1134
3 1133 132 1134
3 418 415 1135
3 1134 418 1135
3 415 388 1136
3 1135 415 1136
3 359 168 1149
3 1148 359 1149
3 163 326 1154
3 1153 163 1154
3 326 164 1155
3 1154 326 1155
3 164 165 1156
3 1155 164 1156
3 165 132 1133
3 1156 165 1133
3 1098 1184 1183
3 1099 1098 1183
3 1098 1097 1185
3 1184 1098 1185
3 1096 1095 1187
3 1186 1096 1187
3 1094 1188 1187
3 1095 1094 1187
3 1093 1092 1190
3 1189 1093 1190
3 1092 1091 1191
3 1190 1092 1191
3 1091 1090 1192
3 1191 1091 1192
3 1090 1089 1193
3 1192 1090 1193
3 1088 1194 1193
3 1089 1088 1193
3 1087 1195 1194
3 1088 1087 1194
3 870 515 517
3 1206 870 517
3 517 516 518
3 1206 517 518
3 79 488 74
3 443 79 74
3 859 523 871
3 521 859 871
3 72 443 74
3 431 72 74
3 442 78 69
3 1205 442 69
3 78 488 79
3 69 78 79
3 527 518 528
3 903 527 528
3 523 903 528
3 871 523 528
3 1206 518 527
3 870 1206 527
3 569 1208 1207
3 566 569 1207
3 1208 568 567
3 1207 1208 567
3 572 1208 569
3 571 572 569
3 572 565 568
3 1208 572 568
3 190 188 1210
3 407 190 1210
3 172 408 1210
3 188 172 1210
3 1211 1212 120
3 117 1211 120
3 118 119 1212
3 1211 118 1212
3 730 1000 1001
3 1213 730 1001
3 1213 1001 1002
3 1214 1213 1002
3 1003 1215 1214
3 1002 1003 1214
3 1215 1003 1004
3 1216 1215 1004
3 1216 1004 1005
3 822 1216 1005
3 682 570 1217
3 683 682 1217
3 245 117 120
3 1219 245 120
3 1219 120 122
3 246 1219 122
