ply
format ascii 1.0
comment flutter_face_scan region-coloured vertices
element vertex 1220
property float x
property float y
property float z
property uchar red
property uchar green
property uchar blue
element face 2304
property list uchar int vertex_indices
end_header
-0.00015283141692634672 -0.02836042456328869 0.05674212798476219 40 200 40
-0.0001722314627841115 -0.03152669221162796 0.05728344991803169 40 200 40
-0.00012893315579276532 -0.024656815454363823 0.056989606469869614 40 200 40
-0.0001101800735341385 -0.021670082584023476 0.05822541192173958 40 200 40
-0.00009545665670884773 -0.019252322614192963 0.05998001620173454 40 200 40
-0.00007834903954062611 -0.016862832009792328 0.06501578539609909 40 200 40
-0.000060341113567119464 -0.013635470531880856 0.07137009501457214 40 200 40
-0.000046023800678085536 -0.009652537293732166 0.07397283613681793 40 200 40
-0.000029325810828595422 -0.003958499059081078 0.07428660988807678 40 200 40
-0.000016238886018982157 0.0013149521546438336 0.07206083089113235 40 200 40
-0.000008495914698869456 0.005770346615463495 0.06948183476924896 40 200 40
-0.000006111124093877152 0.00985117070376873 0.06694213300943375 40 200 40
-0.000007967567398736719 0.01390480250120163 0.06429710984230042 40 200 40
-0.000010438855497341137 0.018183061853051186 0.061716899275779724 40 200 40
-0.000012358827916614246 0.022145096212625504 0.059190914034843445 40 200 40
-0.000013388460502028465 0.03025210089981556 0.05375739932060242 40 200 40
-0.000013190516256145202 0.034310877323150635 0.052673012018203735 40 200 40
-0.000010913062396866735 0.04163710027933121 0.05288663133978844 40 200 40
-0.000008853816325427033 0.050085000693798065 0.0527113638818264 40 200 40
-0.000006423699232982472 0.05896041914820671 0.050819031894207 40 200 40
-0.0000037071547467348864 0.08954686671495438 0.03773709759116173 40 200 40
-0.00018408862524665892 -0.034442488104104996 0.05778805911540985 40 200 40
-0.00018065796757582575 -0.03725559636950493 0.05663618445396423 40 200 40
-0.0001786964276107028 -0.03947886452078819 0.05399976298213005 40 200 40
-0.00017910370661411434 -0.040189340710639954 0.0504891611635685 40 200 40
-0.0001275240647373721 -0.04048030078411102 0.051803357899188995 40 200 40
-0.00012615969171747565 -0.043130576610565186 0.05331066995859146 40 200 40
-0.00011764768714783713 -0.04590451344847679 0.053747985512018204 40 200 40
-0.00010298640700057149 -0.049249790608882904 0.05337725579738617 40 200 40
-0.00008506904123350978 -0.05153404548764229 0.05162743479013443 40 200 40
-0.0000698409421602264 -0.05350792035460472 0.0501253679394722 40 200 40
-0.000051124588935635984 -0.05565712973475456 0.04837193712592125 40 200 40
-0.00003294110138085671 -0.058672331273555756 0.04709850624203682 40 200 40
-0.00001664081537455786 -0.06160318851470947 0.04651752859354019 40 200 40
0.0000010412577466922812 -0.06562358140945435 0.046322889626026154 40 200 40
0.000022014532078173943 -0.07148651778697968 0.0458487905561924 40 200 40
-0.000013680659321835265 0.026125406846404076 0.05647717043757439 40 200 40
-0.0000710508247721009 -0.01573834754526615 0.06806492060422897 40 200 40
-0.00008642928878543898 -0.01787811890244484 0.06235835701227188 40 200 40
-0.0741664469242096 0.03589044138789177 -0.016708388924598694 0 90 255
-0.025441434234380722 0.019377395510673523 0.039611462503671646 40 200 40
-0.028909390792250633 0.018788713961839676 0.03971371054649353 40 200 40
-0.032463982701301575 0.0187842957675457 0.039538100361824036 40 200 40
-0.0420687235891819 0.01946462132036686 0.03489149361848831 0 180 200
-0.039741043001413345 0.01913946121931076 0.036688368767499924 0 180 200
-0.03624279424548149 0.01894979737699032 0.03851447254419327 0 180 200
-0.046252939850091934 0.023201044648885727 0.031364038586616516 0 180 200
-0.022442949935793877 0.020178155973553658 0.039502691477537155 40 200 40
-0.01996435970067978 0.021310217678546906 0.03958069160580635 40 200 40
-0.014374762773513794 0.01471133902668953 0.0463932603597641 40 200 40
-0.03293583169579506 0.03006184846162796 0.042200956493616104 40 200 40
-0.029123641550540924 0.03012830950319767 0.04246228560805321 40 200 40
-0.025713415816426277 0.030048657208681107 0.04170837253332138 40 200 40
-0.04010671377182007 0.029050832614302635 0.03932265564799309 0 180 200
-0.0365271233022213 0.029659582301974297 0.041159454733133316 0 180 200
-0.04267929121851921 0.028073133900761604 0.037284884601831436 0 180 200
-0.04501282423734665 0.026570100337266922 0.034418534487485886 0 180 200
-0.07194512337446213 0.010620631277561188 -0.0254046767950058 0 90 255
-0.033776454627513885 -0.050574906170368195 0.03715027868747711 0 180 200
-0.03783800080418587 -0.05198119953274727 0.03435959294438362 0 180 200
-0.04320096597075462 -0.05377180501818657 0.02868184633553028 0 180 200
-0.05591488257050514 -0.0441361702978611 0.015696782618761063 0 90 255
-0.024529779329895973 -0.033292774111032486 0.04680125415325165 40 200 40
-0.02703576721251011 -0.03026399202644825 0.04554935544729233 40 200 40
-0.030232150107622147 -0.027196217328310013 0.04429406672716141 40 200 40
-0.0268523171544075 -0.02259157970547676 0.04513052850961685 40 200 40
-0.010576444678008556 -0.015095354989171028 0.05584992468357086 40 200 40
-0.012046018615365028 -0.012984810397028923 0.05784979462623596 40 200 40
-0.011049019172787666 -0.013957828283309937 0.056294720619916916 40 200 40
-0.011044380255043507 -0.011383295059204102 0.05649469420313835 40 200 40
-0.00798305869102478 -0.02814239077270031 0.05598986893892288 40 200 40
-0.007619141601026058 -0.01131284050643444 0.06602489203214645 40 200 40
-0.005702675320208073 -0.009799083694815636 0.0642455518245697 40 200 40
-0.004178598057478666 -0.013580835424363613 0.06279533356428146 40 200 40
-0.0042311567813158035 -0.012456055730581284 0.061508484184741974 40 200 40
-0.003774713957682252 -0.01489304844290018 0.06378713995218277 40 200 40
-0.004877970553934574 -0.017590343952178955 0.058721866458654404 40 200 40
-0.00638208445161581 -0.015569925308227539 0.058466918766498566 40 200 40
-0.006709858309477568 -0.013915701769292355 0.05760781466960907 40 200 40
-0.010490573942661285 -0.010767183266580105 0.05976211279630661 40 200 40
-0.011695047840476036 -0.011955496855080128 0.060797013342380524 40 200 40
-0.009702489711344242 -0.011399482376873493 0.06316753476858139 40 200 40
-0.012522676959633827 -0.009700482711195946 0.06360644102096558 40 200 40
-0.0039468626491725445 -0.028096532449126244 0.057018693536520004 40 200 40
-0.019925376400351524 -0.033477988094091415 0.04947590082883835 40 200 40
-0.016278214752674103 -0.03085899166762829 0.051906224340200424 40 200 40
-0.011466093361377716 -0.0247958954423666 0.053467441350221634 40 200 40
-0.010081987828016281 -0.016758747398853302 0.05459653586149216 40 200 40
-0.007330022752285004 -0.024243894964456558 0.05566157400608063 40 200 40
-0.01223385613411665 -0.02925749123096466 0.05413493141531944 40 200 40
-0.004113289527595043 -0.03073231130838394 0.057406455278396606 40 200 40
-0.00829803105443716 -0.031064128503203392 0.05634918436408043 40 200 40
-0.0041551748290658 -0.033432766795158386 0.05752919614315033 40 200 40
-0.004334865603595972 -0.03914238512516022 0.05335274338722229 40 200 40
-0.008448120206594467 -0.03385677561163902 0.055898770689964294 40 200 40
-0.007428422570228577 -0.03899218887090683 0.052267566323280334 40 200 40
-0.012284944765269756 -0.03495725616812706 0.05368073657155037 40 200 40
-0.010648584924638271 -0.039142780005931854 0.05024983733892441 40 200 40
-0.012281653471291065 -0.0323307067155838 0.05432770773768425 40 200 40
-0.016025405377149582 -0.03387214615941048 0.051818255335092545 40 200 40
-0.019305851310491562 -0.03575516864657402 0.04909411817789078 40 200 40
-0.023245353251695633 -0.03565697371959686 0.04682673141360283 40 200 40
-0.02188454009592533 -0.03717616945505142 0.04658615589141846 40 200 40
-0.01798722706735134 -0.040223848074674606 0.04375297576189041 40 200 40
-0.020613569766283035 -0.03876040130853653 0.045886993408203125 40 200 40
-0.013423683121800423 -0.03955282270908356 0.048325326293706894 40 200 40
-0.015749869868159294 -0.04005306586623192 0.04603124409914017 40 200 40
-0.01845408044755459 -0.03766976296901703 0.04826919734477997 40 200 40
-0.015681099146604538 -0.03644779324531555 0.05092352628707886 40 200 40
-0.030230585485696793 -0.04922746494412422 0.03886542096734047 40 200 40
-0.025393232703208923 -0.04658757895231247 0.04163460060954094 40 200 40
-0.027619944885373116 -0.04795174300670624 0.040304966270923615 40 200 40
-0.029677148908376694 -0.05450323969125748 0.03731812536716461 40 200 40
-0.032630424946546555 -0.05727442726492882 0.034791555255651474 40 200 40
-0.027480650693178177 -0.06168760359287262 0.03614198789000511 40 200 40
-0.023134659975767136 -0.04863236844539642 0.042560968548059464 40 200 40
-0.0193727295845747 -0.04858408495783806 0.04508206620812416 40 200 40
-0.020771726965904236 -0.0424577035009861 0.04379187896847725 40 200 40
-0.023664740845561028 -0.045175157487392426 0.042645081877708435 40 200 40
-0.021748285740613937 -0.04695999622344971 0.043717317283153534 40 200 40
-0.019547203555703163 -0.04340047389268875 0.04506561532616615 40 200 40
-0.01629483886063099 -0.040553018450737 0.04635829105973244 40 200 40
-0.0179565642029047 -0.044298574328422546 0.046500109136104584 40 200 40
-0.01868659444153309 -0.04646722972393036 0.04614371433854103 40 200 40
-0.0024481990840286016 -0.016185984015464783 0.06460346281528473 40 200 40
-0.006429438013583422 -0.011951945722103119 0.06847663968801498 40 200 40
-0.00387487537227571 -0.013101133517920971 0.07036347687244415 40 200 40
-0.004865757655352354 -0.009571008384227753 0.07254008203744888 40 200 40
-0.007986602373421192 -0.00918551255017519 0.06977637112140656 40 200 40
-0.005262347869575024 -0.0040699802339077 0.07272113859653473 40 200 40
-0.07223010808229446 0.04635682702064514 -0.009143928065896034 0 90 255
-0.03418558090925217 0.08514177799224854 0.03035116195678711 0 180 200
-0.05273611098527908 0.028940925374627113 0.028421130031347275 0 90 255
-0.016976501792669296 0.008369137533009052 0.04677353426814079 40 200 40
-0.017371686175465584 0.011602621525526047 0.044645413756370544 40 200 40
-0.013779963366687298 0.007959935814142227 0.051153190433979034 40 200 40
-0.01333143375813961 0.004399199970066547 0.05322304740548134 40 200 40
-0.014223597943782806 -0.004755732603371143 0.05969492346048355 40 200 40
-0.01892492175102234 0.0018648692639544606 0.04661903902888298 40 200 40
-0.016547273844480515 -0.004084670450538397 0.0493900440633297 40 200 40
-0.01601930893957615 -0.008905919268727303 0.05825137719511986 40 200 40
-0.014063130132853985 -0.007153244689106941 0.06188638135790825 40 200 40
-0.014269744046032429 -0.011347901076078415 0.059912875294685364 40 200 40
-0.01590767875313759 -0.006254597567021847 0.0567728653550148 40 200 40
-0.0163214560598135 0.004837071523070335 0.04857542738318443 40 200 40
-0.019809911027550697 0.005503321066498756 0.04513591527938843 40 200 40
-0.020374124869704247 0.00912624690681696 0.04344647750258446 40 200 40
-0.030658790841698647 -0.01856137253344059 0.04461085796356201 40 200 40
-0.03404070436954498 -0.024027924984693527 0.04363039508461952 0 180 200
-0.038395460695028305 -0.020051561295986176 0.042110245674848557 0 180 200
-0.03485478088259697 -0.01356764230877161 0.04340120032429695 0 180 200
-0.039453331381082535 -0.006900988984853029 0.04048992320895195 0 180 200
-0.046759262681007385 -0.004944975953549147 0.03607947379350662 0 180 200
-0.04443202540278435 0.002754584653303027 0.03603318706154823 0 180 200
-0.038579512387514114 0.002011822070926428 0.038788892328739166 0 180 200
-0.049710534512996674 0.004550653975456953 0.032246414572000504 0 90 255
-0.005004906561225653 0.0006646991823799908 0.07062312960624695 40 200 40
-0.00487631605938077 0.012734443880617619 0.06288409978151321 40 200 40
-0.004936628974974155 0.01688396744430065 0.060316119343042374 40 200 40
-0.024495715275406837 0.050559159368276596 0.04945896938443184 40 200 40
-0.014202113263309002 0.011521004140377045 0.04887984320521355 40 200 40
-0.03348816558718681 0.0386030375957489 0.044886860996484756 0 180 200
-0.051127657294273376 0.04504336789250374 0.034340646117925644 0 90 255
-0.038528282195329666 0.03786759078502655 0.04325933754444122 0 180 200
-0.04759299382567406 0.034691885113716125 0.03687790781259537 0 180 200
-0.050789013504981995 0.032278645783662796 0.032661840319633484 0 90 255
-0.055630795657634735 0.02931833080947399 0.025297319516539574 0 90 255
-0.06865479052066803 0.05659199133515358 -0.002360069192945957 0 90 255
-0.012801988050341606 0.0345541350543499 0.0470503568649292 40 200 40
-0.0222022645175457 0.029519248753786087 0.040977347642183304 40 200 40
-0.020973820239305496 0.03736669942736626 0.046310905367136 40 200 40
-0.01965709775686264 0.02874101512134075 0.04014400392770767 40 200 40
-0.027143018320202827 -0.04192414879798889 0.04185061901807785 40 200 40
-0.02881166897714138 -0.04204792156815529 0.04170845448970795 40 200 40
-0.03082764334976673 -0.04193888604640961 0.041310880333185196 40 200 40
-0.03445840999484062 -0.041318949311971664 0.03996867313981056 0 180 200
-0.03821708261966705 -0.040535032749176025 0.038629259914159775 0 180 200
-0.04217918962240219 -0.038940783590078354 0.036576174199581146 0 180 200
-0.06109900027513504 0.00844360888004303 0.019183935597538948 0 90 255
-0.0408538319170475 -0.026814201846718788 0.04021918401122093 0 180 200
-0.036811694502830505 -0.02968733198940754 0.041915543377399445 0 180 200
-0.0325302854180336 -0.03265298157930374 0.0427556037902832 40 200 40
-0.029539000242948532 -0.03429967537522316 0.04395536333322525 40 200 40
-0.027177883312106133 -0.03627607598900795 0.044790059328079224 40 200 40
-0.025669515132904053 -0.03753397986292839 0.04475642740726471 40 200 40
-0.024033159017562866 -0.03875528648495674 0.044389016926288605 40 200 40
-0.02259543538093567 -0.03967384994029999 0.043892983347177505 40 200 40
-0.019906744360923767 -0.04049106687307358 0.042254503816366196 40 200 40
-0.025849832221865654 -0.041744034737348557 0.0419878289103508 40 200 40
-0.021398315206170082 -0.04074510931968689 0.041597407311201096 40 200 40
-0.024218562990427017 -0.04143969714641571 0.042159080505371094 40 200 40
-0.02702357806265354 -0.05231241136789322 0.03933238610625267 40 200 40
-0.02489341050386429 -0.050308093428611755 0.04105927422642708 40 200 40
-0.023402376100420952 -0.05494735389947891 0.040646813809871674 40 200 40
-0.020371990278363228 -0.05054767057299614 0.04385923221707344 40 200 40
-0.021736882627010345 -0.05252006649971008 0.042362429201602936 40 200 40
-0.025322210043668747 -0.057894252240657806 0.03861215338110924 40 200 40
-0.04791032522916794 0.04099896177649498 0.03829796239733696 0 180 200
-0.05199294909834862 0.03812827914953232 0.033820562064647675 0 90 255
-0.055035997182130814 0.04076779633760452 0.029193151742219925 0 90 255
-0.05747108533978462 0.03583493456244469 0.024467481300234795 0 90 255
-0.054493777453899384 0.034381624311208725 0.029183585196733475 0 90 255
-0.016688067466020584 -0.011639943346381187 0.053361594676971436 40 200 40
-0.015010477975010872 -0.012522409670054913 0.05697919800877571 40 200 40
-0.01646481826901436 -0.012927050702273846 0.05095963180065155 40 200 40
-0.023617176339030266 -0.026329679414629936 0.04672941938042641 40 200 40
-0.014681437984108925 -0.013830998912453651 0.0551413968205452 40 200 40
-0.027350516989827156 0.038721974939107895 0.04603276029229164 40 200 40
-0.06922949105501175 -0.02190472185611725 -0.02512461319565773 0 90 255
-0.032034099102020264 0.050312940031290054 0.04661586880683899 40 200 40
-0.039335839450359344 0.04964901879429817 0.04314761236310005 0 180 200
-0.04349368065595627 0.08143416792154312 0.02503642439842224 0 180 200
-0.05164526402950287 0.07668693363666534 0.01892588660120964 0 90 255
-0.0642375722527504 0.0631108209490776 0.0053600589744746685 0 90 255
-0.06940539181232452 0.0319659486413002 -0.00008763867663219571 0 90 255
-0.06666719168424606 0.04033215343952179 0.005478916689753532 0 90 255
-0.0637301504611969 0.0500616580247879 0.010731124319136143 0 90 255
-0.058917783200740814 0.0564156211912632 0.018027326092123985 0 90 255
-0.046676043421030045 0.06625110656023026 0.02975558303296566 0 180 200
-0.03878791257739067 0.06939157098531723 0.035394180566072464 0 180 200
-0.03020036593079567 0.07194848358631134 0.039807021617889404 40 200 40
-0.06367623805999756 0.03971201926469803 0.012096929363906384 0 90 255
-0.060472819954156876 0.04645238816738129 0.017671339213848114 0 90 255
-0.05629567801952362 0.05277320370078087 0.02341495454311371 0 90 255
-0.04395873844623566 0.060920387506484985 0.034631289541721344 0 180 200
-0.036379169672727585 0.06331145763397217 0.039682745933532715 0 180 200
-0.028218979015946388 0.06502124667167664 0.04361063241958618 40 200 40
-0.06078295782208443 0.03804782032966614 0.01801113784313202 0 90 255
-0.05787605047225952 0.044029925018548965 0.023103930056095123 0 90 255
-0.053802166134119034 0.04948275908827782 0.02865133248269558 0 90 255
-0.04188945144414902 0.055966559797525406 0.03869985416531563 0 180 200
-0.03456832468509674 0.05776793509721756 0.04313507676124573 0 180 200
-0.02671179547905922 0.05893894284963608 0.04673006758093834 40 200 40
-0.01793164201080799 0.05927683040499687 0.04933196306228638 40 200 40
-0.05914326384663582 0.02953256480395794 0.02042805776000023 0 90 255
-0.060322266072034836 0.02337034046649933 0.017528900876641273 0 90 255
-0.06609760224819183 0.030792761594057083 0.0079017523676157 0 90 255
-0.00424830662086606 -0.03701585903763771 0.05583591386675835 40 200 40
-0.007950474508106709 -0.037038642913103104 0.054360780864953995 40 200 40
-0.011586464010179043 -0.037523653358221054 0.05216680094599724 40 200 40
-0.01435630489140749 -0.038570716977119446 0.04942203685641289 40 200 40
-0.017053067684173584 -0.039416663348674774 0.046930015087127686 40 200 40
-0.018935611471533775 -0.04009168967604637 0.04481373727321625 40 200 40
-0.020882846787571907 -0.04039599746465683 0.04335881024599075 40 200 40
-0.022503718733787537 -0.04104543849825859 0.04226026311516762 40 200 40
-0.01981782540678978 -0.04121047630906105 0.044002465903759 40 200 40
-0.017151592299342155 -0.042039353400468826 0.046580396592617035 40 200 40
-0.015555146150290966 -0.040127817541360855 0.04550015553832054 40 200 40
-0.01721898838877678 -0.04051927104592323 0.04387405887246132 40 200 40
-0.020886894315481186 -0.04072405770421028 0.040412068367004395 40 200 40
-0.019703363999724388 -0.0400729700922966 0.04024205729365349 40 200 40
-0.017912399023771286 -0.039662547409534454 0.041929855942726135 40 200 40
-0.015470393933355808 -0.03952476382255554 0.044009190052747726 40 200 40
-0.012668623588979244 -0.03959077596664429 0.04626648128032684 40 200 40
-0.009711269289255142 -0.03952476382255554 0.047977861016988754 40 200 40
-0.00673270458355546 -0.03976748138666153 0.04931804910302162 40 200 40
-0.0035751524847000837 -0.03992515057325363 0.050231918692588806 40 200 40
-0.005285739433020353 -0.06563351303339005 0.04581182077527046 40 200 40
-0.004543434828519821 -0.05860134959220886 0.04685834422707558 40 200 40
-0.004416338633745909 -0.05585240200161934 0.04812924563884735 40 200 40
-0.00430681649595499 -0.05330730602145195 0.050006572157144547 40 200 40
-0.0043220375664532185 -0.051282040774822235 0.051466356962919235 40 200 40
-0.004403526894748211 -0.04877711832523346 0.0529894195497036 40 200 40
-0.004216039553284645 -0.045628633350133896 0.05336416885256767 40 200 40
-0.004101430531591177 -0.04272196814417839 0.05303218588232994 40 200 40
-0.0037826320622116327 -0.04019434377551079 0.05148819088935852 40 200 40
-0.010626801289618015 -0.06495438516139984 0.0443635992705822 40 200 40
-0.009284608066082 -0.058029308915138245 0.046216487884521484 40 200 40
-0.008921585977077484 -0.05526512861251831 0.047657959163188934 40 200 40
-0.008651232346892357 -0.05285004898905754 0.04937154799699783 40 200 40
-0.008521822281181812 -0.050719503313302994 0.05080346390604973 40 200 40
-0.00867670588195324 -0.04821974039077759 0.052019838243722916 40 200 40
-0.00843918789178133 -0.04502091556787491 0.05220952257514 40 200 40
-0.008207684382796288 -0.04211931675672531 0.051920581609010696 40 200 40
-0.0073875864036381245 -0.039997994899749756 0.050643641501665115 40 200 40
-0.013518217951059341 -0.0398627407848835 0.047382134944200516 40 200 40
-0.014371038414537907 -0.040783628821372986 0.048058513551950455 40 200 40
-0.015033259987831116 -0.04282381758093834 0.04836350306868553 40 200 40
-0.015719756484031677 -0.04539366438984871 0.04832027480006218 40 200 40
-0.016000155359506607 -0.04796964302659035 0.047948602586984634 40 200 40
-0.016451729461550713 -0.05029292404651642 0.0467076301574707 40 200 40
-0.017712868750095367 -0.0015867843758314848 0.04773316904902458 40 200 40
-0.015795674175024033 -0.06345497071743011 0.042437221854925156 40 200 40
-0.01392803993076086 -0.056711677461862564 0.04519731551408768 40 200 40
-0.01331431046128273 -0.054154254496097565 0.046683911234140396 40 200 40
-0.012884058058261871 -0.05189092457294464 0.048188284039497375 40 200 40
-0.012593600898981094 -0.049575816839933395 0.0496303029358387 40 200 40
-0.01264402735978365 -0.0469973050057888 0.0503733791410923 40 200 40
-0.01214851438999176 -0.04392476752400398 0.050388041883707047 40 200 40
-0.011804427951574326 -0.041370369493961334 0.05005088075995445 40 200 40
-0.010774006135761738 -0.0398673377931118 0.04921230673789978 40 200 40
-0.021201010793447495 -0.029979459941387177 0.048727501183748245 40 200 40
-0.016987906768918037 -0.009329026564955711 0.049882352352142334 40 200 40
-0.0035685920156538486 -0.024665752425789833 0.05700003728270531 40 200 40
-0.01661720685660839 -0.010180783458054066 0.055749595165252686 40 200 40
-0.07028979063034058 -0.012354947626590729 -0.02441885881125927 0 90 255
-0.016435056924819946 -0.025626810267567635 0.05060495063662529 40 200 40
-0.013858594931662083 -0.015419818460941315 0.05349228158593178 40 200 40
-0.016884559765458107 -0.007764648180454969 0.054169364273548126 40 200 40
-0.01312639843672514 0.0008723429637029767 0.055336471647024155 40 200 40
-0.004827264696359634 0.008678830228745937 0.06542164087295532 40 200 40
-0.013609263114631176 -0.002340570790693164 0.05762651935219765 40 200 40
-0.0048901974223554134 0.004791377577930689 0.06803891062736511 40 200 40
-0.01513594202697277 -0.0015164632350206375 0.051888301968574524 40 200 40
-0.015562442131340504 0.001473813783377409 0.050214026123285294 40 200 40
-0.018522998318076134 -0.04067729786038399 0.04241083934903145 40 200 40
-0.018954696133732796 -0.04049769043922424 0.04356274753808975 40 200 40
-0.0066412971355021 -0.019737061113119125 0.056184206157922745 40 200 40
-0.013220700435340405 -0.01685474067926407 0.05150454118847847 40 200 40
-0.020029492676258087 -0.021789081394672394 0.04724378511309624 40 200 40
-0.023424116894602776 -0.0179434884339571 0.04540574923157692 40 200 40
-0.02683415077626705 -0.01366028469055891 0.045017749071121216 40 200 40
-0.0164166446775198 -0.013947248458862305 0.048978324979543686 40 200 40
-0.01773245446383953 -0.00914174597710371 0.04772186279296875 40 200 40
-0.020034195855259895 -0.00538609130308032 0.04617972671985626 40 200 40
-0.016395410522818565 -0.005969557445496321 0.05172496289014816 40 200 40
-0.015369259752333164 -0.004084622487425804 0.0543639175593853 40 200 40
-0.021915538236498833 -0.0013556003104895353 0.04518748074769974 40 200 40
-0.02323371171951294 0.0027527655474841595 0.0439051128923893 40 200 40
-0.023888124153017998 0.006804318632930517 0.04230087623000145 40 200 40
-0.030077485367655754 -0.008696861565113068 0.04414920136332512 40 200 40
-0.032542187720537186 -0.0030138411093503237 0.04238089919090271 40 200 40
-0.03294721245765686 0.0031000885646790266 0.040358155965805054 40 200 40
-0.0033002919517457485 -0.021266106516122818 0.05785367637872696 40 200 40
-0.0027696506585925817 -0.018675928935408592 0.05953739583492279 40 200 40
-0.01709359884262085 -0.00939150433987379 0.05256922170519829 40 200 40
-0.04350705072283745 0.036715831607580185 0.040558043867349625 0 180 200
-0.03649245202541351 0.043973810970783234 0.04536545276641846 0 180 200
-0.02955518662929535 0.04398072138428688 0.04762290045619011 40 200 40
-0.022473972290754318 0.043670397251844406 0.04966254532337189 40 200 40
-0.0583336316049099 0.0711151733994484 0.01251898892223835 0 90 255
-0.053463418036699295 0.061994489282369614 0.023926543071866035 0 90 255
-0.05070989206433296 0.05725662410259247 0.029357176274061203 0 90 255
-0.04837987944483757 0.05312124639749527 0.03404548391699791 0 90 255
-0.04583040997385979 0.04772918298840523 0.03898695111274719 0 180 200
-0.042688727378845215 0.042739387601614 0.042285602539777756 0 180 200
-0.017141086980700493 -0.05245048552751541 0.04530796781182289 40 200 40
-0.018145840615034103 -0.05474112182855606 0.04383528232574463 40 200 40
-0.01931293122470379 -0.05739020183682442 0.042285047471523285 40 200 40
-0.014725452288985252 -0.059698864817619324 0.04382602125406265 40 200 40
-0.020704662427306175 -0.060814596712589264 0.04045574367046356 40 200 40
-0.022538257762789726 -0.06522680819034576 0.038392409682273865 40 200 40
-0.017304306849837303 -0.06820044666528702 0.040949851274490356 40 200 40
-0.011913340538740158 -0.07012906670570374 0.04350857064127922 40 200 40
-0.006130830384790897 -0.07119036465883255 0.04545685648918152 40 200 40
-0.0097117954865098 -0.06120908632874489 0.04516540467739105 40 200 40
-0.004758496768772602 -0.06160944327712059 0.046142492443323135 40 200 40
-0.006291492376476526 0.03453468531370163 0.05101507902145386 40 200 40
-0.014947652816772461 0.04217143729329109 0.051001954823732376 40 200 40
-0.016431860625743866 0.05008941888809204 0.05143998563289642 40 200 40
-0.01903877593576908 0.065484419465065 0.04662607982754707 40 200 40
-0.020426535978913307 0.07295212894678116 0.04321546480059624 40 200 40
-0.023452721536159515 0.08785534650087357 0.03432929143309593 40 200 40
-0.05584339797496796 0.0124960383400321 0.024172592908143997 0 90 255
-0.053102780133485794 -0.0029352635610848665 0.03052862174808979 0 90 255
-0.05654301866889 0.018388554453849792 0.021794190630316734 0 90 255
-0.04424601048231125 0.020073560997843742 0.03289616107940674 0 180 200
-0.017220312729477882 0.027026716619729996 0.03970642015337944 40 200 40
-0.016081826761364937 0.02445385232567787 0.03971060737967491 40 200 40
-0.009367236867547035 0.027884209528565407 0.047256503254175186 40 200 40
-0.005324813537299633 0.0295697171241045 0.05210690200328827 40 200 40
-0.008357593789696693 0.01427387073636055 0.057393476366996765 40 200 40
-0.008784705772995949 -0.0008863649563863873 0.06752628087997437 40 200 40
-0.008559515699744225 0.0027812940534204245 0.06507600843906403 40 200 40
-0.008252621628344059 0.010351528413593769 0.0598820298910141 40 200 40
-0.008360400795936584 0.006499832030385733 0.062480244785547256 40 200 40
-0.008209750056266785 0.02257026918232441 0.051319245249032974 40 200 40
-0.008345947600901127 0.018314899876713753 0.05449666455388069 40 200 40
-0.011149570345878601 0.011177321895956993 0.05412500351667404 40 200 40
-0.010895398445427418 0.007405816111713648 0.05655629187822342 40 200 40
-0.01101227942854166 0.018367338925600052 0.048515960574150085 40 200 40
-0.011235212907195091 0.014943206682801247 0.05160229280591011 40 200 40
-0.008839674293994904 -0.004768517799675465 0.06943211704492569 40 200 40
-0.011566008441150188 -0.005774097051471472 0.06546224653720856 40 200 40
-0.010482422076165676 -0.00868523120880127 0.06649631261825562 40 200 40
-0.06145340949296951 0.01630713976919651 0.01698952540755272 0 90 255
-0.07102891802787781 -0.002473239554092288 -0.024269936606287956 0 90 255
-0.04973293095827103 0.012215337716042995 0.029674701392650604 0 90 255
-0.046322762966156006 0.009724701754748821 0.032802898436784744 0 180 200
-0.04212409630417824 0.008335881866514683 0.03555211424827576 0 180 200
-0.03737626597285271 0.007812689058482647 0.03754432499408722 0 180 200
-0.03266730532050133 0.008225035853683949 0.038936398923397064 40 200 40
-0.028205793350934982 0.009370723739266396 0.039953917264938354 40 200 40
-0.024276087060570717 0.01074159424751997 0.04077925533056259 40 200 40
-0.020924365147948265 0.012505406513810158 0.0416070856153965 40 200 40
-0.017883341759443283 0.014635302126407623 0.04251408204436302 40 200 40
-0.01473265327513218 0.017391743138432503 0.04383809491991997 40 200 40
-0.005045675206929445 0.021183986216783524 0.05722126364707947 40 200 40
-0.05157072842121124 0.015833955258131027 0.0268103014677763 0 90 255
-0.05401177331805229 0.007348064798861742 0.027819262817502022 0 90 255
-0.059405192732810974 -0.000326956738717854 0.023244915530085564 0 90 255
-0.0628168061375618 -0.03190157935023308 0.008069192990660667 0 90 255
-0.053344279527664185 -0.062243103981018066 -0.0042578731663525105 0 90 255
-0.02089274674654007 -0.04067004844546318 0.03973940387368202 40 200 40
-0.021187297999858856 -0.04070289060473442 0.04149371385574341 40 200 40
-0.022586019709706306 -0.04073205962777138 0.04237692803144455 40 200 40
-0.0242958664894104 -0.04053403064608574 0.04281076416373253 40 200 40
-0.02557685784995556 -0.040222007781267166 0.04309134557843208 40 200 40
-0.027046488597989082 -0.03983868286013603 0.04305664822459221 40 200 40
-0.0287884883582592 -0.03917287662625313 0.043089717626571655 40 200 40
-0.031099975109100342 -0.03818601369857788 0.04248645156621933 40 200 40
-0.034113459289073944 -0.036708492785692215 0.04127180576324463 0 180 200
-0.038537975400686264 -0.03545071557164192 0.03990767151117325 0 180 200
-0.04234606400132179 -0.033202581107616425 0.038069333881139755 0 180 200
-0.019740447402000427 -0.04076576232910156 0.04142548143863678 40 200 40
-0.02011977881193161 -0.04067325219511986 0.042467378079891205 40 200 40
-0.02118939906358719 -0.04128490388393402 0.042988188564777374 40 200 40
-0.02241392433643341 -0.0419871062040329 0.04263705387711525 40 200 40
-0.02555554173886776 -0.04359576851129532 0.04170776158571243 40 200 40
-0.02702989988029003 -0.044308461248874664 0.04128136485815048 40 200 40
-0.02960345894098282 -0.04520448297262192 0.04040839523077011 40 200 40
-0.032851845026016235 -0.0457640141248703 0.03918556869029999 40 200 40
-0.036697372794151306 -0.04581213369965553 0.037659842520952225 0 180 200
-0.040949851274490356 -0.045511163771152496 0.03518551588058472 0 180 200
-0.04604317992925644 -0.04459363967180252 0.030984511598944664 0 180 200
-0.05263160169124603 0.020140821114182472 0.02500452846288681 0 90 255
-0.0455702506005764 0.021594276651740074 0.03171723335981369 0 180 200
-0.04587310180068016 0.025343678891658783 0.03281858563423157 0 180 200
-0.05310188978910446 0.024592656642198563 0.025563277304172516 0 90 255
-0.05660393461585045 0.02418796718120575 0.02192525938153267 0 90 255
-0.007398346439003944 0.04157370701432228 0.05226960405707359 40 200 40
-0.008162864483892918 0.05017475783824921 0.052448492497205734 40 200 40
-0.008886109106242657 0.05925382301211357 0.050495412200689316 40 200 40
-0.009432568214833736 0.06515497714281082 0.048257872462272644 40 200 40
-0.010147031396627426 0.07297022640705109 0.04514414817094803 40 200 40
-0.011748752556741238 0.08919984847307205 0.03687117621302605 40 200 40
-0.018321644514799118 0.022650232538580894 0.03965234383940697 40 200 40
-0.004894774407148361 0.025063538923859596 0.05479905381798744 40 200 40
-0.002965199761092663 -0.014981810003519058 0.0675203800201416 40 200 40
-0.004580066539347172 -0.01345757395029068 0.06628230959177017 40 200 40
-0.004701897501945496 -0.01192727405577898 0.06555866450071335 40 200 40
-0.004095792770385742 -0.010559838265180588 0.0644386038184166 40 200 40
-0.011273650452494621 0.021793771535158157 0.04521690309047699 40 200 40
-0.02806117758154869 0.004791952669620514 0.04134728014469147 40 200 40
-0.027415120974183083 -0.000019317030819365755 0.04308997839689255 40 200 40
-0.02574451081454754 -0.004762061405926943 0.04449654370546341 40 200 40
-0.023202089592814445 -0.009293860755860806 0.045353569090366364 40 200 40
-0.020402660593390465 -0.01370168849825859 0.045789629220962524 40 200 40
-0.017270434647798538 -0.01737876608967781 0.04735899716615677 40 200 40
-0.014012030325829983 -0.019964048638939857 0.05031871423125267 40 200 40
-0.010279829613864422 -0.020275454968214035 0.053248751908540726 40 200 40
-0.008060122840106487 -0.016133582219481468 0.05677275359630585 40 200 40
-0.008454041555523872 -0.01449236273765564 0.05647820979356766 40 200 40
-0.00898938998579979 -0.01020551472902298 0.061890192329883575 40 200 40
-0.011691927909851074 -0.0028255616780370474 0.0636267364025116 40 200 40
-0.011189848184585571 0.0002530613564886153 0.06142688915133476 40 200 40
-0.010909073054790497 0.0037522222846746445 0.05899106711149216 40 200 40
-0.04278229549527168 -0.015881884843111038 0.039479274302721024 0 180 200
-0.04546896368265152 -0.023701420053839684 0.03731148689985275 0 180 200
-0.046678029000759125 -0.030467329546809196 0.03507235646247864 0 180 200
-0.04667802155017853 -0.03732617571949959 0.033032290637493134 0 180 200
-0.04910227283835411 -0.013582534156739712 0.03455023095011711 0 90 255
-0.05021295323967934 -0.021341266110539436 0.033075880259275436 0 90 255
-0.050843894481658936 -0.028086502104997635 0.030963735654950142 0 90 255
-0.05510397255420685 -0.0202613677829504 0.027762046083807945 0 90 255
-0.05459929630160332 -0.012007759883999825 0.028982628136873245 0 90 255
-0.059826601296663284 -0.011579093523323536 0.022416511550545692 0 90 255
-0.05937657505273819 -0.020123455673456192 0.02159995771944523 0 90 255
-0.06575765460729599 0.013891305774450302 0.010263378731906414 0 90 255
-0.06554252654314041 0.005329478066414595 0.011615178547799587 0 90 255
-0.06109071522951126 -0.028916195034980774 0.014918794855475426 0 90 255
-0.05937142297625542 -0.039519619196653366 0.011391591280698776 0 90 255
-0.05902130901813507 -0.05426384508609772 -0.012940640561282635 0 90 255
-0.06500715017318726 -0.00385023164562881 0.013113802298903465 0 90 255
-0.06791196763515472 -0.0067849610932171345 0.004015532322227955 0 90 255
-0.06672261655330658 -0.015787256881594658 0.0049435109831392765 0 90 255
-0.07075011730194092 0.022130602970719337 -0.002892438555136323 0 90 255
-0.07394852489233017 0.02391587384045124 -0.022031037136912346 0 90 255
-0.06497101485729218 -0.024268832057714462 0.006042794790118933 0 90 255
-0.06401604413986206 -0.01334699522703886 0.013874439522624016 0 90 255
-0.06264319270849228 -0.021841449663043022 0.01415602769702673 0 90 255
-0.06867950409650803 0.0029851594008505344 0.0034539669286459684 0 90 255
-0.06883584707975388 0.012421091087162495 0.0038901623338460922 0 90 255
-0.06784023344516754 0.022232089191675186 0.0048444392159581184 0 90 255
-0.0630277544260025 0.030288193374872208 0.013881298713386059 0 90 255
-0.06502530723810196 0.02217266708612442 0.010984094813466072 0 90 255
-0.05842847749590874 -0.026869051158428192 0.020975520834326744 0 90 255
-0.05090755596756935 -0.048562079668045044 0.022222358733415604 0 90 255
-0.05116316303610802 -0.04174625128507614 0.02563409134745598 0 90 255
-0.051262371242046356 -0.035332899540662766 0.028489096090197563 0 90 255
-0.055515989661216736 -0.03855924308300018 0.019955065101385117 0 90 255
-0.05519931763410568 -0.03317107632756233 0.02414023131132126 0 90 255
-0.058717992156744 -0.03437019884586334 0.01721632294356823 0 90 255
-0.05514577403664589 -0.02697884291410446 0.025849713012576103 0 90 255
-0.057632073760032654 -0.03147198259830475 0.020768068730831146 0 90 255
-0.002336375880986452 -0.017232194542884827 0.0618949793279171 40 200 40
-0.0040022884495556355 -0.016147669404745102 0.061232175678014755 40 200 40
-0.005253716837614775 -0.014654663391411304 0.06040220335125923 40 200 40
-0.0054291668348014355 -0.013076020404696465 0.05950937047600746 40 200 40
0.07414945960044861 0.03580788895487785 -0.01676464080810547 125 45 45
0.025686323642730713 0.019372666254639626 0.039602335542440414 40 200 40
0.029209477826952934 0.018771683797240257 0.03965926915407181 40 200 40
0.03279803693294525 0.018736690282821655 0.03940638154745102 40 200 40
0.042289577424526215 0.019321024417877197 0.034606922417879105 255 170 0
0.04001754894852638 0.01900574564933777 0.03643527999520302 255 170 0
0.03656301274895668 0.0188578050583601 0.038314804434776306 255 170 0
0.046365540474653244 0.023070592433214188 0.031042471528053284 255 170 0
0.02261282503604889 0.020167609676718712 0.03948195278644562 40 200 40
0.020062493160367012 0.021285928785800934 0.03951365500688553 40 200 40
0.014330878853797913 0.014682704582810402 0.046369519084692 40 200 40
0.03336098790168762 0.029925499111413956 0.042041707783937454 255 170 0
0.02957291528582573 0.03004281409084797 0.04241403564810753 40 200 40
0.02614613249897957 0.030013281852006912 0.04177191108465195 40 200 40
0.040370695292949677 0.028878720477223396 0.03904220461845398 255 170 0
0.0368771031498909 0.02949482575058937 0.04092460870742798 255 170 0
0.042879778891801834 0.02791481651365757 0.03699510172009468 255 170 0
0.04515277221798897 0.02642999030649662 0.03411295264959335 255 170 0
0.03374874219298363 -0.050697218626737595 0.03730921447277069 255 170 0
0.037830501794815063 -0.05207971855998039 0.03448787331581116 255 170 0
0.0432230606675148 -0.05385797470808029 0.028782781213521957 255 170 0
0.05590471625328064 -0.04422149807214737 0.01574483886361122 125 45 45
0.02424141764640808 -0.03345398232340813 0.04698873683810234 40 200 40
0.026778068393468857 -0.03042873926460743 0.04571394994854927 40 200 40
0.029999546706676483 -0.027341922745108604 0.0444033220410347 40 200 40
0.02661660872399807 -0.022713562473654747 0.045215293765068054 40 200 40
0.010406131856143475 -0.015138954855501652 0.055919211357831955 40 200 40
0.011905197985470295 -0.013021918013691902 0.057908542454242706 40 200 40
0.010891411453485489 -0.013997995294630527 0.056362807750701904 40 200 40
0.0109029496088624 -0.011419370770454407 0.05655462294816971 40 200 40
0.0076627228409051895 -0.028197195380926132 0.05605999380350113 40 200 40
0.007516325451433659 -0.011337917298078537 0.06604906171560287 40 200 40
0.005593589507043362 -0.009829907678067684 0.06427349150180817 40 200 40
0.00403871014714241 -0.013607257977128029 0.06282798200845718 40 200 40
0.004091721493750811 -0.012485056184232235 0.06154453009366989 40 200 40
0.0036292891018092632 -0.014920529909431934 0.06381384283304214 40 200 40
0.004694993607699871 -0.017618345096707344 0.05876004323363304 40 200 40
0.00621034437790513 -0.015606414526700974 0.05851205810904503 40 200 40
0.00654735928401351 -0.013951619155704975 0.05765688046813011 40 200 40
0.010367454960942268 -0.010795099660754204 0.05980652943253517 40 200 40
0.011574561707675457 -0.011983178555965424 0.06084056198596954 40 200 40
0.009593335911631584 -0.0114242322742939 0.06319992244243622 40 200 40
0.012420415878295898 -0.009730292484164238 0.06363788992166519 40 200 40
0.0036346984561532736 -0.028126122429966927 0.057052113115787506 40 200 40
0.01960708014667034 -0.03360845148563385 0.04965229332447052 40 200 40
0.015956299379467964 -0.030962802469730377 0.05205139145255089 40 200 40
0.011192620731890202 -0.024861004203557968 0.05356532335281372 40 200 40
0.009894552640616894 -0.016804173588752747 0.054667647927999496 40 200 40
0.007059270050376654 -0.02429029904305935 0.05572497099637985 40 200 40
0.01191057451069355 -0.02933642640709877 0.054245397448539734 40 200 40
0.00376809760928154 -0.030764974653720856 0.05744136497378349 40 200 40
0.007943826727569103 -0.031124498695135117 0.05642617866396904 40 200 40
0.0037850807420909405 -0.033464863896369934 0.057566508650779724 40 200 40
0.003965866286307573 -0.03917035460472107 0.05338522791862488 40 200 40
0.008073640987277031 -0.033920951187610626 0.05598541349172592 40 200 40
0.007049833424389362 -0.03904102370142937 0.05233510956168175 40 200 40
0.011915282346308231 -0.035048261284828186 0.05381021648645401 40 200 40
0.01027222815901041 -0.03921395167708397 0.050358496606349945 40 200 40
0.011929936707019806 -0.03241638466715813 0.05444469675421715 40 200 40
0.015681596472859383 -0.03398440405726433 0.05197160318493843 40 200 40
0.018974123522639275 -0.03589632734656334 0.049281153827905655 40 200 40
0.02294066548347473 -0.035825371742248535 0.0470278225839138 40 200 40
0.02156907133758068 -0.03734755888581276 0.04679229110479355 40 200 40
0.017688194289803505 -0.04037029296159744 0.043988972902297974 40 200 40
0.02029108814895153 -0.0389355905354023 0.04610023275017738 40 200 40
0.013064384460449219 -0.039645422250032425 0.048480842262506485 40 200 40
0.015416759066283703 -0.04016784578561783 0.046230196952819824 40 200 40
0.018113434314727783 -0.03781839832663536 0.04846262186765671 40 200 40
0.01532509084790945 -0.03656710684299469 0.05109085142612457 40 200 40
0.030165020376443863 -0.04936424642801285 0.03904009237885475 40 200 40
0.025243036448955536 -0.046738848090171814 0.04182904213666916 40 200 40
0.027520252391695976 -0.048099834471940994 0.0404859222471714 40 200 40
0.029674189165234566 -0.05460740625858307 0.037462372332811356 40 200 40
0.0326639786362648 -0.05736449360847473 0.03491413593292236 40 200 40
0.027534430846571922 -0.061751749366521835 0.03624303266406059 40 200 40
0.02299744263291359 -0.048751767724752426 0.042738839983940125 40 200 40
0.01920217089354992 -0.04865696281194687 0.04524945467710495 40 200 40
0.02052268199622631 -0.04259064048528671 0.04400726407766342 40 200 40
0.02346949279308319 -0.045319631695747375 0.04285162314772606 40 200 40
0.0215690229088068 -0.04706644266843796 0.043905362486839294 40 200 40
0.019303733482956886 -0.04349897429347038 0.04526609182357788 40 200 40
0.016040343791246414 -0.04063647985458374 0.04653460159897804 40 200 40
0.01771595887839794 -0.04437106102705002 0.046678125858306885 40 200 40
0.018474381417036057 -0.04653080552816391 0.046319007873535156 40 200 40
0.0022899664472788572 -0.01620684750378132 0.06462252885103226 40 200 40
0.006321554072201252 -0.011974263936281204 0.06849818676710129 40 200 40
0.0037575450260192156 -0.013115931302309036 0.07037696987390518 40 200 40
0.0047737606801092625 -0.009583619423210621 0.07254920154809952 40 200 40
0.007897324860095978 -0.009205489419400692 0.06979219615459442 40 200 40
0.005203639157116413 -0.004077971912920475 0.07272500544786453 40 200 40
0.07220739871263504 0.04627605527639389 -0.009208004921674728 125 45 45
0.03417374566197395 0.08507939428091049 0.030290042981505394 255 170 0
0.05275622755289078 0.028837477788329124 0.028199385851621628 125 45 45
0.016911478713154793 0.008338679559528828 0.046751730144023895 40 200 40
0.017318997532129288 0.011569209396839142 0.04462401196360588 40 200 40
0.013725819066166878 0.007943826727569103 0.05113810673356056 40 200 40
0.013274440541863441 0.00438461359590292 0.053218793123960495 40 200 40
0.014142069034278393 -0.004780013579875231 0.059722866863012314 40 200 40
0.018821507692337036 0.001822555554099381 0.046607743948698044 40 200 40
0.01643437147140503 -0.004121080972254276 0.04941527172923088 40 200 40
0.015908418223261833 -0.008941822685301304 0.05829784646630287 40 200 40
0.013971877284348011 -0.0071822539903223515 0.06191624701023102 40 200 40
0.01414701621979475 -0.011383028700947762 0.059961553663015366 40 200 40
0.015808235853910446 -0.006286343093961477 0.056813377887010574 40 200 40
0.01624511182308197 0.004808757919818163 0.04856341704726219 40 200 40
0.019721154123544693 0.005460734013468027 0.04511105269193649 40 200 40
0.020311178639531136 0.009085508063435555 0.04341888800263405 40 200 40
0.030436765402555466 -0.01867499016225338 0.044621791690588 40 200 40
0.033814072608947754 -0.02414945885539055 0.04365993291139603 255 170 0
0.0381692536175251 -0.020175063982605934 0.04208506643772125 255 170 0
0.03464685007929802 -0.013684164732694626 0.04336180165410042 255 170 0
0.03927435353398323 -0.007022083271294832 0.04041754826903343 255 170 0
0.04659559205174446 -0.005082604009658098 0.035996075719594955 255 170 0
0.04431145265698433 0.0026214509271085262 0.03593398630619049 255 170 0
0.03845090791583061 0.0018951015081256628 0.03869696334004402 255 170 0
0.04960956424474716 0.004410712979733944 0.03213483467698097 125 45 45
0.0049698976799845695 0.0006618244806304574 0.07062284648418427 40 200 40
0.004856284707784653 0.012733635492622852 0.06287260353565216 40 200 40
0.00491134449839592 0.016879085451364517 0.060303833335638046 40 200 40
0.02447633631527424 0.050470851361751556 0.049401458352804184 40 200 40
0.014154059812426567 0.011500055901706219 0.04885748028755188 40 200 40
0.03351390361785889 0.0384971983730793 0.044815994799137115 255 170 0
0.05109122022986412 0.04494431987404823 0.03424680605530739 125 45 45
0.038549087941646576 0.03775960952043533 0.04316907003521919 255 170 0
0.047619156539440155 0.03458167612552643 0.036725644022226334 255 170 0
0.050815317779779434 0.032171864062547684 0.03246689587831497 125 45 45
0.05561323091387749 0.029222272336483 0.02512609213590622 125 45 45
0.06863050907850266 0.056512899696826935 -0.0024295879993587732 125 45 45
0.012814587913453579 0.034488219767808914 0.04703298211097717 40 200 40
0.02253849245607853 0.02948833256959915 0.04108884558081627 40 200 40
0.021007495000958443 0.03727741166949272 0.04627511650323868 40 200 40
0.01986965723335743 0.02869078889489174 0.04022958502173424 40 200 40
0.02691958099603653 -0.04213181138038635 0.042069412767887115 40 200 40
0.028613951057195663 -0.04224781692028046 0.04192299023270607 40 200 40
0.03065270185470581 -0.04212772473692894 0.04151547700166702 40 200 40
0.03431141749024391 -0.04149547219276428 0.0401494987308979 255 170 0
0.038083650171756744 -0.04067796841263771 0.0387466698884964 255 170 0
0.04203179106116295 -0.03906293958425522 0.03666117787361145 255 170 0
0.061016302555799484 0.008318990468978882 0.019078180193901062 125 45 45
0.04062844440340996 -0.02694093994796276 0.04022601991891861 255 170 0
0.03659577667713165 -0.029823319986462593 0.041974976658821106 255 170 0
0.03230280056595802 -0.03283786028623581 0.042919788509607315 40 200 40
0.02929030731320381 -0.03449072316288948 0.044140998274087906 40 200 40
0.026903873309493065 -0.03646800294518471 0.044993795454502106 40 200 40
0.02538076415657997 -0.03772968426346779 0.04496955871582031 40 200 40
0.02373306266963482 -0.03895420953631401 0.04460778087377548 40 200 40
0.022287864238023758 -0.039872150868177414 0.04411596059799194 40 200 40
0.019633851945400238 -0.040665529668331146 0.0425012931227684 40 200 40
0.025608666241168976 -0.04195404797792435 0.04220851510763168 40 200 40
0.021164076402783394 -0.04092656075954437 0.04182715341448784 40 200 40
0.023964056745171547 -0.04164883494377136 0.04238002002239227 40 200 40
0.026980377733707428 -0.05243014544248581 0.039483245462179184 40 200 40
0.024805249646306038 -0.050435904413461685 0.041221290826797485 40 200 40
0.023365629836916924 -0.0550389438867569 0.040774282068014145 40 200 40
0.02024277299642563 -0.05062919855117798 0.044017814099788666 40 200 40
0.021653391420841217 -0.052612729370594025 0.04250665381550789 40 200 40
0.0253310427069664 -0.05797163024544716 0.03873034194111824 40 200 40
0.047893017530441284 0.040893301367759705 0.03819303214550018 255 170 0
0.05196959897875786 0.038025978952646255 0.03370505943894386 125 45 45
0.05499889329075813 0.040675729513168335 0.02908615954220295 125 45 45
0.05743125081062317 0.035744618624448776 0.024352392181754112 125 45 45
0.05447515472769737 0.03428482264280319 0.02903827838599682 125 45 45
0.01654420793056488 -0.011686725541949272 0.05342819541692734 40 200 40
0.014871451072394848 -0.012564098462462425 0.057043544948101044 40 200 40
0.016302263364195824 -0.012980000115931034 0.051030512899160385 40 200 40
0.023366373032331467 -0.026461949571967125 0.04687252640724182 40 200 40
0.014524129219353199 -0.013878210447728634 0.055215273052453995 40 200 40
0.027385814115405083 0.03862345218658447 0.04598281532526016 40 200 40
0.03201255574822426 0.05021234601736069 0.04654652252793312 40 200 40
0.03930853679776192 0.0495428591966629 0.043069127947092056 255 170 0
0.04347612336277962 0.08136018365621567 0.02496534027159214 255 170 0
0.051622357219457626 0.07660792768001556 0.018849670886993408 125 45 45
0.06421101093292236 0.06303130835294724 0.005285833030939102 125 45 45
0.06073974072933197 0.03796350583434105 0.017913203686475754 125 45 45
0.05783545598387718 0.04394175112247467 0.023005591705441475 125 45 45
0.05376419425010681 0.049393318593502045 0.028555817902088165 125 45 45
0.041861649602651596 0.05587073788046837 0.03861771523952484 255 170 0
0.034548308700323105 0.057678867131471634 0.04306244105100632 255 170 0
0.02669718489050865 0.05886421725153923 0.04667334631085396 40 200 40
0.01791820116341114 0.05922013521194458 0.04929451271891594 40 200 40
0.059096939861774445 0.02944517321884632 0.02030431106686592 125 45 45
0.06026849150657654 0.023285897448658943 0.01739727519452572 125 45 45
0.0038799666799604893 -0.037048906087875366 0.05587266758084297 40 200 40
0.007573369890451431 -0.03709691762924194 0.054443180561065674 40 200 40
0.011211819015443325 -0.03760897368192673 0.05229487270116806 40 200 40
0.013999269343912601 -0.038676127791404724 0.04959055036306381 40 200 40
0.016717536374926567 -0.03954972326755524 0.04713376611471176 40 200 40
0.018623389303684235 -0.04024725407361984 0.04503653571009636 40 200 40
0.020588058978319168 -0.04057785123586655 0.04359177500009537 40 200 40
0.02224891446530819 -0.041242655366659164 0.0424765944480896 40 200 40
0.019563185051083565 -0.041344109922647476 0.04421545937657356 40 200 40
0.0184444822371006 -0.041814833879470825 0.04536943882703781 40 200 40
0.016899127513170242 -0.04211830720305443 0.04675956070423126 40 200 40
0.015307723544538021 -0.0402032770216465 0.04567098990082741 40 200 40
0.016975170001387596 -0.04061582311987877 0.04407068341970444 40 200 40
0.02067267708480358 -0.04087703302502632 0.04065629467368126 40 200 40
0.019460171461105347 -0.04022770747542381 0.04052824527025223 40 200 40
0.01763349212706089 -0.0398082435131073 0.04219738394021988 40 200 40
0.015153788961470127 -0.03963133692741394 0.0442345030605793 40 200 40
0.012318957597017288 -0.039665110409259796 0.04641770198941231 40 200 40
0.009346877224743366 -0.0395767018198967 0.04807624593377113 40 200 40
0.006363532971590757 -0.03980189561843872 0.04937635734677315 40 200 40
0.0032099587842822075 -0.039941541850566864 0.05025618523359299 40 200 40
0.0052888281643390656 -0.0656353160738945 0.04583456367254257 40 200 40
0.0044790576212108135 -0.05860481411218643 0.046885255724191666 40 200 40
0.00431750388815999 -0.05585484951734543 0.048162151128053665 40 200 40
0.004165901802480221 -0.05330965295433998 0.050038088113069534 40 200 40
0.004148418549448252 -0.05128439515829086 0.05149882659316063 40 200 40
0.004194851964712143 -0.04878159612417221 0.053022898733615875 40 200 40
0.003980038687586784 -0.045632828027009964 0.05339794233441353 40 200 40
0.0038505347911268473 -0.04272640869021416 0.053068120032548904 40 200 40
0.00352967856451869 -0.04019859433174133 0.05152301490306854 40 200 40
0.010633707046508789 -0.06496156007051468 0.044409167021512985 40 200 40
0.009218849241733551 -0.05803759768605232 0.04627323895692825 40 200 40
0.008817392401397228 -0.05527278780937195 0.047720540314912796 40 200 40
0.008506463840603828 -0.05285853147506714 0.04943670332431793 40 200 40
0.008340839296579361 -0.05072841793298721 0.05087209492921829 40 200 40
0.008462795056402683 -0.04823276400566101 0.052089933305978775 40 200 40
0.00819895975291729 -0.04503604397177696 0.05228158086538315 40 200 40
0.007955379784107208 -0.0421353243291378 0.0519939586520195 40 200 40
0.007137560285627842 -0.04001226648688316 0.05071142688393593 40 200 40
0.013269035145640373 -0.03991614654660225 0.04752223193645477 40 200 40
0.014116805046796799 -0.04084233194589615 0.04820787161588669 40 200 40
0.014785015024244785 -0.04287830367684364 0.04851386696100235 40 200 40
0.015484722331166267 -0.04544248431921005 0.048470839858055115 40 200 40
0.015796683728694916 -0.0480104424059391 0.04809502884745598 40 200 40
0.016290245577692986 -0.05033550783991814 0.046846531331539154 40 200 40
0.017601143568754196 -0.0016278789844363928 0.047741398215293884 40 200 40
0.015808194875717163 -0.06347430497407913 0.04250333458185196 40 200 40
0.01385772880166769 -0.05673372745513916 0.04528478905558586 40 200 40
0.013202854432165623 -0.05417438596487045 0.04677904397249222 40 200 40
0.012732521630823612 -0.0519116185605526 0.048290740698575974 40 200 40
0.012401116080582142 -0.049597352743148804 0.04973842203617096 40 200 40
0.012420428916811943 -0.04702558368444443 0.05048440396785736 40 200 40
0.011904033832252026 -0.043957505375146866 0.05050148814916611 40 200 40
0.011551001109182835 -0.04140539467334747 0.05016515776515007 40 200 40
0.010524313896894455 -0.039898306131362915 0.049316421151161194 40 200 40
0.020914582535624504 -0.030105698853731155 0.04888881370425224 40 200 40
0.016845818608999252 -0.00937476847320795 0.04993588849902153 40 200 40
0.0033043085131794214 -0.02469092421233654 0.05703195929527283 40 200 40
0.01649189367890358 -0.010220715776085854 0.05580698698759079 40 200 40
0.07029417157173157 -0.01241300255060196 -0.024435754865407944 125 45 45
0.01616656221449375 -0.025716079398989677 0.05072898045182228 40 200 40
0.013680070638656616 -0.015471728518605232 0.05357282981276512 40 200 40
0.016767410561442375 -0.00780057767406106 0.054220050573349 40 200 40
0.013063905760645866 0.0008572354563511908 0.055344775319099426 40 200 40
0.004809954669326544 0.008679360151290894 0.06541379541158676 40 200 40
0.013536385260522366 -0.0023597984109073877 0.0576479509472847 40 200 40
0.004868244752287865 0.004790914244949818 0.06803525239229202 40 200 40
0.015049688518047333 -0.0015428320039063692 0.051906440407037735 40 200 40
0.015481444075703621 0.0014472780749201775 0.05021721124649048 40 200 40
0.018288692459464073 -0.04079146310687065 0.04263010993599892 40 200 40
0.01870650425553322 -0.04062964394688606 0.04377710819244385 40 200 40
0.006427711341530085 -0.019775662571191788 0.056237898766994476 40 200 40
0.013030053116381168 -0.01690738834440708 0.05158056691288948 40 200 40
0.01980070397257805 -0.021888094022870064 0.04734675958752632 40 200 40
0.023206615820527077 -0.018042566254734993 0.04546394944190979 40 200 40
0.026631351560354233 -0.013761110603809357 0.045024313032627106 40 200 40
0.016242751851677895 -0.014005044475197792 0.049042437225580215 40 200 40
0.017580989748239517 -0.009195457212626934 0.0477626770734787 40 200 40
0.019889285787940025 -0.00544405123218894 0.046194788068532944 40 200 40
0.016280997544527054 -0.006004514172673225 0.05176500603556633 40 200 40
0.015276150777935982 -0.004112888593226671 0.054394979029893875 40 200 40
0.02178332768380642 -0.0014139926061034203 0.045172810554504395 40 200 40
0.023121368139982224 0.0026951737236231565 0.04387129098176956 40 200 40
0.02380390837788582 0.0067485300824046135 0.042257655411958694 40 200 40
0.029894927516579628 -0.008798742666840553 0.044115033000707626 40 200 40
0.032384242862463 -0.003117469372227788 0.04231562837958336 40 200 40
0.032829347997903824 0.0030031916685402393 0.04027986526489258 40 200 40
0.0030789095908403397 -0.021287254989147186 0.05788356438279152 40 200 40
0.0025804948527365923 -0.018692277371883392 0.05956057459115982 40 200 40
0.01696196384727955 -0.009433484636247158 0.05262668430805206 40 200 40
0.04352930188179016 0.03660641610622406 0.040441833436489105 255 170 0
0.036478061228990555 0.043864551931619644 0.0452909991145134 255 170 0
0.029543504118919373 0.043877292424440384 0.047559645026922226 40 200 40
0.022455425933003426 0.04357641935348511 0.049605969339609146 40 200 40
0.05830851569771767 0.07103540003299713 0.01244269497692585 125 45 45
0.04834618791937828 0.0530274473130703 0.033955883234739304 125 45 45
0.04580019786953926 0.04762515798211098 0.038898125290870667 255 170 0
0.042670659720897675 0.042627863585948944 0.04219697043299675 255 170 0
0.017020611092448235 -0.05249563977122307 0.04543822631239891 40 200 40
0.018067574128508568 -0.054792411625385284 0.043953172862529755 40 200 40
0.019278842955827713 -0.057442642748355865 0.04238813370466232 40 200 40
0.014696228317916393 -0.05972046032547951 0.04390271008014679 40 200 40
0.020716257393360138 -0.06085900962352753 0.040545132011175156 40 200 40
0.02259901538491249 -0.06526189297437668 0.03846476972103119 40 200 40
0.017364108934998512 -0.06821396946907043 0.04099854826927185 40 200 40
0.011964665725827217 -0.07013217359781265 0.04353905841708183 40 200 40
0.006174968555569649 -0.07119143754243851 0.045470673590898514 40 200 40
0.00968296267092228 -0.06121695786714554 0.04521803557872772 40 200 40
0.004726771265268326 -0.06161254644393921 0.04616941511631012 40 200 40
0.006266909185796976 0.034491151571273804 0.05099297687411308 40 200 40
0.014923888258635998 0.0420946441590786 0.050956252962350845 40 200 40
0.016411449760198593 0.050021056085824966 0.05140136182308197 40 200 40
0.02344447933137417 0.0878094956278801 0.03428236022591591 40 200 40
0.055778276175260544 0.012359622865915298 0.024007225409150124 125 45 45
0.05295942723751068 -0.003083616029471159 0.030441582202911377 125 45 45
0.05650234967470169 0.01827261783182621 0.02160140872001648 125 45 45
0.04440497234463692 0.01993199996650219 0.03258812800049782 255 170 0
0.01729181967675686 0.026955466717481613 0.03970298916101456 40 200 40
0.016090694814920425 0.0243883915245533 0.0396292582154274 40 200 40
0.009341605938971043 0.027835793793201447 0.047236792743206024 40 200 40
0.005295790731906891 0.02953755296766758 0.05209312215447426 40 200 40
0.008326156064867973 0.014268273487687111 0.057372767478227615 40 200 40
0.008738706819713116 -0.0008938548853620887 0.06753107905387878 40 200 40
0.00852517131716013 0.0027791408356279135 0.06507515907287598 40 200 40
0.008225882425904274 0.010352668352425098 0.05986631289124489 40 200 40
0.008333797566592693 0.006501398049294949 0.062471069395542145 40 200 40
0.008174999617040157 0.02254015952348709 0.05130024254322052 40 200 40
0.008313088677823544 0.018297865986824036 0.05447600036859512 40 200 40
0.011110469698905945 0.011169956997036934 0.05410422384738922 40 200 40
0.010856457985937595 0.007402157876640558 0.05654319375753403 40 200 40
0.010972507297992706 0.018336908891797066 0.048491183668375015 40 200 40
0.011196354404091835 0.014925074763596058 0.05157691240310669 40 200 40
0.008776278235018253 -0.004783263895660639 0.06944157183170319 40 200 40
0.011491093784570694 -0.005795683711767197 0.06548028439283371 40 200 40
0.010392668657004833 -0.008710547350347042 0.06651762127876282 40 200 40
0.06138944253325462 0.016206281259655952 0.01686813496053219 125 45 45
0.07102762162685394 -0.0025375578552484512 -0.024301789700984955 125 45 45
0.04969852790236473 0.012078375555574894 0.029483066871762276 125 45 45
0.04627641662955284 0.009596684016287327 0.03264850005507469 255 170 0
0.04206368327140808 0.008217290043830872 0.035421907901763916 255 170 0
0.03730617091059685 0.007706429343670607 0.03743191063404083 255 170 0
0.03260066732764244 0.008136117830872536 0.038842927664518356 40 200 40
0.028156783431768417 0.009306560270488262 0.03989642113447189 40 200 40
0.02423986978828907 0.010696666315197945 0.04074535146355629 40 200 40
0.02089659497141838 0.01246881578117609 0.0415954515337944 40 200 40
0.017858430743217468 0.014602350071072578 0.04250398278236389 40 200 40
0.014697282575070858 0.017355255782604218 0.0438121035695076 40 200 40
0.005016678478568792 0.02117062732577324 0.05720962956547737 40 200 40
0.051550690084695816 0.015696197748184204 0.026570672169327736 125 45 45
0.053922977298498154 0.007204547990113497 0.02769079990684986 125 45 45
0.059289172291755676 -0.0004704112943727523 0.023157712072134018 125 45 45
0.053449276834726334 -0.06229853257536888 -0.00423424132168293 125 45 45
0.020684873685240746 -0.04082323610782623 0.040004365146160126 40 200 40
0.020949071273207664 -0.0408901572227478 0.04172706604003906 40 200 40
0.022312141954898834 -0.04093320667743683 0.04260227084159851 40 200 40
0.024011701345443726 -0.040746551007032394 0.04303693398833275 40 200 40
0.025300683453679085 -0.04043697938323021 0.04331385716795921 40 200 40
0.02678861655294895 -0.04004940763115883 0.04327499866485596 40 200 40
0.02854936569929123 -0.03937675431370735 0.0433012917637825 40 200 40
0.0308817308396101 -0.03838443383574486 0.042683929204940796 40 200 40
0.033916592597961426 -0.03690086677670479 0.041448380798101425 255 170 0
0.038362372666597366 -0.035594720393419266 0.03999955952167511 255 170 0
0.04215201362967491 -0.03333176672458649 0.03812180086970329 255 170 0
0.019513947889208794 -0.04090002551674843 0.04166077822446823 40 200 40
0.019876768812537193 -0.040828727185726166 0.042694613337516785 40 200 40
0.02093551494181156 -0.0414515919983387 0.043208129703998566 40 200 40
0.02216310240328312 -0.04216068983078003 0.04285961017012596 40 200 40
0.025350304320454597 -0.043779511004686356 0.04192477837204933 40 200 40
0.026855817064642906 -0.04448964074254036 0.041492316871881485 40 200 40
0.02947208099067211 -0.045372892171144485 0.04060763865709305 40 200 40
0.032751619815826416 -0.04591923579573631 0.039367884397506714 40 200 40
0.03661862388253212 -0.04594648629426956 0.037806253880262375 255 170 0
0.040869101881980896 -0.04562221094965935 0.03529791533946991 255 170 0
0.045965153723955154 -0.04469553008675575 0.031079057604074478 255 170 0
0.052634142339229584 0.02002197690308094 0.024738743901252747 125 45 45
0.04569751024246216 0.021458230912685394 0.031397901475429535 255 170 0
0.04599122703075409 0.02521032653748989 0.03250447288155556 255 170 0
0.05311889946460724 0.024488961324095726 0.02531159110367298 125 45 45
0.05657916143536568 0.024088876321911812 0.021737100556492805 125 45 45
0.007373314816504717 0.04152602702379227 0.05224860459566116 40 200 40
0.00814366340637207 0.050133831799030304 0.05243118107318878 40 200 40
0.008873010985553265 0.059221770614385605 0.05047731474041939 40 200 40
0.011740988120436668 0.0891754999756813 0.03684577718377113 40 200 40
0.018373114988207817 0.022609708830714226 0.03954411298036575 40 200 40
0.004864480812102556 0.02504263073205948 0.054790105670690536 40 200 40
0.00282681523822248 -0.015001486986875534 0.06753631681203842 40 200 40
0.004458694718778133 -0.013482443057000637 0.06630494445562363 40 200 40
0.004586680792272091 -0.01195462979376316 0.06558334827423096 40 200 40
0.0039803460240364075 -0.010589060373604298 0.06446852535009384 40 200 40
0.011227778159081936 0.021751970052719116 0.045184843242168427 40 200 40
0.027957571670413017 0.004715800751000643 0.04128659889101982 40 200 40
0.02728021889925003 -0.00009926795610226691 0.043041158467531204 40 200 40
0.025586633011698723 -0.004841368179768324 0.04447391629219055 40 200 40
0.023024797439575195 -0.009374682791531086 0.045367397367954254 40 200 40
0.020212693139910698 -0.013778199441730976 0.045835740864276886 40 200 40
0.017067084088921547 -0.017452046275138855 0.047432102262973785 40 200 40
0.013796606101095676 -0.020029526203870773 0.05040230229496956 40 200 40
0.010057661682367325 -0.020330660045146942 0.05332452803850174 40 200 40
0.007882130332291126 -0.016175897791981697 0.056831374764442444 40 200 40
0.00828470941632986 -0.014533210545778275 0.0565371960401535 40 200 40
0.008876867592334747 -0.010232551954686642 0.061924759298563004 40 200 40
0.011629627086222172 -0.0028401112649589777 0.06364034116268158 40 200 40
0.011138487607240677 0.0002450360625516623 0.06143445149064064 40 200 40
0.010867379605770111 0.0037479379680007696 0.05898835510015488 40 200 40
0.04257327318191528 -0.016009116545319557 0.03942576423287392 255 170 0
0.04525094851851463 -0.023829394951462746 0.037287164479494095 255 170 0
0.04648486152291298 -0.030589481815695763 0.035097189247608185 255 170 0
0.046531181782484055 -0.03743850439786911 0.03309394046664238 255 170 0
0.048912256956100464 -0.013717811554670334 0.03448347747325897 125 45 45
0.050015464425086975 -0.021470149978995323 0.033033423125743866 125 45 45
0.050671570003032684 -0.028204340487718582 0.03096604347229004 125 45 45
0.05492699518799782 -0.020387502387166023 0.027704473584890366 125 45 45
0.054431505501270294 -0.012148183770477772 0.028906038030982018 125 45 45
0.05968692526221275 -0.011712857522070408 0.022336909547448158 125 45 45
0.059238240122795105 -0.02024458535015583 0.02154276892542839 125 45 45
0.061016734689474106 -0.029010292142629623 0.014914088882505894 125 45 45
0.05936802551150322 -0.039601001888513565 0.011414679698646069 125 45 45
0.07393907010555267 0.02383374609053135 -0.02207982912659645 125 45 45
0.0629810318350792 0.030205698683857918 0.013781649060547352 125 45 45
0.06497669219970703 0.022090204060077667 0.010889728553593159 125 45 45
0.05831088498234749 -0.026979615911841393 0.020958269014954567 125 45 45
0.050899408757686615 -0.048651162534952164 0.02229870669543743 125 45 45
0.051087889820337296 -0.041845135390758514 0.02569708041846752 125 45 45
0.051127225160598755 -0.03543965145945549 0.028529783710837364 125 45 45
0.0554492324590683 -0.038654327392578125 0.019992513582110405 125 45 45
0.05507941171526909 -0.03327586501836777 0.0241688285022974 125 45 45
0.058651264756917953 -0.03446599468588829 0.017236674204468727 125 45 45
0.0549984872341156 -0.027093131095170975 0.02583785355091095 125 45 45
0.057529013603925705 -0.031574975699186325 0.020782988518476486 125 45 45
0.002162887714803219 -0.017248401418328285 0.061915457248687744 40 200 40
0.0038373731076717377 -0.016175106167793274 0.061264414340257645 40 200 40
0.005093630403280258 -0.014687181450426579 0.06043986976146698 40 200 40
0.005275962874293327 -0.013110104948282242 0.05955128371715546 40 200 40
-0.06776870042085648 -0.029569732025265694 -0.024212965741753578 0 90 255
-0.0648539811372757 -0.041144341230392456 -0.021412570029497147 0 90 255
0.047025591135025024 -0.06852498650550842 0.004051905125379562 255 170 0
0.040386270731687546 -0.07332942634820938 0.011035379022359848 255 170 0
0.03307252749800682 -0.07778269797563553 0.0172928087413311 40 200 40
0.026979388669133186 -0.08142712712287903 0.02274581789970398 40 200 40
0.02188754826784134 -0.08383866399526596 0.02716502919793129 40 200 40
0.018141094595193863 -0.08540262281894684 0.029804805293679237 40 200 40
0.013685960322618484 -0.08666668087244034 0.03212346136569977 40 200 40
0.007275340612977743 -0.08789385855197906 0.033943790942430496 40 200 40
-0.0071224248968064785 -0.08789762854576111 0.03394844010472298 40 200 40
-0.013529582880437374 -0.08667413890361786 0.032130833715200424 40 200 40
-0.01798163913190365 -0.08540903776884079 0.029810434207320213 40 200 40
-0.02172665484249592 -0.08384399861097336 0.027167275547981262 40 200 40
-0.02681957185268402 -0.0814293622970581 0.02274075336754322 40 200 40
-0.03292238712310791 -0.07777195423841476 0.017274726182222366 40 200 40
-0.04024851694703102 -0.07329924404621124 0.011011207476258278 0 180 200
-0.046904467046260834 -0.06848064064979553 0.004025434143841267 0 180 200
-0.028967533260583878 -0.07676385343074799 0.02676413580775261 40 200 40
-0.035207610577344894 -0.07264795154333115 0.022046120837330818 0 180 200
-0.0424044243991375 -0.06801234185695648 0.01684429869055748 0 180 200
-0.04925363138318062 -0.06279250234365463 0.01061502005904913 0 90 255
-0.055399131029844284 -0.05557877942919731 0.003663199720904231 0 90 255
-0.06068140268325806 -0.04855918139219284 -0.004146902821958065 0 90 255
-0.06488463282585144 -0.039165131747722626 -0.010150819085538387 0 90 255
-0.06782643496990204 -0.028968004509806633 -0.013669495470821857 0 90 255
-0.06943650543689728 -0.020748859271407127 -0.015844494104385376 0 90 255
-0.07092388719320297 -0.010252214968204498 -0.01641169562935829 0 90 255
-0.04363899677991867 -0.06043587997555733 0.022708771750330925 0 180 200
-0.05012768507003784 -0.05539126694202423 0.017379002645611763 0 90 255
-0.05626765638589859 -0.04991639032959938 0.010719463229179382 0 90 255
-0.06080172210931778 -0.04337375983595848 0.004145806655287743 0 90 255
-0.0642676129937172 -0.03577021136879921 -0.00012047356722177938 0 90 255
-0.06682883203029633 -0.02750704623758793 -0.00279432930983603 0 90 255
-0.0686442106962204 -0.01861933059990406 -0.004231264814734459 0 90 255
-0.06988511234521866 -0.008765394799411297 -0.004471690393984318 0 90 255
-0.07095535844564438 0.0008638082072138786 -0.00568192545324564 0 90 255
0.06959284096956253 0.043931182473897934 -0.0019729703199118376 125 45 45
0.07159962505102158 0.033801838755607605 -0.0073012071661651134 125 45 45
0.07270031422376633 0.023124802857637405 -0.012731357477605343 125 45 45
0.01930323988199234 -0.08235669136047363 0.033656176179647446 40 200 40
-0.07271648943424225 0.023200541734695435 -0.012672657147049904 0 90 255
-0.07162244617938995 0.03387971967458725 -0.007235474418848753 0 90 255
-0.0696195587515831 0.044010523706674576 -0.0019017946906387806 0 90 255
-0.0663517415523529 0.05248375982046127 0.004596666898578405 0 90 255
-0.062377557158470154 0.05958954617381096 0.010760581120848656 0 90 255
-0.05608661472797394 0.06656362861394882 0.018409231677651405 0 90 255
-0.04933343827724457 0.07146092504262924 0.024681439623236656 0 90 255
-0.04129857197403908 0.07541345804929733 0.03066183812916279 0 180 200
-0.032249707728624344 0.07837660610675812 0.03584207594394684 40 200 40
-0.021984493359923363 0.08016997575759888 0.03958917036652565 40 200 40
-0.0110101867467165 0.08066748827695847 0.0418529137969017 40 200 40
-0.000004363513198768487 0.08051823824644089 0.04283474013209343 40 200 40
0.011002114042639732 0.08064226061105728 0.04182615876197815 40 200 40
0.021974608302116394 0.08012105524539948 0.039540328085422516 40 200 40
0.032236725091934204 0.07831087708473206 0.03577879071235657 40 200 40
0.04127898067235947 0.07533557713031769 0.030587732791900635 255 170 0
0.04930844530463219 0.07137814909219742 0.024600939825177193 125 45 45
0.05605850741267204 0.0664803683757782 0.01832769438624382 125 45 45
0.06234823912382126 0.059507377445697784 0.010681395418941975 125 45 45
0.06632295250892639 0.05240343511104584 0.004520452115684748 125 45 45
0.07260806113481522 0.01094853039830923 -0.015477551147341728 125 45 45
0.07194298505783081 0.010544163174927235 -0.025447053834795952 125 45 45
-0.07169349491596222 -0.00038702518213540316 -0.01618582382798195 0 90 255
-0.07261674851179123 0.011020809412002563 -0.015423808246850967 0 90 255
0.035252101719379425 -0.06100226193666458 0.031370531767606735 255 170 0
0.029172571375966072 -0.06581144779920578 0.03364580497145653 40 200 40
0.023931240662932396 -0.06981195509433746 0.0363260954618454 40 200 40
0.018802085891366005 -0.07328439503908157 0.03933291137218475 40 200 40
0.013127668760716915 -0.07570455968379974 0.04201464727520943 40 200 40
0.006780956406146288 -0.07696971297264099 0.04388643428683281 40 200 40
0.000044137643271824345 -0.07724787294864655 0.04446135833859444 40 200 40
-0.0066888160072267056 -0.07697266340255737 0.043885864317417145 40 200 40
-0.013027705252170563 -0.07570577412843704 0.042003221809864044 40 200 40
-0.01869855262339115 -0.0732770785689354 0.03930547833442688 40 200 40
-0.023830978199839592 -0.06978758424520493 0.03627808392047882 40 200 40
-0.029082903638482094 -0.06576023250818253 0.03356826677918434 40 200 40
-0.03518098220229149 -0.06093127280473709 0.031274568289518356 0 180 200
0.013808331452310085 -0.08071830123662949 0.0394514799118042 40 200 40
0.007264487911015749 -0.08208777010440826 0.04111044108867645 40 200 40
-0.0071375928819179535 -0.08209270983934402 0.041115615516901016 40 200 40
-0.013677529990673065 -0.08072404563426971 0.03945397585630417 40 200 40
-0.019439296796917915 -0.07821421325206757 0.03696105256676674 40 200 40
-0.024343637749552727 -0.07496269047260284 0.034056998789310455 40 200 40
-0.029695717617869377 -0.07105500251054764 0.03056202083826065 40 200 40
-0.035965971648693085 -0.06640943139791489 0.02699057199060917 0 180 200
0.03534829989075661 -0.07267661392688751 0.022075217217206955 255 170 0
0.02911745198071003 -0.07677623629570007 0.026780489832162857 40 200 40
0.02398003451526165 -0.07997801899909973 0.030669592320919037 40 200 40
0.013770394027233124 -0.0843343734741211 0.03608723357319832 40 200 40
0.007299326825886965 -0.08544707298278809 0.037823162972927094 40 200 40
-0.007155736442655325 -0.0854523554444313 0.03782939910888672 40 200 40
-0.013622012920677662 -0.08434083312749863 0.03609544783830643 40 200 40
-0.01915089227259159 -0.0823594480752945 0.0336589440703392 40 200 40
-0.023824620991945267 -0.07997612655162811 0.030665932223200798 40 200 40
0.07169695943593979 -0.0004515030304901302 -0.0162345077842474 125 45 45
0.07095463573932648 -0.010308338329195976 -0.01643959991633892 125 45 45
0.06949444115161896 -0.02081858366727829 -0.01586724817752838 125 45 45
0.0678972601890564 -0.029040779918432236 -0.013689873740077019 125 45 45
0.06496202945709229 -0.03923667222261429 -0.010157905519008636 125 45 45
0.060759760439395905 -0.04862270876765251 -0.004132528323680162 125 45 45
0.05547920987010002 -0.05564161017537117 0.0036966856569051743 125 45 45
0.04935866966843605 -0.06284792721271515 0.01065156701952219 125 45 45
0.04253077134490013 -0.06805943697690964 0.016881193965673447 255 170 0
0.0698893740773201 -0.008829756639897823 -0.004517898894846439 125 45 45
0.0709555596113205 0.0008000211673788726 -0.005735645070672035 125 45 45
0.07101219892501831 0.012615414336323738 -0.004550839774310589 125 45 45
0.07072636485099792 0.022055843845009804 -0.0029608733020722866 125 45 45
0.06937716156244278 0.03188842162489891 -0.00016082490037661046 125 45 45
0.0666346475481987 0.04025334492325783 0.005397374741733074 125 45 45
0.06369505822658539 0.04998250678181648 0.010646602138876915 125 45 45
0.058882709592580795 0.05633249506354332 0.017940275371074677 125 45 45
0.053431227803230286 0.06190750375390053 0.023840738460421562 125 45 45
0.04664952680468559 0.06616460531949997 0.029673896729946136 255 170 0
0.03876785561442375 0.06931045651435852 0.035320430994033813 255 170 0
0.03018668107688427 0.07187970727682114 0.03974555805325508 40 200 40
0.02041587419807911 0.07290323078632355 0.04316895455121994 40 200 40
0.010137404315173626 0.07294347137212753 0.045119963586330414 40 200 40
-0.000004841559075430268 0.07266181707382202 0.04589405283331871 40 200 40
-0.07102591544389725 0.012685089372098446 -0.004487748257815838 0 90 255
0.06279800087213516 -0.0319814532995224 0.008064093999564648 125 45 45
0.06494217365980148 -0.02434997633099556 0.0060083880089223385 125 45 45
0.06668230891227722 -0.015870476141572 0.004888171795755625 125 45 45
0.06787335872650146 -0.006867359392344952 0.0039506712928414345 125 45 45
0.06864302605390549 0.002907863352447748 0.0033839743118733168 125 45 45
0.06879991292953491 0.012344994582235813 0.0038131296169012785 125 45 45
0.06780622154474258 0.022155633196234703 0.004764280281960964 125 45 45
0.06605952978134155 0.030713777989149094 0.007815578952431679 125 45 45
0.06363740563392639 0.039633892476558685 0.012007721699774265 125 45 45
0.06043364480137825 0.046370331197977066 0.01757887378334999 125 45 45
0.056257765740156174 0.05268573388457298 0.02332298830151558 125 45 45
0.05067538842558861 0.057166118174791336 0.029267825186252594 125 45 45
0.0439314991235733 0.06083022803068161 0.034548815339803696 255 170 0
0.036358870565891266 0.0632268413901329 0.039610106498003006 255 170 0
0.028204800561070442 0.06494920700788498 0.04355248808860779 40 200 40
0.019027916714549065 0.0654335767030716 0.046584006398916245 40 200 40
0.009421851485967636 0.06512632220983505 0.0482366643846035 40 200 40
-0.000005451812285173219 0.0647253766655922 0.04874631017446518 40 200 40
0.0625590905547142 -0.021942278370261192 0.014115453697741032 125 45 45
0.06392350792884827 -0.013456670567393303 0.01380777359008789 125 45 45
0.0649213120341301 -0.003961740992963314 0.013035099022090435 125 45 45
0.06547465175390244 0.005229317117482424 0.011531287804245949 125 45 45
0.06570309400558472 0.013805029913783073 0.010172496549785137 125 45 45
0.00007649589679203928 -0.0883941724896431 0.03461391478776932 40 200 40
0.00007206275768112391 -0.08601971715688705 0.038303714245557785 40 200 40
0.00006321643741102889 -0.0827128142118454 0.04162263870239258 40 200 40
0.01957465335726738 -0.07821603119373322 0.036969464272260666 40 200 40
0.024477660655975342 -0.07497519254684448 0.03408128023147583 40 200 40
0.029819434508681297 -0.07108791172504425 0.03060907870531082 40 200 40
0.036075446754693985 -0.06646311283111572 0.027052611112594604 255 170 0
0.043715983629226685 -0.06050461158156395 0.02277499809861183 255 170 0
0.050180695950984955 -0.05546620488166809 0.01743980497121811 125 45 45
0.05631618946790695 -0.049989741295576096 0.010769852437078953 125 45 45
0.06084652617573738 -0.043442074209451675 0.004169344436377287 125 45 45
0.06430799514055252 -0.03583703562617302 -0.00011745840311050415 125 45 45
0.06686145067214966 -0.027572572231292725 -0.0028112949803471565 125 45 45
0.06866461783647537 -0.01868395321071148 -0.004266742616891861 125 45 45
0.0259808711707592 0.022519417107105255 0.04035685583949089 40 200 40
0.029438026249408722 0.0217832550406456 0.04090142622590065 40 200 40
0.03330957889556885 0.021598439663648605 0.04066438227891922 40 200 40
0.036937326192855835 0.021940510720014572 0.03975429758429527 255 170 0
0.039850927889347076 0.022593216970562935 0.038429491221904755 255 170 0
0.04212842509150505 0.023246444761753082 0.03678758069872856 255 170 0
0.04304264113306999 0.023651933297514915 0.03595680370926857 255 170 0
0.04371565952897072 0.023966509848833084 0.035248223692178726 255 170 0
0.0442824512720108 0.02447003312408924 0.03477939963340759 255 170 0
0.04331565648317337 0.024658216163516045 0.035862598568201065 255 170 0
0.04234987869858742 0.024886472150683403 0.036920782178640366 255 170 0
0.04121018946170807 0.025135667994618416 0.03787534311413765 255 170 0
0.039139796048402786 0.025614002719521523 0.039238978177309036 255 170 0
0.036255620419979095 0.026077767834067345 0.040764838457107544 255 170 0
0.03317204490303993 0.026375385001301765 0.04179462790489197 40 200 40
0.02992934361100197 0.02674134261906147 0.04196546599268913 40 200 40
0.026939846575260162 0.026899447664618492 0.041477546095848083 40 200 40
0.02428380399942398 0.02685871161520481 0.041018541902303696 40 200 40
0.022123366594314575 0.026941748335957527 0.04019530862569809 40 200 40
0.019509151577949524 0.026186224073171616 0.03941446170210838 40 200 40
0.01728740520775318 0.024679213762283325 0.03792976215481758 40 200 40
0.01918845809996128 0.024456322193145752 0.03840649127960205 40 200 40
0.02104177325963974 0.02406926639378071 0.03891097381711006 40 200 40
0.02323242276906967 0.023358434438705444 0.03962830454111099 40 200 40
-0.025654297322034836 0.022533081471920013 0.04040983319282532 40 200 40
-0.023003417998552322 0.023388227447867393 0.039707839488983154 40 200 40
-0.02090911567211151 0.024117859080433846 0.03903285041451454 40 200 40
-0.01912412978708744 0.024516073986887932 0.038549043238162994 40 200 40
-0.017262740060687065 0.024748072028160095 0.038031745702028275 40 200 40
-0.01938812993466854 0.026256179437041283 0.039398230612277985 40 200 40
-0.02178177237510681 0.026990719139575958 0.040058087557554245 40 200 40
-0.02376541867852211 0.026897812262177467 0.040864381939172745 40 200 40
-0.02627640776336193 0.026950061321258545 0.04139547422528267 40 200 40
-0.029194017872214317 0.02684706822037697 0.0420377217233181 40 200 40
-0.032462429255247116 0.026551278308033943 0.042036961764097214 40 200 40
-0.0356232225894928 0.026285061612725258 0.04113367944955826 0 180 200
-0.03860843926668167 0.02581712417304516 0.03967032954096794 0 180 200
-0.04077130928635597 0.02532525546848774 0.038293395191431046 0 180 200
-0.04197072237730026 0.025064654648303986 0.03732029348611832 0 180 200
-0.042997147887945175 0.024827780202031136 0.03624587133526802 0 180 200
-0.04400258883833885 0.02463570423424244 0.0351685956120491 0 180 200
-0.0434127114713192 0.024134380742907524 0.03562569245696068 0 180 200
-0.042698316276073456 0.023825617507100105 0.03633318841457367 0 180 200
-0.041758034378290176 0.023416932672262192 0.03715673089027405 0 180 200
-0.03944211080670357 0.02274410054087639 0.03875435143709183 0 180 200
-0.036504656076431274 0.022046200931072235 0.04001323878765106 0 180 200
-0.03286701813340187 0.02165280468761921 0.04084319248795509 40 200 40
-0.029030391946434975 0.021801989525556564 0.04098973050713539 40 200 40
0.04936609044671059 0.021630655974149704 0.027888676151633263 125 45 45
0.04828969016671181 0.018677150830626488 0.02887721173465252 125 45 45
0.04646420106291771 0.016402876004576683 0.03101193718612194 255 170 0
0.043609295040369034 0.014877335168421268 0.03333868086338043 255 170 0
0.04030027613043785 0.01442522369325161 0.035225607454776764 255 170 0
0.03657180443406105 0.014204666949808598 0.03679124265909195 255 170 0
0.03259538486599922 0.01440027728676796 0.03803518787026405 40 200 40
0.02859611250460148 0.014896539971232414 0.03892168775200844 40 200 40
0.025066137313842773 0.015785688534379005 0.039455313235521317 40 200 40
0.02194460667669773 0.016812754794955254 0.03976716101169586 40 200 40
0.019058050587773323 0.018127523362636566 0.04021749645471573 40 200 40
0.016534142196178436 0.019865857437253 0.04078499600291252 40 200 40
0.013409005478024483 0.023416666314005852 0.041037168353796005 40 200 40
0.013187175616621971 0.02789526805281639 0.04214524105191231 40 200 40
0.015937387943267822 0.031540755182504654 0.042627621442079544 40 200 40
0.021621936932206154 0.03289584442973137 0.04272747412323952 40 200 40
0.026002660393714905 0.03366546332836151 0.04334890469908714 40 200 40
0.03071390837430954 0.03406207635998726 0.04370846599340439 40 200 40
0.03577597066760063 0.033979348838329315 0.043029509484767914 255 170 0
0.0404033325612545 0.03335009887814522 0.04112187400460243 255 170 0
0.04420299828052521 0.0319596529006958 0.038222797214984894 255 170 0
0.04656996205449104 0.030057435855269432 0.03495959937572479 255 170 0
0.0480140820145607 0.027454808354377747 0.03188800439238548 255 170 0
0.04924778640270233 0.024598324671387672 0.028928710147738457 125 45 45
-0.047943972051143646 0.027567438781261444 0.032181330025196075 0 180 200
-0.04918613284826279 0.02471071667969227 0.029242951422929764 0 90 255
-0.049319226294755936 0.02174903079867363 0.028201328590512276 0 90 255
-0.04824939742684364 0.01880689151585102 0.029176101088523865 0 180 200
-0.04641103371977806 0.016535382717847824 0.03127823397517204 0 180 200
-0.04353611543774605 0.014999821782112122 0.033562589436769485 0 180 200
-0.040211524814367294 0.014534419402480125 0.0354200080037117 0 180 200
-0.036474891006946564 0.014292163774371147 0.036945704370737076 0 180 200
-0.03248974308371544 0.014464035630226135 0.038139406591653824 40 200 40
-0.02848595753312111 0.01493402011692524 0.038965024054050446 40 200 40
-0.024964166805148125 0.0158110149204731 0.03945554420351982 40 200 40
-0.021863074973225594 0.01683827117085457 0.03976133465766907 40 200 40
-0.019021229818463326 0.018158314749598503 0.04024043679237366 40 200 40
-0.01653336174786091 0.019903112202882767 0.04083617404103279 40 200 40
-0.013438258320093155 0.02346876822412014 0.04109659418463707 40 200 40
-0.013196809217333794 0.027954639866948128 0.042171165347099304 40 200 40
-0.01588566042482853 0.031603679060935974 0.04262053966522217 40 200 40
-0.021477658301591873 0.03295498341321945 0.04271255433559418 40 200 40
-0.025846095755696297 0.033737942576408386 0.043368153274059296 40 200 40
-0.030581168830394745 0.03415609896183014 0.043776046484708786 40 200 40
-0.03567966818809509 0.034087929874658585 0.043141935020685196 0 180 200
-0.04032686725258827 0.033467669039964676 0.041269782930612564 0 180 200
-0.044130031019449234 0.032080456614494324 0.03841347619891167 0 180 200
-0.04649898409843445 0.030175285413861275 0.03520017862319946 0 180 200
0.044620331376791 0.023169461637735367 0.03382236883044243 255 170 0
0.043919146060943604 0.02245277538895607 0.034470781683921814 255 170 0
0.04237380251288414 0.02192142978310585 0.03599221631884575 255 170 0
0.04011644050478935 0.021284140646457672 0.03767373785376549 255 170 0
0.03693779930472374 0.02073216252028942 0.03922264277935028 255 170 0
0.03305790573358536 0.020495682954788208 0.04021434113383293 40 200 40
0.02933712676167488 0.02063615620136261 0.040505412966012955 40 200 40
0.02589312382042408 0.021388011053204536 0.04016093537211418 40 200 40
0.023098232224583626 0.022322703152894974 0.039707623422145844 40 200 40
0.020714882761240005 0.02314957045018673 0.039358604699373245 40 200 40
0.018827136605978012 0.023853957653045654 0.03921321779489517 40 200 40
0.016870291903614998 0.024524619802832603 0.03913851082324982 40 200 40
0.018414843827486038 0.02656296268105507 0.040024060755968094 40 200 40
0.02096405252814293 0.027694018557667732 0.04054136201739311 40 200 40
0.0232697781175375 0.02831612527370453 0.04124955087900162 40 200 40
0.026515820994973183 0.028427181765437126 0.041963230818510056 40 200 40
0.029638580977916718 0.02812386117875576 0.04227971285581589 40 200 40
0.033049341291189194 0.027902137488126755 0.04197617992758751 40 200 40
0.03647012263536453 0.02779367007315159 0.04095805063843727 255 170 0
0.03988910838961601 0.027482949197292328 0.039324019104242325 255 170 0
0.042119450867176056 0.026706989854574203 0.0375608429312706 255 170 0
0.043636810034513474 0.025920720770955086 0.035946108400821686 255 170 0
0.044713545590639114 0.0252371858805418 0.03445464372634888 255 170 0
0.04507609084248543 0.024170391261577606 0.033510878682136536 255 170 0
-0.04489937797188759 0.02431771345436573 0.03383578360080719 0 180 200
-0.044522371143102646 0.025389136746525764 0.03477895259857178 0 180 200
-0.043391384184360504 0.02608441933989525 0.03627776727080345 0 180 200
-0.041820164769887924 0.02688576467335224 0.03789312019944191 0 180 200
-0.03953871876001358 0.027674289420247078 0.03964768350124359 0 180 200
-0.036028292030096054 0.027977364137768745 0.04123462364077568 0 180 200
-0.03251288831233978 0.02805345132946968 0.04216158390045166 40 200 40
-0.029063038527965546 0.02821587398648262 0.042334187775850296 40 200 40
-0.025999732315540314 0.028466476127505302 0.04189666360616684 40 200 40
-0.02285657823085785 0.028346005827188492 0.04111975058913231 40 200 40
-0.020690813660621643 0.027743587270379066 0.040432773530483246 40 200 40
-0.01831364631652832 0.026635993272066116 0.0400136262178421 40 200 40
-0.016849879175424576 0.024592146277427673 0.03922745957970619 40 200 40
-0.018768399953842163 0.023905660957098007 0.03934795409440994 40 200 40
-0.020586026832461357 0.02318858541548252 0.03946405649185181 40 200 40
-0.022877508774399757 0.022342316806316376 0.03976549208164215 40 200 40
-0.025586450472474098 0.021393686532974243 0.04019515961408615 40 200 40
-0.028964253142476082 0.020651623606681824 0.04057895764708519 40 200 40
-0.032653357833623886 0.02054695598781109 0.040369775146245956 40 200 40
-0.036543600261211395 0.020834028720855713 0.039454445242881775 0 180 200
-0.03975565358996391 0.02142966352403164 0.037963129580020905 0 180 200
-0.04206259548664093 0.022085245698690414 0.03631636127829552 0 180 200
-0.043678369373083115 0.022610856220126152 0.034801267087459564 0 180 200
-0.04441278800368309 0.023322012275457382 0.03415210545063019 0 180 200
-0.009552881121635437 -0.013567682355642319 0.055711619555950165 40 200 40
0.009388995356857777 -0.013608355075120926 0.05577490106225014 40 200 40
0.021913709118962288 -0.043968867510557175 0.04350525885820389 40 200 40
0.020384643226861954 -0.045251697301864624 0.044859837740659714 40 200 40
0.023714937269687653 -0.04299765080213547 0.042412400245666504 40 200 40
-0.023948632180690765 -0.04282034561038017 0.04219115525484085 40 200 40
-0.022142546251416206 -0.043838076293468475 0.04329145327210426 40 200 40
-0.020603766664862633 -0.045161083340644836 0.04466360807418823 40 200 40
0.06925446540117264 -0.02197713777422905 -0.025133555755019188 125 45 45
0.06782419979572296 -0.029667498543858528 -0.02423860877752304 125 45 45
0.06493154913187027 -0.041228748857975006 -0.021436361595988274 125 45 45
0.05911549925804138 -0.05432942509651184 -0.012932371348142624 125 45 45
0.017481788992881775 -0.04061676189303398 0.045147161930799484 40 200 40
-0.017734134569764137 -0.04050996154546738 0.04495084658265114 40 200 40
-0.01869821920990944 -0.0417122021317482 0.045168932527303696 40 200 40
3 1201 44 45
3 1200 1201 45
3 1200 45 42
3 1199 1200 42
3 1197 40 47
3 1196 1197 47
3 1196 47 48
3 1195 1196 48
3 1188 1189 52
3 51 1188 52
3 1185 53 55
3 1184 1185 55
3 1184 55 56
3 1183 1184 56
3 0 83 90
3 1 0 90
3 85 84 100
3 99 85 100
3 84 101 102
3 100 84 102
3 58 112 191
3 109 58 191
3 260 30 29
3 261 260 29
3 134 146 145
3 133 134 145
3 133 145 138
3 144 133 138
3 148 64 65
3 147 148 65
3 13 158 157
3 12 13 157
3 52 1189 1190
3 169 52 1190
3 172 173 409
3 408 172 409
3 173 174 410
3 409 173 410
3 174 175 411
3 410 174 411
3 411 175 176
3 412 411 176
3 148 180 181
3 64 148 181
3 402 401 181
3 180 402 181
3 64 181 182
3 63 64 182
3 401 400 182
3 181 401 182
3 400 399 183
3 182 400 183
3 182 183 62
3 63 182 62
3 399 398 184
3 183 399 184
3 398 397 185
3 184 398 185
3 30 260 259
3 31 30 259
3 118 110 115
3 119 118 115
3 119 116 123
3 1212 119 123
3 111 109 191
3 192 111 191
3 110 111 192
3 115 110 192
3 119 115 194
3 116 119 194
3 115 192 195
3 194 115 195
3 192 191 193
3 195 192 193
3 269 260 261
3 270 269 261
3 116 280 279
3 123 116 279
3 165 164 198
3 201 165 198
3 199 198 197
3 162 199 197
3 198 199 200
3 201 198 200
3 132 165 201
3 166 132 201
3 6 126 428
3 37 6 428
3 126 125 429
3 428 126 429
3 125 71 430
3 429 125 430
3 71 72 431
3 430 71 431
3 101 184 185
3 102 101 185
3 101 84 291
3 62 101 291
3 184 101 62
3 183 184 62
3 64 63 205
3 65 64 205
3 199 228 227
3 200 199 227
3 199 162 229
3 228 199 229
3 230 210 209
3 231 230 209
3 23 22 237
3 93 23 237
3 97 95 238
3 239 97 238
3 97 239 240
3 105 97 240
3 105 240 241
3 106 105 241
3 106 241 242
3 103 106 242
3 103 242 243
3 187 103 243
3 187 243 395
3 394 187 395
3 121 246 277
3 276 121 277
3 289 288 272
3 273 289 272
3 273 272 263
3 264 273 263
3 26 264 263
3 27 26 263
3 25 265 264
3 26 25 264
3 274 273 264
3 265 274 264
3 290 289 273
3 274 290 273
3 275 247 121
3 276 275 121
3 1218 121 247
3 248 1218 247
3 106 252 253
3 105 106 253
3 105 253 254
3 97 105 254
3 254 255 95
3 97 254 95
3 24 23 93
3 256 24 93
3 275 276 289
3 290 275 289
3 276 277 288
3 289 276 288
3 280 285 286
3 279 280 286
3 113 112 58
3 59 113 58
3 80 142 203
3 67 80 203
3 56 55 1156
3 1133 56 1156
3 55 53 1155
3 1156 55 1155
3 51 52 1151
3 1152 51 1151
3 1151 207 161
3 1152 1151 161
3 52 169 1150
3 1151 52 1150
3 1150 170 207
3 1151 1150 207
3 48 47 1144
3 1145 48 1144
3 47 40 1143
3 1144 47 1143
3 42 45 1140
3 1141 42 1140
3 45 44 1139
3 1140 45 1139
3 140 143 298
3 294 140 298
3 143 140 141
3 137 143 141
3 156 9 10
3 302 156 10
3 144 135 160
3 133 144 160
3 133 160 49
3 134 133 49
3 63 62 291
3 205 63 291
3 84 85 296
3 291 84 296
3 70 89 98
3 91 70 98
3 142 140 294
3 203 142 294
3 83 70 91
3 90 83 91
3 238 95 93
3 237 238 93
3 95 255 256
3 93 95 256
3 305 306 1218
3 248 305 1218
3 189 244 406
3 405 189 406
3 404 249 189
3 405 404 189
3 394 393 250
3 187 394 250
3 187 250 251
3 103 187 251
3 103 251 252
3 106 103 252
3 22 21 92
3 237 22 92
3 1 90 92
3 21 1 92
3 237 92 94
3 238 237 94
3 90 91 94
3 92 90 94
3 238 94 96
3 239 238 96
3 91 98 96
3 94 91 96
3 239 96 108
3 240 239 108
3 98 89 85
3 99 98 85
3 108 96 98
3 99 108 98
3 240 108 107
3 241 240 107
3 108 99 100
3 107 108 100
3 241 107 104
3 242 241 104
3 107 100 102
3 104 107 102
3 104 102 185
3 186 104 185
3 242 104 186
3 243 242 186
3 243 186 396
3 395 243 396
3 186 185 397
3 396 186 397
3 244 190 407
3 406 244 407
3 306 245 1219
3 1218 306 1219
3 122 120 1212
3 123 122 1212
3 121 1218 1219
3 246 121 1219
3 246 122 278
3 277 246 278
3 122 123 279
3 278 122 279
3 277 278 287
3 288 277 287
3 278 279 286
3 287 278 286
3 286 285 269
3 270 286 269
3 288 287 271
3 272 288 271
3 287 286 270
3 271 287 270
3 272 271 262
3 263 272 262
3 270 261 262
3 271 270 262
3 263 262 28
3 27 263 28
3 262 261 29
3 28 262 29
3 89 70 88
3 86 89 88
3 70 83 293
3 88 70 293
3 83 0 2
3 293 83 2
3 89 86 296
3 85 89 296
3 205 291 296
3 309 205 296
3 65 205 309
3 310 65 309
3 65 310 311
3 147 65 311
3 147 311 320
3 150 147 320
3 310 309 438
3 437 310 438
3 296 86 440
3 439 296 440
3 438 309 296
3 439 438 296
3 204 312 308
3 297 204 308
3 304 144 138
3 281 304 138
3 315 316 303
3 139 315 303
3 281 138 317
3 314 281 317
3 316 143 137
3 301 316 137
3 139 281 314
3 313 139 314
3 437 436 311
3 310 437 311
3 304 281 139
3 303 304 139
3 144 304 136
3 135 144 136
3 316 301 299
3 303 316 299
3 136 304 303
3 299 136 303
3 302 300 365
3 363 302 365
3 300 11 12
3 157 300 12
3 10 11 300
3 302 10 300
3 206 297 66
3 68 206 66
3 203 206 68
3 67 203 68
3 69 67 68
3 1205 69 68
3 297 308 87
3 66 297 87
3 86 88 307
3 440 86 307
3 436 435 320
3 311 436 320
3 138 145 318
3 317 138 318
3 145 146 319
3 318 145 319
3 1143 40 41
3 1142 1143 41
3 41 40 1197
3 1198 41 1197
3 321 320 435
3 434 321 435
3 322 321 434
3 433 322 434
3 1142 41 42
3 1141 1142 42
3 88 293 323
3 307 88 323
3 2 3 323
3 293 2 323
3 316 315 298
3 143 316 298
3 139 313 292
3 315 139 292
3 203 294 202
3 206 203 202
3 206 202 204
3 297 206 204
3 204 202 325
3 292 204 325
3 298 325 202
3 294 298 202
3 204 292 313
3 312 204 313
3 292 325 298
3 315 292 298
3 42 41 1198
3 1199 42 1198
3 1188 51 50
3 1187 1188 50
3 1186 1187 50
3 54 1186 50
3 198 164 326
3 197 198 326
3 50 51 1152
3 1153 50 1152
3 1152 161 163
3 1153 1152 163
3 161 207 328
3 327 161 328
3 231 209 159
3 232 231 159
3 210 327 328
3 209 210 328
3 229 162 334
3 333 229 334
3 230 333 334
3 210 230 334
3 162 197 335
3 334 162 335
3 334 335 327
3 210 334 327
3 327 335 163
3 161 327 163
3 1155 53 54
3 1154 1155 54
3 54 50 1153
3 1154 54 1153
3 197 326 163
3 335 197 163
3 54 53 1185
3 1186 54 1185
3 112 196 193
3 191 112 193
3 113 114 196
3 112 113 196
3 344 35 34
3 257 344 34
3 258 259 268
3 267 258 268
3 258 32 31
3 259 258 31
3 258 346 33
3 32 258 33
3 257 34 33
3 346 257 33
3 346 258 267
3 345 346 267
3 280 336 284
3 285 280 284
3 336 280 116
3 194 336 116
3 194 195 337
3 336 194 337
3 195 193 338
3 337 195 338
3 114 341 340
3 196 114 340
3 196 340 338
3 193 196 338
3 336 337 283
3 284 336 283
3 337 338 339
3 283 337 339
3 338 340 282
3 339 338 282
3 340 341 342
3 282 340 342
3 285 284 268
3 269 285 268
3 260 269 268
3 259 260 268
3 284 283 267
3 268 284 267
3 267 283 339
3 345 267 339
3 346 345 266
3 257 346 266
3 339 282 266
3 345 339 266
3 257 266 343
3 344 257 343
3 282 342 343
3 266 282 343
3 169 171 1149
3 1150 169 1149
3 1149 168 170
3 1150 1149 170
3 1191 171 169
3 1190 1191 169
3 1146 426 48
3 1145 1146 48
3 44 43 1138
3 1139 44 1138
3 1192 357 171
3 1191 1192 171
3 1138 43 356
3 1137 1138 356
3 1149 171 357
3 1148 1149 357
3 158 361 364
3 157 158 364
3 302 363 362
3 156 302 362
3 157 364 365
3 300 157 365
3 362 372 129
3 156 362 129
3 71 125 128
3 374 71 128
3 125 126 127
3 128 125 127
3 372 128 127
3 129 372 127
3 156 129 8
3 9 156 8
3 126 6 7
3 127 126 7
3 129 127 7
3 8 129 7
3 1137 377 378
3 1138 1137 378
3 1139 1138 378
3 379 1139 378
3 1140 1139 379
3 380 1140 379
3 1141 1140 380
3 381 1141 380
3 1141 381 382
3 1142 1141 382
3 1143 1142 382
3 383 1143 382
3 1144 1143 383
3 384 1144 383
3 1145 1144 384
3 385 1145 384
3 1145 385 386
3 1146 1145 386
3 378 155 153
3 379 378 153
3 379 153 154
3 380 379 154
3 380 154 322
3 381 380 322
3 322 433 382
3 381 322 382
3 319 146 384
3 383 319 384
3 233 232 159
3 349 233 159
3 158 13 14
3 387 158 14
3 36 427 387
3 14 36 387
3 158 387 367
3 361 158 367
3 207 170 329
3 328 207 329
3 359 360 347
3 168 359 347
3 367 387 427
3 366 367 427
3 209 328 329
3 159 209 329
3 168 347 420
3 348 168 420
3 422 421 18
3 19 422 18
3 347 360 15
3 16 347 15
3 329 348 349
3 159 329 349
3 347 16 17
3 420 347 17
3 421 420 17
3 18 421 17
3 43 44 1201
3 1202 43 1201
3 1136 388 377
3 1137 1136 377
3 388 353 389
3 377 388 389
3 389 155 378
3 377 389 378
3 189 249 393
3 394 189 393
3 394 395 244
3 189 394 244
3 395 396 190
3 244 395 190
3 396 397 188
3 190 396 188
3 398 172 188
3 397 398 188
3 173 172 398
3 399 173 398
3 174 173 399
3 400 174 399
3 175 174 400
3 401 175 400
3 176 175 401
3 402 176 401
3 404 405 306
3 305 404 306
3 405 406 245
3 306 405 245
3 406 407 117
3 245 406 117
3 1211 117 407
3 1210 1211 407
3 118 1211 1210
3 408 118 1210
3 408 409 110
3 118 408 110
3 409 410 111
3 110 409 111
3 410 411 109
3 111 410 109
3 411 412 58
3 109 411 58
3 412 413 59
3 58 412 59
3 132 166 419
3 418 132 419
3 417 56 1133
3 1134 417 1133
3 356 43 1202
3 1203 356 1202
3 1204 416 356
3 1203 1204 356
3 1137 356 416
3 1136 1137 416
3 56 417 1182
3 1183 56 1182
3 48 426 1194
3 1195 48 1194
3 170 168 348
3 329 170 348
3 233 349 421
3 422 233 421
3 349 348 420
3 421 349 420
3 366 427 360
3 359 366 360
3 36 15 360
3 427 36 360
3 433 319 383
3 382 433 383
3 433 434 318
3 319 433 318
3 434 435 317
3 318 434 317
3 314 317 435
3 436 314 435
3 313 314 436
3 437 313 436
3 437 438 312
3 313 437 312
3 438 439 308
3 312 438 308
3 439 440 87
3 308 439 87
3 440 307 441
3 87 440 441
3 66 87 441
3 442 66 441
3 68 66 442
3 1205 68 442
3 386 385 134
3 49 386 134
3 146 134 385
3 384 146 385
3 320 321 151
3 150 320 151
3 154 151 321
3 322 154 321
3 147 150 149
3 148 147 149
3 148 149 179
3 180 148 179
3 179 403 402
3 180 179 402
3 412 176 177
3 413 412 177
3 402 403 177
3 176 402 177
3 154 153 152
3 151 154 152
3 150 151 447
3 149 150 447
3 153 155 354
3 152 153 354
3 179 448 449
3 403 179 449
3 149 447 448
3 179 149 448
3 447 451 452
3 448 447 452
3 152 451 447
3 151 152 447
3 354 455 451
3 152 354 451
3 418 419 355
3 415 418 355
3 388 415 355
3 353 388 355
3 46 417 1134
3 1135 46 1134
3 1136 416 46
3 1135 1136 46
3 46 416 1204
3 1181 46 1204
3 417 46 1181
3 1182 417 1181
3 358 1193 1194
3 426 358 1194
3 1192 1193 358
3 357 1192 358
3 1148 357 358
3 1147 1148 358
3 358 426 1146
3 1147 358 1146
3 1148 1147 432
3 359 1148 432
3 432 370 366
3 359 432 366
3 1146 386 432
3 1147 1146 432
3 371 370 49
3 160 371 49
3 386 49 370
3 432 386 370
3 160 135 368
3 371 160 368
3 370 371 367
3 366 370 367
3 369 368 135
3 136 369 135
3 367 371 368
3 361 367 368
3 368 369 364
3 361 368 364
3 446 369 136
3 299 446 136
3 299 301 445
3 446 299 445
3 364 369 446
3 365 364 446
3 301 137 444
3 445 301 444
3 365 446 445
3 363 365 445
3 137 141 373
3 444 137 373
3 445 444 362
3 363 445 362
3 142 82 141
3 140 142 141
3 373 141 82
3 374 373 82
3 444 373 372
3 362 444 372
3 128 372 373
3 374 128 373
3 201 200 234
3 166 201 234
3 355 375 178
3 353 355 178
3 178 390 389
3 353 178 389
3 389 390 354
3 155 389 354
3 458 459 178
3 375 458 178
3 390 456 455
3 354 390 455
3 459 463 390
3 178 459 390
3 463 469 456
3 390 463 456
3 234 235 419
3 166 234 419
3 474 475 235
3 234 474 235
3 419 235 375
3 355 419 375
3 375 235 475
3 458 375 475
3 200 227 474
3 234 200 474
3 469 470 457
3 456 469 457
3 403 449 450
3 177 403 450
3 177 450 414
3 413 177 414
3 414 450 479
3 478 414 479
3 452 453 449
3 448 452 449
3 449 453 479
3 450 449 479
3 456 457 454
3 455 456 454
3 455 454 452
3 451 455 452
3 479 481 480
3 478 479 480
3 457 476 483
3 454 457 483
3 470 460 476
3 457 470 476
3 480 481 484
3 482 480 484
3 479 453 483
3 481 479 483
3 481 483 476
3 484 481 476
3 452 454 483
3 453 452 483
3 482 484 476
3 460 482 476
3 67 69 79
3 80 67 79
3 80 81 82
3 142 80 82
3 374 82 81
3 71 374 81
3 71 81 443
3 72 71 443
3 80 79 443
3 81 80 443
3 3 4 324
3 323 3 324
3 37 428 124
3 5 37 124
3 124 485 38
3 5 124 38
3 38 485 324
3 4 38 324
3 428 429 75
3 124 428 75
3 323 324 76
3 307 323 76
3 324 485 486
3 76 324 486
3 124 75 486
3 485 124 486
3 429 430 73
3 75 429 73
3 307 76 77
3 441 307 77
3 76 486 487
3 77 76 487
3 75 73 487
3 486 75 487
3 430 431 74
3 73 430 74
3 441 77 78
3 442 441 78
3 77 487 488
3 78 77 488
3 73 74 488
3 487 73 488
3 474 236 473
3 475 474 473
3 236 214 466
3 473 236 466
3 39 467 945
3 946 39 945
3 167 948 949
3 213 167 949
3 222 223 217
3 216 222 217
3 228 229 223
3 222 228 223
3 330 950 951
3 212 330 951
3 230 224 332
3 333 230 332
3 213 949 950
3 330 213 950
3 223 332 331
3 217 223 331
3 218 331 332
3 224 218 332
3 229 333 332
3 223 229 332
3 232 233 350
3 226 232 350
3 226 350 351
3 220 226 351
3 953 954 352
3 131 953 352
3 413 414 60
3 59 413 60
3 422 423 350
3 233 422 350
3 352 954 955
3 425 352 955
3 19 1041 423
3 422 19 423
3 423 1041 1022
3 424 423 1022
3 350 423 424
3 351 350 424
3 20 425 955
3 956 20 955
3 391 461 482
3 460 391 482
3 928 905 462
3 927 928 462
3 928 927 935
3 936 928 935
3 480 482 461
3 61 480 461
3 926 927 462
3 392 926 462
3 968 945 467
3 57 968 467
3 945 968 1023
3 466 945 1023
3 473 472 458
3 475 473 458
3 472 471 459
3 458 472 459
3 931 295 208
3 930 931 208
3 463 464 465
3 469 463 465
3 931 930 938
3 939 931 938
3 471 464 463
3 459 471 463
3 922 918 917
3 998 922 917
3 998 917 916
3 997 998 916
3 915 996 997
3 916 915 997
3 39 946 947
3 130 39 947
3 227 221 236
3 474 227 236
3 167 130 947
3 948 167 947
3 216 215 221
3 222 216 221
3 221 215 214
3 236 221 214
3 228 222 221
3 227 228 221
3 211 952 953
3 131 211 953
3 232 226 225
3 231 232 225
3 951 952 211
3 212 951 211
3 224 225 219
3 218 224 219
3 220 219 225
3 226 220 225
3 230 231 225
3 224 230 225
3 923 919 918
3 922 923 918
3 922 988 989
3 923 922 989
3 924 920 919
3 923 924 919
3 929 930 208
3 904 929 208
3 465 468 470
3 469 465 470
3 928 929 904
3 905 928 904
3 928 936 937
3 929 928 937
3 930 929 937
3 938 930 937
3 460 470 468
3 391 460 468
3 914 995 996
3 915 914 996
3 925 926 392
3 921 925 392
3 480 61 477
3 478 480 477
3 924 925 921
3 920 924 921
3 924 932 933
3 925 924 933
3 926 925 933
3 934 926 933
3 414 478 477
3 60 414 477
3 967 376 295
3 931 967 295
3 968 57 376
3 967 968 376
3 1094 1093 1189
3 1188 1094 1189
3 1086 1196 1195
3 1087 1086 1195
3 1086 1085 1197
3 1196 1086 1197
3 1085 1108 1198
3 1197 1085 1198
3 1107 1199 1198
3 1108 1107 1198
3 1106 1200 1199
3 1107 1106 1199
3 1106 1105 1201
3 1200 1106 1201
3 1105 1104 1202
3 1201 1105 1202
3 1104 1103 1203
3 1202 1104 1203
3 1103 1102 1204
3 1203 1103 1204
3 1102 1101 1181
3 1204 1102 1181
3 1100 1182 1181
3 1101 1100 1181
3 1099 1183 1182
3 1100 1099 1182
3 1096 1186 1185
3 1097 1096 1185
3 490 1164 1165
3 497 490 1165
3 498 497 1165
3 1166 498 1165
3 494 1160 1161
3 495 494 1161
3 492 495 1161
3 1162 492 1161
3 503 1176 1177
3 505 503 1177
3 1179 847 506
3 1178 1179 506
3 506 505 1177
3 1178 506 1177
3 502 1172 1173
3 501 502 1173
3 1171 1172 502
3 618 1171 502
3 1125 502 501
3 1126 1125 501
3 1130 505 506
3 1131 1130 506
3 539 532 0
3 1 539 0
3 549 533 534
3 548 549 534
3 551 550 533
3 549 551 533
3 640 561 507
3 558 640 507
3 29 30 695
3 696 29 695
3 594 595 583
3 582 594 583
3 587 594 582
3 593 587 582
3 514 513 597
3 596 514 597
3 606 607 13
3 12 606 13
3 1124 618 502
3 1125 1124 502
3 839 622 621
3 838 839 621
3 840 623 622
3 839 840 622
3 841 624 623
3 840 841 623
3 625 624 841
3 842 625 841
3 630 629 597
3 513 630 597
3 630 831 832
3 629 630 832
3 631 630 513
3 512 631 513
3 631 830 831
3 630 631 831
3 632 829 830
3 631 632 830
3 511 632 631
3 512 511 631
3 633 828 829
3 632 633 829
3 634 827 828
3 633 634 828
3 694 695 30
3 31 694 30
3 1209 1207 567
3 838 1209 567
3 564 559 567
3 568 564 567
3 640 558 560
3 641 640 560
3 641 560 559
3 564 641 559
3 643 564 568
3 565 643 568
3 644 641 564
3 643 644 564
3 642 640 641
3 644 642 641
3 696 695 704
3 705 696 704
3 714 715 565
3 572 714 565
3 647 613 614
3 650 647 614
3 646 647 648
3 611 646 648
3 649 648 647
3 650 649 647
3 650 614 581
3 615 650 581
3 856 575 6
3 37 856 6
3 857 574 575
3 856 857 575
3 858 520 574
3 857 858 574
3 859 521 520
3 858 859 520
3 620 1170 1171
3 618 620 1171
3 634 633 550
3 551 634 550
3 726 533 550
3 511 726 550
3 511 550 633
3 632 511 633
3 654 512 513
3 514 654 513
3 662 663 648
3 649 662 648
3 664 611 648
3 663 664 648
3 657 658 665
3 666 657 665
3 671 22 23
3 542 671 23
3 672 544 546
3 673 672 546
3 674 673 546
3 554 674 546
3 675 674 554
3 555 675 554
3 676 675 555
3 552 676 555
3 677 676 552
3 636 677 552
3 825 677 636
3 824 825 636
3 1217 570 681
3 680 1217 681
3 712 681 570
3 711 712 570
3 707 723 724
3 708 707 724
3 698 707 708
3 699 698 708
3 698 699 26
3 27 698 26
3 699 700 25
3 26 699 25
3 699 708 709
3 700 699 709
3 708 724 725
3 709 708 725
3 570 682 710
3 711 570 710
3 688 687 555
3 554 688 555
3 689 688 554
3 546 689 554
3 544 690 689
3 546 544 689
3 542 23 24
3 691 542 24
3 724 711 710
3 725 724 710
3 723 712 711
3 724 723 711
3 721 720 715
3 714 721 715
3 507 561 562
3 508 507 562
3 652 591 529
3 516 652 529
3 1131 581 614
3 1130 1131 614
3 1129 1130 614
3 613 1129 614
3 1129 503 505
3 1130 1129 505
3 656 1125 1126
3 610 656 1126
3 619 1124 1125
3 656 619 1125
3 1118 497 498
3 1119 1118 498
3 815 1118 1119
3 816 815 1119
3 1117 490 497
3 1118 1117 497
3 814 1117 1118
3 815 814 1118
3 1114 495 492
3 1115 1114 492
3 811 1114 1115
3 812 811 1115
3 1113 494 495
3 1114 1113 495
3 810 1113 1114
3 811 810 1114
3 1112 493 494
3 1113 1112 494
3 733 592 589
3 729 733 589
3 590 589 592
3 586 590 592
3 10 9 605
3 737 10 605
3 609 584 593
3 582 609 593
3 499 609 582
3 583 499 582
3 726 511 512
3 654 726 512
3 731 534 533
3 726 731 533
3 547 538 519
3 540 547 519
3 729 589 591
3 652 729 591
3 540 519 532
3 539 540 532
3 542 544 672
3 671 542 672
3 691 690 544
3 542 691 544
3 1217 741 740
3 683 1217 740
3 679 741 1217
3 680 679 1217
3 836 678 638
3 835 836 638
3 638 684 834
3 835 638 834
3 685 823 824
3 636 685 824
3 686 685 636
3 552 686 636
3 687 686 552
3 555 687 552
3 541 21 22
3 671 541 22
3 541 539 1
3 21 541 1
3 543 541 671
3 672 543 671
3 543 540 539
3 541 543 539
3 545 543 672
3 673 545 672
3 545 547 540
3 543 545 540
3 557 545 673
3 674 557 673
3 534 538 547
3 548 534 547
3 547 545 557
3 548 547 557
3 556 557 674
3 675 556 674
3 549 548 557
3 556 549 557
3 553 556 675
3 676 553 675
3 551 549 556
3 553 551 556
3 634 551 553
3 635 634 553
3 635 553 676
3 677 635 676
3 826 635 677
3 825 826 677
3 827 634 635
3 826 827 635
3 837 639 678
3 836 837 678
3 1209 838 621
3 637 1209 621
3 1209 637 639
3 837 1209 639
3 569 566 679
3 680 569 679
3 837 566 1207
3 1209 837 1207
3 571 569 680
3 681 571 680
3 713 571 681
3 712 713 681
3 714 572 571
3 713 714 571
3 722 713 712
3 723 722 712
3 721 714 713
3 722 721 713
3 704 720 721
3 705 704 721
3 706 722 723
3 707 706 723
3 705 721 722
3 706 705 722
3 697 706 707
3 698 697 707
3 697 696 705
3 706 697 705
3 28 697 698
3 27 28 698
3 29 696 697
3 28 29 697
3 537 519 538
3 535 537 538
3 728 532 519
3 537 728 519
3 2 0 532
3 728 2 532
3 731 535 538
3 534 731 538
3 731 726 654
3 744 731 654
3 744 654 514
3 745 744 514
3 746 745 514
3 596 746 514
3 755 746 596
3 599 755 596
3 866 744 745
3 865 866 745
3 868 535 731
3 867 868 731
3 731 744 866
3 867 731 866
3 743 747 653
3 732 743 653
3 587 593 739
3 716 587 739
3 738 751 750
3 588 738 750
3 752 587 716
3 749 752 716
3 586 592 751
3 736 586 751
3 749 716 588
3 748 749 588
3 746 864 865
3 745 746 865
3 588 716 739
3 738 588 739
3 585 739 593
3 584 585 593
3 734 736 751
3 738 734 751
3 738 739 585
3 734 738 585
3 796 735 737
3 794 796 737
3 12 11 735
3 606 12 735
3 735 11 10
3 737 735 10
3 515 732 655
3 517 515 655
3 517 655 652
3 516 517 652
3 536 743 732
3 515 536 732
3 742 537 535
3 868 742 535
3 755 863 864
3 746 755 864
3 753 594 587
3 752 753 587
3 754 595 594
3 753 754 594
3 813 1116 1117
3 814 813 1117
3 1163 1164 490
3 491 1163 490
3 863 755 756
3 862 863 756
3 862 756 757
3 861 862 757
3 813 812 1115
3 1116 813 1115
3 1162 1163 491
3 492 1162 491
3 758 728 537
3 742 758 537
3 758 3 2
3 728 758 2
3 733 750 751
3 592 733 751
3 727 748 588
3 750 727 588
3 651 729 652
3 655 651 652
3 653 651 655
3 732 653 655
3 760 651 653
3 727 760 653
3 651 760 733
3 729 651 733
3 748 727 653
3 747 748 653
3 733 760 727
3 750 733 727
3 500 1174 1175
3 504 500 1175
3 500 501 1173
3 1174 500 1173
3 1128 1129 613
3 761 1128 613
3 761 613 647
3 646 761 647
3 1127 500 504
3 1128 1127 504
3 1127 1126 501
3 500 1127 501
3 612 610 1126
3 1127 612 1126
3 763 656 610
3 762 763 610
3 608 657 666
3 667 608 666
3 763 762 658
3 657 763 658
3 767 611 664
3 766 767 664
3 767 766 665
3 658 767 665
3 768 646 611
3 767 768 611
3 762 768 767
3 658 762 767
3 612 768 762
3 610 612 762
3 1128 761 612
3 1127 1128 612
3 612 761 646
3 768 612 646
3 1175 1176 503
3 504 1175 503
3 642 645 561
3 640 642 561
3 645 563 562
3 561 645 562
3 34 35 777
3 692 34 777
3 703 694 693
3 702 703 693
3 31 32 693
3 694 31 693
3 33 779 693
3 32 33 693
3 33 34 692
3 779 33 692
3 702 693 779
3 778 702 779
3 719 769 715
3 720 719 715
3 565 715 769
3 643 565 769
3 770 644 643
3 769 770 643
3 771 642 644
3 770 771 644
3 773 774 563
3 645 773 563
3 771 773 645
3 642 771 645
3 718 770 769
3 719 718 769
3 772 771 770
3 718 772 770
3 717 773 771
3 772 717 771
3 775 774 773
3 717 775 773
3 703 719 720
3 704 703 720
3 703 704 695
3 694 703 695
3 702 718 719
3 703 702 719
3 772 718 702
3 778 772 702
3 701 778 779
3 692 701 779
3 701 717 772
3 778 701 772
3 776 701 692
3 777 776 692
3 776 775 717
3 701 776 717
3 1123 620 618
3 1124 1123 618
3 617 1123 1124
3 619 617 1124
3 1167 854 498
3 1166 1167 498
3 817 816 1119
3 1120 817 1119
3 809 1112 1113
3 810 809 1113
3 1159 1160 494
3 493 1159 494
3 788 1169 1170
3 620 788 1170
3 1122 1123 617
3 790 1122 617
3 808 1111 1112
3 809 808 1112
3 1132 1131 506
3 847 1132 506
3 1159 493 787
3 1158 1159 787
3 795 792 607
3 606 795 607
3 793 794 737
3 605 793 737
3 796 795 606
3 735 796 606
3 578 803 793
3 605 578 793
3 577 574 520
3 805 577 520
3 576 575 574
3 577 576 574
3 576 577 803
3 578 576 803
3 8 578 605
3 9 8 605
3 7 6 575
3 576 7 575
3 7 576 578
3 8 7 578
3 602 604 809
3 810 602 809
3 603 602 810
3 811 603 810
3 757 603 811
3 812 757 811
3 813 861 757
3 812 813 757
3 815 595 754
3 814 815 754
3 608 667 668
3 782 608 668
3 14 13 607
3 818 14 607
3 818 855 36
3 14 818 36
3 798 818 607
3 792 798 607
3 764 619 656
3 763 764 656
3 780 791 790
3 617 780 790
3 855 818 798
3 797 855 798
3 764 763 657
3 608 764 657
3 850 780 617
3 781 850 617
3 18 851 852
3 19 18 852
3 15 791 780
3 16 15 780
3 782 781 764
3 608 782 764
3 17 16 780
3 850 17 780
3 17 850 851
3 18 17 851
3 819 1110 1111
3 808 819 1111
3 820 784 819
3 808 820 819
3 809 604 820
3 808 809 820
3 823 684 638
3 824 823 638
3 678 825 824
3 638 678 824
3 639 826 825
3 678 639 825
3 637 827 826
3 639 637 826
3 637 621 828
3 827 637 828
3 828 621 622
3 829 828 622
3 829 622 623
3 830 829 623
3 830 623 624
3 831 830 624
3 831 624 625
3 832 831 625
3 741 835 834
3 740 741 834
3 679 836 835
3 741 679 835
3 566 837 836
3 679 566 836
3 559 839 838
3 567 559 838
3 560 840 839
3 559 560 839
3 558 841 840
3 560 558 840
3 507 842 841
3 558 507 841
3 508 843 842
3 507 508 842
3 849 615 581
3 848 849 581
3 1132 848 581
3 1131 1132 581
3 846 1157 1158
3 787 846 1158
3 781 617 619
3 764 781 619
3 851 782 668
3 852 851 668
3 850 781 782
3 851 850 782
3 791 855 797
3 790 791 797
3 791 15 36
3 855 791 36
3 814 754 861
3 813 814 861
3 753 862 861
3 754 753 861
3 752 863 862
3 753 752 862
3 863 752 749
3 864 863 749
3 864 749 748
3 865 864 748
3 747 866 865
3 748 747 865
3 743 867 866
3 747 743 866
3 536 868 867
3 743 536 867
3 869 742 868
3 536 869 868
3 869 536 515
3 870 869 515
3 583 816 817
3 499 583 817
3 816 583 595
3 815 816 595
3 600 756 755
3 599 600 755
3 756 600 603
3 757 756 603
3 598 599 596
3 597 598 596
3 628 598 597
3 629 628 597
3 832 833 628
3 629 832 628
3 626 625 842
3 843 626 842
3 626 833 832
3 625 626 832
3 601 602 603
3 600 601 603
3 875 600 599
3 598 875 599
3 785 604 602
3 601 785 602
3 877 876 628
3 833 877 628
3 876 875 598
3 628 876 598
3 880 879 875
3 876 880 875
3 875 879 601
3 600 875 601
3 879 883 785
3 601 879 785
3 786 849 848
3 845 786 848
3 1109 845 848
3 1132 1109 848
3 786 845 819
3 784 786 819
3 1109 1110 819
3 845 1109 819
3 1109 1132 847
3 496 1109 847
3 1180 1157 846
3 496 1180 846
3 1180 496 847
3 1179 1180 847
3 789 1168 1169
3 788 789 1169
3 1167 1168 789
3 854 1167 789
3 1121 1120 854
3 789 1121 854
3 860 1121 1122
3 790 860 1122
3 860 817 1120
3 1121 860 1120
3 797 801 860
3 790 797 860
3 499 801 802
3 609 499 802
3 801 499 817
3 860 801 817
3 799 584 609
3 802 799 609
3 798 802 801
3 797 798 801
3 584 799 800
3 585 584 800
3 799 802 798
3 792 799 798
3 795 800 799
3 792 795 799
3 585 800 874
3 734 585 874
3 873 736 734
3 874 873 734
3 874 800 795
3 796 874 795
3 872 586 736
3 873 872 736
3 873 874 796
3 794 873 796
3 804 590 586
3 872 804 586
3 793 872 873
3 794 793 873
3 590 531 591
3 589 590 591
3 531 590 804
3 805 531 804
3 803 804 872
3 793 803 872
3 804 803 577
3 805 804 577
3 669 649 650
3 615 669 650
3 627 806 786
3 784 627 786
3 820 821 627
3 784 820 627
3 785 821 820
3 604 785 820
3 627 1045 1046
3 806 627 1046
3 883 884 821
3 785 883 821
3 821 1044 1045
3 627 821 1045
3 884 1043 1044
3 821 884 1044
3 849 670 669
3 615 849 669
3 670 890 889
3 669 670 889
3 806 670 849
3 786 806 849
3 670 806 1046
3 890 670 1046
3 889 662 649
3 669 889 649
3 885 1042 1043
3 884 885 1043
3 878 877 833
3 626 878 833
3 844 878 626
3 843 844 626
3 894 878 844
3 893 894 844
3 877 881 880
3 876 877 880
3 894 881 877
3 878 894 877
3 882 885 884
3 883 882 884
3 880 882 883
3 879 880 883
3 895 896 894
3 893 895 894
3 898 891 885
3 882 898 885
3 891 886 1042
3 885 891 1042
3 899 896 895
3 897 899 895
3 898 881 894
3 896 898 894
3 891 898 896
3 899 891 896
3 898 882 880
3 881 898 880
3 891 899 897
3 886 891 897
3 528 518 516
3 529 528 516
3 531 530 529
3 591 531 529
3 530 531 805
3 520 530 805
3 871 530 520
3 521 871 520
3 871 528 529
3 530 871 529
3 759 4 3
3 758 759 3
3 573 856 37
3 5 573 37
3 38 900 573
3 5 38 573
3 759 900 38
3 4 759 38
3 524 857 856
3 573 524 856
3 525 759 758
3 742 525 758
3 901 900 759
3 525 901 759
3 901 524 573
3 900 901 573
3 522 858 857
3 524 522 857
3 526 525 742
3 869 526 742
3 902 901 525
3 526 902 525
3 902 522 524
3 901 902 524
3 523 859 858
3 522 523 858
3 527 526 869
3 870 527 869
3 903 902 526
3 527 903 526
3 903 523 522
3 902 903 522
3 890 1030 1031
3 889 890 1031
3 943 888 489
3 942 943 489
3 963 964 616
3 661 963 616
3 1033 1014 1015
3 1034 1033 1015
3 1034 664 663
3 1033 1034 663
3 961 962 765
3 660 961 765
3 766 1035 1036
3 665 766 1036
3 962 963 661
3 765 962 661
3 1035 1034 1015
3 1016 1035 1015
3 1035 766 664
3 1034 1035 664
3 1039 668 667
3 1038 1039 667
3 783 958 959
3 580 783 959
3 509 844 843
3 508 509 843
3 668 1039 1040
3 852 668 1040
3 957 958 783
3 853 957 783
3 852 1040 1041
3 19 852 1041
3 957 853 20
3 956 957 20
3 897 887 1024
3 886 897 1024
3 887 1057 1058
3 1024 887 1058
3 887 897 895
3 510 887 895
3 1029 1010 1011
3 1030 1029 1011
3 1028 1009 1010
3 1029 1028 1010
3 1028 1027 1008
3 1009 1028 1008
3 971 1051 1052
3 970 971 1052
3 973 982 1050
3 972 973 1050
3 941 942 489
3 579 941 489
3 889 1031 1032
3 662 889 1032
3 941 579 616
3 964 941 616
3 1033 1032 1013
3 1014 1033 1013
3 662 1032 1033
3 663 662 1033
3 959 960 659
3 580 959 659
3 666 1037 1038
3 667 666 1038
3 659 960 961
3 660 659 961
3 1037 1036 1017
3 1018 1037 1017
3 1037 666 665
3 1036 1037 665
3 969 970 1052
3 1053 969 1052
3 1025 1024 1058
3 1059 1025 1058
3 983 982 973
3 974 983 973
3 994 993 982
3 983 994 982
3 510 892 1055
3 1056 510 1055
3 892 510 895
3 893 892 895
3 1055 892 509
3 1054 1055 509
3 892 893 844
3 509 892 844
3 822 1005 1006
3 906 822 1006
3 1007 907 906
3 1006 1007 906
3 990 908 907
3 1007 990 907
3 991 909 908
3 990 991 908
3 992 910 909
3 991 992 909
3 992 944 911
3 910 992 911
3 911 944 993
3 912 911 993
3 912 993 994
3 913 912 994
3 1000 730 807
3 999 1000 807
3 989 932 924
3 923 989 924
3 935 927 926
3 934 935 926
3 972 1050 1051
3 971 972 1051
3 510 1056 1057
3 887 510 1057
3 60 477 933
3 932 60 933
3 61 934 933
3 477 61 933
3 934 61 461
3 935 934 461
3 935 461 391
3 936 935 391
3 391 468 937
3 936 391 937
3 465 938 937
3 468 465 937
3 464 939 938
3 465 464 938
3 471 940 939
3 464 471 939
3 1013 1012 942
3 941 1013 942
3 214 946 945
3 466 214 945
3 946 214 215
3 947 946 215
3 216 948 947
3 215 216 947
3 948 216 217
3 949 948 217
3 949 217 331
3 950 949 331
3 950 331 218
3 951 950 218
3 218 219 952
3 951 218 952
3 952 219 220
3 953 952 220
3 220 351 954
3 953 220 954
3 954 351 424
3 955 954 424
3 424 1022 956
3 955 424 956
3 1021 1020 958
3 957 1021 958
3 1018 960 959
3 1019 1018 959
3 1018 1017 961
3 960 1018 961
3 1016 962 961
3 1017 1016 961
3 1016 1015 963
3 962 1016 963
3 1014 964 963
3 1015 1014 963
3 1013 941 964
3 1014 1013 964
3 1010 965 943
3 1011 1010 943
3 965 966 888
3 943 965 888
3 999 807 966
3 965 999 966
3 939 940 967
3 931 939 967
3 1023 968 967
3 940 1023 967
3 969 509 508
3 562 969 508
3 563 970 969
3 562 563 969
3 774 971 970
3 563 774 970
3 775 972 971
3 774 775 971
3 776 973 972
3 775 776 972
3 777 974 973
3 776 777 973
3 35 975 974
3 777 35 974
3 344 976 975
3 35 344 975
3 343 977 976
3 344 343 976
3 342 978 977
3 343 342 977
3 341 979 978
3 342 341 978
3 114 980 979
3 341 114 979
3 113 981 980
3 114 113 980
3 59 60 981
3 113 59 981
3 977 985 984
3 976 977 984
3 978 986 985
3 977 978 985
3 979 987 986
3 978 979 986
3 979 980 988
3 987 979 988
3 980 981 989
3 988 980 989
3 60 932 989
3 981 60 989
3 985 996 995
3 984 985 995
3 986 997 996
3 985 986 996
3 987 998 997
3 986 987 997
3 988 922 998
3 987 988 998
3 1009 999 965
3 1010 1009 965
3 1008 1000 999
3 1009 1008 999
3 509 969 1053
3 1054 509 1053
3 942 1012 1011
3 943 942 1011
3 958 1020 1019
3 959 958 1019
3 956 1022 1021
3 957 956 1021
3 472 1023 940
3 471 472 940
3 472 473 466
3 1023 472 466
3 1059 1060 1026
3 1025 1059 1026
3 1060 1008 1027
3 1026 1060 1027
3 1012 1031 1030
3 1011 1012 1030
3 1013 1032 1031
3 1012 1013 1031
3 1017 1036 1035
3 1016 1017 1035
3 1018 1019 1038
3 1037 1018 1038
3 1020 1039 1038
3 1019 1020 1038
3 1021 1040 1039
3 1020 1021 1039
3 1022 1041 1040
3 1021 1022 1040
3 1024 1025 1042
3 886 1024 1042
3 1025 1026 1043
3 1042 1025 1043
3 1026 1027 1044
3 1043 1026 1044
3 1027 1028 1045
3 1044 1027 1045
3 1029 1046 1045
3 1028 1029 1045
3 1030 890 1046
3 1029 1030 1046
3 1048 1047 913
3 994 1048 913
3 995 914 1047
3 1048 995 1047
3 1049 1048 994
3 983 1049 994
3 984 995 1048
3 1049 984 1048
3 975 1049 983
3 974 975 983
3 976 984 1049
3 975 976 1049
3 993 944 1050
3 982 993 1050
3 944 992 1051
3 1050 944 1051
3 991 1052 1051
3 992 991 1051
3 990 1053 1052
3 991 990 1052
3 1053 990 1007
3 1054 1053 1007
3 1006 1055 1054
3 1007 1006 1054
3 1006 1005 1056
3 1055 1006 1056
3 1004 1057 1056
3 1005 1004 1056
3 1003 1058 1057
3 1004 1003 1057
3 1002 1059 1058
3 1003 1002 1058
3 1002 1001 1060
3 1059 1002 1060
3 1001 1000 1008
3 1060 1001 1008
3 1164 1163 1062
3 1061 1164 1062
3 1163 1162 1063
3 1062 1163 1063
3 1162 1161 1064
3 1063 1162 1064
3 1161 1160 1065
3 1064 1161 1065
3 1160 1159 1066
3 1065 1160 1066
3 1159 1158 1067
3 1066 1159 1067
3 1157 1068 1067
3 1158 1157 1067
3 1180 1069 1068
3 1157 1180 1068
3 1180 1179 1070
3 1069 1180 1070
3 1179 1178 1071
3 1070 1179 1071
3 1178 1177 1072
3 1071 1178 1072
3 1176 1073 1072
3 1177 1176 1072
3 1176 1175 1074
3 1073 1176 1074
3 1174 1075 1074
3 1175 1174 1074
3 1174 1173 1076
3 1075 1174 1076
3 1173 1172 1077
3 1076 1173 1077
3 1171 1078 1077
3 1172 1171 1077
3 1170 1079 1078
3 1171 1170 1078
3 1169 1080 1079
3 1170 1169 1079
3 1168 1081 1080
3 1169 1168 1080
3 1168 1167 1082
3 1081 1168 1082
3 1167 1166 1083
3 1082 1167 1083
3 1166 1165 1084
3 1083 1166 1084
3 1165 1164 1061
3 1084 1165 1061
3 496 846 1110
3 1109 496 1110
3 846 787 1111
3 1110 846 1111
3 787 493 1112
3 1111 787 1112
3 492 491 1116
3 1115 492 1116
3 491 490 1117
3 1116 491 1117
3 854 1120 1119
3 498 854 1119
3 789 788 1122
3 1121 789 1122
3 788 620 1123
3 1122 788 1123
3 504 503 1129
3 1128 504 1129
3 132 418 1134
3 1133 132 1134
3 418 415 1135
3 1134 418 1135
3 415 388 1136
3 1135 415 1136
3 359 168 1149
3 1148 359 1149
3 163 326 1154
3 1153 163 1154
3 326 164 1155
3 1154 326 1155
3 164 165 1156
3 1155 164 1156
3 165 132 1133
3 1156 165 1133
3 1098 1184 1183
3 1099 1098 1183
3 1098 1097 1185
3 1184 1098 1185
3 1096 1095 1187
3 1186 1096 1187
3 1094 1188 1187
3 1095 1094 1187
3 1093 1092 1190
3 1189 1093 1190
3 1092 1091 1191
3 1190 1092 1191
3 1091 1090 1192
3 1191 1091 1192
3 1090 1089 1193
3 1192 1090 1193
3 1088 1194 1193
3 1089 1088 1193
3 1087 1195 1194
3 1088 1087 1194
3 870 515 517
3 1206 870 517
3 517 516 518
3 1206 517 518
3 79 488 74
3 443 79 74
3 859 523 871
3 521 859 871
3 72 443 74
3 431 72 74
3 442 78 69
3 1205 442 69
3 78 488 79
3 69 78 79
3 527 518 528
3 903 527 528
3 523 903 528
3 871 523 528
3 1206 518 527
3 870 1206 527
3 569 1208 1207
3 566 569 1207
3 1208 568 567
3 1207 1208 567
3 572 1208 569
3 571 572 569
3 572 565 568
3 1208 572 568
3 190 188 1210
3 407 190 1210
3 172 408 1210
3 188 172 1210
3 1211 1212 120
3 117 1211 120
3 118 119 1212
3 1211 118 1212
3 730 1000 1001
3 1213 730 1001
3 1213 1001 1002
3 1214 1213 1002
3 1003 1215 1214
3 1002 1003 1214
3 1215 1003 1004
3 1216 1215 1004
3 1216 1004 1005
3 822 1216 1005
3 682 570 1217
3 683 682 1217
3 245 117 120
3 1219 245 120
3 1219 120 122
3 246 1219 122
